Added Component: Designator=C11(CAP 0805_2012)
Add component (AddParameter): Name = "Applications"; Value = "General Purpose"; VariantName = "[No Variations]"
Add component (AddParameter): Name = "Capacitance"; Value = "1µF"; VariantName = "[No Variations]"
Add component (AddParameter): Name = "componentlink1description"; Value = "Datasheet"; VariantName = "[No Variations]"
Add component (AddParameter): Name = "componentlink1url"; Value = "http://datasheets.avx.com/X7RDielectric.pdf"; VariantName = "[No Variations]"
Add component (AddParameter): Name = "componentlink2description"; Value = "DigiKey Link"; VariantName = "[No Variations]"
Add component (AddParameter): Name = "componentlink2url"; Value = "http://digikey.com/product-detail/en/avx-corporation/0805ZC105KAT4A/478-7604-1-ND/7536237"; VariantName = "[No Variations]"
Add component (AddParameter): Name = "Device Package"; Value = "0805 (2012 Metric)"; VariantName = "[No Variations]"
Add component (AddParameter): Name = "lastupdated"; Value = "02-09-2020 1.04.40 AM"; VariantName = "[No Variations]"
Add component (AddParameter): Name = "Lifecycle Status"; Value = "Active"; VariantName = "[No Variations]"
Add component (AddParameter): Name = "manufacturer"; Value = "AVX Corporation"; VariantName = "[No Variations]"
Add component (AddParameter): Name = "Minimum Order"; Value = "1"; VariantName = "[No Variations]"
Add component (AddParameter): Name = "Mounting Type"; Value = "Surface Mount, MLCC"; VariantName = "[No Variations]"
Add component (AddParameter): Name = "Operating Temperature"; Value = "-55°C ~ 125°C"; VariantName = "[No Variations]"
Add component (AddParameter): Name = "Package / Case"; Value = "0805 (2012 Metric)"; VariantName = "[No Variations]"
Add component (AddParameter): Name = "packaging"; Value = "TapeAndReel"; VariantName = "[No Variations]"
Add component (AddParameter): Name = "Part Number"; Value = "0805ZC105KAT4A"; VariantName = "[No Variations]"
Add component (AddParameter): Name = "Part Status"; Value = "Active"; VariantName = "[No Variations]"
Add component (AddParameter): Name = "partid"; Value = "3500"; VariantName = "[No Variations]"
Add component (AddParameter): Name = "price"; Value = "0.17"; VariantName = "[No Variations]"
Add component (AddParameter): Name = "series"; Value = "-"; VariantName = "[No Variations]"
Add component (AddParameter): Name = "Size / Dimension"; Value = "0.079" L x 0.049" W (2.00mm x 1.25mm)"; VariantName = "[No Variations]"
Add component (AddParameter): Name = "Supplier 1"; Value = "DigiKey"; VariantName = "[No Variations]"
Add component (AddParameter): Name = "Supplier Part Number 1"; Value = "478-7604-1-ND"; VariantName = "[No Variations]"
Add component (AddParameter): Name = "Temperature Coefficient"; Value = "X7R"; VariantName = "[No Variations]"
Add component (AddParameter): Name = "Thickness (Max)"; Value = "0.037" (0.94mm)"; VariantName = "[No Variations]"
Add component (AddParameter): Name = "Tolerance"; Value = "±10%"; VariantName = "[No Variations]"
Add component (AddParameter): Name = "value"; Value = "1µF"; VariantName = "[No Variations]"
Add component (AddParameter): Name = "Voltage - Rated"; Value = "10V"; VariantName = "[No Variations]"
Added Component: Designator=C12(CAP 0805_2012)
Add component (AddParameter): Name = "Applications"; Value = "General Purpose"; VariantName = "[No Variations]"
Add component (AddParameter): Name = "Capacitance"; Value = "1µF"; VariantName = "[No Variations]"
Add component (AddParameter): Name = "componentlink1description"; Value = "Datasheet"; VariantName = "[No Variations]"
Add component (AddParameter): Name = "componentlink1url"; Value = "http://datasheets.avx.com/X7RDielectric.pdf"; VariantName = "[No Variations]"
Add component (AddParameter): Name = "componentlink2description"; Value = "DigiKey Link"; VariantName = "[No Variations]"
Add component (AddParameter): Name = "componentlink2url"; Value = "http://digikey.com/product-detail/en/avx-corporation/0805ZC105KAT4A/478-7604-1-ND/7536237"; VariantName = "[No Variations]"
Add component (AddParameter): Name = "Device Package"; Value = "0805 (2012 Metric)"; VariantName = "[No Variations]"
Add component (AddParameter): Name = "lastupdated"; Value = "02-09-2020 1.04.40 AM"; VariantName = "[No Variations]"
Add component (AddParameter): Name = "Lifecycle Status"; Value = "Active"; VariantName = "[No Variations]"
Add component (AddParameter): Name = "manufacturer"; Value = "AVX Corporation"; VariantName = "[No Variations]"
Add component (AddParameter): Name = "Minimum Order"; Value = "1"; VariantName = "[No Variations]"
Add component (AddParameter): Name = "Mounting Type"; Value = "Surface Mount, MLCC"; VariantName = "[No Variations]"
Add component (AddParameter): Name = "Operating Temperature"; Value = "-55°C ~ 125°C"; VariantName = "[No Variations]"
Add component (AddParameter): Name = "Package / Case"; Value = "0805 (2012 Metric)"; VariantName = "[No Variations]"
Add component (AddParameter): Name = "packaging"; Value = "TapeAndReel"; VariantName = "[No Variations]"
Add component (AddParameter): Name = "Part Number"; Value = "0805ZC105KAT4A"; VariantName = "[No Variations]"
Add component (AddParameter): Name = "Part Status"; Value = "Active"; VariantName = "[No Variations]"
Add component (AddParameter): Name = "partid"; Value = "3500"; VariantName = "[No Variations]"
Add component (AddParameter): Name = "price"; Value = "0.17"; VariantName = "[No Variations]"
Add component (AddParameter): Name = "series"; Value = "-"; VariantName = "[No Variations]"
Add component (AddParameter): Name = "Size / Dimension"; Value = "0.079" L x 0.049" W (2.00mm x 1.25mm)"; VariantName = "[No Variations]"
Add component (AddParameter): Name = "Supplier 1"; Value = "DigiKey"; VariantName = "[No Variations]"
Add component (AddParameter): Name = "Supplier Part Number 1"; Value = "478-7604-1-ND"; VariantName = "[No Variations]"
Add component (AddParameter): Name = "Temperature Coefficient"; Value = "X7R"; VariantName = "[No Variations]"
Add component (AddParameter): Name = "Thickness (Max)"; Value = "0.037" (0.94mm)"; VariantName = "[No Variations]"
Add component (AddParameter): Name = "Tolerance"; Value = "±10%"; VariantName = "[No Variations]"
Add component (AddParameter): Name = "value"; Value = "1µF"; VariantName = "[No Variations]"
Add component (AddParameter): Name = "Voltage - Rated"; Value = "10V"; VariantName = "[No Variations]"
Added Component: Designator=C13(CAP 0805_2012)
Add component (AddParameter): Name = "Applications"; Value = "General Purpose"; VariantName = "[No Variations]"
Add component (AddParameter): Name = "Capacitance"; Value = "1µF"; VariantName = "[No Variations]"
Add component (AddParameter): Name = "componentlink1description"; Value = "Datasheet"; VariantName = "[No Variations]"
Add component (AddParameter): Name = "componentlink1url"; Value = "http://datasheets.avx.com/X7RDielectric.pdf"; VariantName = "[No Variations]"
Add component (AddParameter): Name = "componentlink2description"; Value = "DigiKey Link"; VariantName = "[No Variations]"
Add component (AddParameter): Name = "componentlink2url"; Value = "http://digikey.com/product-detail/en/avx-corporation/0805ZC105KAT4A/478-7604-1-ND/7536237"; VariantName = "[No Variations]"
Add component (AddParameter): Name = "Device Package"; Value = "0805 (2012 Metric)"; VariantName = "[No Variations]"
Add component (AddParameter): Name = "lastupdated"; Value = "02-09-2020 1.04.40 AM"; VariantName = "[No Variations]"
Add component (AddParameter): Name = "Lifecycle Status"; Value = "Active"; VariantName = "[No Variations]"
Add component (AddParameter): Name = "manufacturer"; Value = "AVX Corporation"; VariantName = "[No Variations]"
Add component (AddParameter): Name = "Minimum Order"; Value = "1"; VariantName = "[No Variations]"
Add component (AddParameter): Name = "Mounting Type"; Value = "Surface Mount, MLCC"; VariantName = "[No Variations]"
Add component (AddParameter): Name = "Operating Temperature"; Value = "-55°C ~ 125°C"; VariantName = "[No Variations]"
Add component (AddParameter): Name = "Package / Case"; Value = "0805 (2012 Metric)"; VariantName = "[No Variations]"
Add component (AddParameter): Name = "packaging"; Value = "TapeAndReel"; VariantName = "[No Variations]"
Add component (AddParameter): Name = "Part Number"; Value = "0805ZC105KAT4A"; VariantName = "[No Variations]"
Add component (AddParameter): Name = "Part Status"; Value = "Active"; VariantName = "[No Variations]"
Add component (AddParameter): Name = "partid"; Value = "3500"; VariantName = "[No Variations]"
Add component (AddParameter): Name = "price"; Value = "0.17"; VariantName = "[No Variations]"
Add component (AddParameter): Name = "series"; Value = "-"; VariantName = "[No Variations]"
Add component (AddParameter): Name = "Size / Dimension"; Value = "0.079" L x 0.049" W (2.00mm x 1.25mm)"; VariantName = "[No Variations]"
Add component (AddParameter): Name = "Supplier 1"; Value = "DigiKey"; VariantName = "[No Variations]"
Add component (AddParameter): Name = "Supplier Part Number 1"; Value = "478-7604-1-ND"; VariantName = "[No Variations]"
Add component (AddParameter): Name = "Temperature Coefficient"; Value = "X7R"; VariantName = "[No Variations]"
Add component (AddParameter): Name = "Thickness (Max)"; Value = "0.037" (0.94mm)"; VariantName = "[No Variations]"
Add component (AddParameter): Name = "Tolerance"; Value = "±10%"; VariantName = "[No Variations]"
Add component (AddParameter): Name = "value"; Value = "1µF"; VariantName = "[No Variations]"
Add component (AddParameter): Name = "Voltage - Rated"; Value = "10V"; VariantName = "[No Variations]"
Added Component: Designator=C14(CAP 0805_2012)
Add component (AddParameter): Name = "Applications"; Value = "General Purpose"; VariantName = "[No Variations]"
Add component (AddParameter): Name = "Capacitance"; Value = "1µF"; VariantName = "[No Variations]"
Add component (AddParameter): Name = "componentlink1description"; Value = "Datasheet"; VariantName = "[No Variations]"
Add component (AddParameter): Name = "componentlink1url"; Value = "http://datasheets.avx.com/X7RDielectric.pdf"; VariantName = "[No Variations]"
Add component (AddParameter): Name = "componentlink2description"; Value = "DigiKey Link"; VariantName = "[No Variations]"
Add component (AddParameter): Name = "componentlink2url"; Value = "http://digikey.com/product-detail/en/avx-corporation/0805ZC105KAT4A/478-7604-1-ND/7536237"; VariantName = "[No Variations]"
Add component (AddParameter): Name = "Device Package"; Value = "0805 (2012 Metric)"; VariantName = "[No Variations]"
Add component (AddParameter): Name = "lastupdated"; Value = "02-09-2020 1.04.40 AM"; VariantName = "[No Variations]"
Add component (AddParameter): Name = "Lifecycle Status"; Value = "Active"; VariantName = "[No Variations]"
Add component (AddParameter): Name = "manufacturer"; Value = "AVX Corporation"; VariantName = "[No Variations]"
Add component (AddParameter): Name = "Minimum Order"; Value = "1"; VariantName = "[No Variations]"
Add component (AddParameter): Name = "Mounting Type"; Value = "Surface Mount, MLCC"; VariantName = "[No Variations]"
Add component (AddParameter): Name = "Operating Temperature"; Value = "-55°C ~ 125°C"; VariantName = "[No Variations]"
Add component (AddParameter): Name = "Package / Case"; Value = "0805 (2012 Metric)"; VariantName = "[No Variations]"
Add component (AddParameter): Name = "packaging"; Value = "TapeAndReel"; VariantName = "[No Variations]"
Add component (AddParameter): Name = "Part Number"; Value = "0805ZC105KAT4A"; VariantName = "[No Variations]"
Add component (AddParameter): Name = "Part Status"; Value = "Active"; VariantName = "[No Variations]"
Add component (AddParameter): Name = "partid"; Value = "3500"; VariantName = "[No Variations]"
Add component (AddParameter): Name = "price"; Value = "0.17"; VariantName = "[No Variations]"
Add component (AddParameter): Name = "series"; Value = "-"; VariantName = "[No Variations]"
Add component (AddParameter): Name = "Size / Dimension"; Value = "0.079" L x 0.049" W (2.00mm x 1.25mm)"; VariantName = "[No Variations]"
Add component (AddParameter): Name = "Supplier 1"; Value = "DigiKey"; VariantName = "[No Variations]"
Add component (AddParameter): Name = "Supplier Part Number 1"; Value = "478-7604-1-ND"; VariantName = "[No Variations]"
Add component (AddParameter): Name = "Temperature Coefficient"; Value = "X7R"; VariantName = "[No Variations]"
Add component (AddParameter): Name = "Thickness (Max)"; Value = "0.037" (0.94mm)"; VariantName = "[No Variations]"
Add component (AddParameter): Name = "Tolerance"; Value = "±10%"; VariantName = "[No Variations]"
Add component (AddParameter): Name = "value"; Value = "1µF"; VariantName = "[No Variations]"
Add component (AddParameter): Name = "Voltage - Rated"; Value = "10V"; VariantName = "[No Variations]"
Added Component: Designator=C15(CAP 0805_2012)
Add component (AddParameter): Name = "Applications"; Value = "General Purpose"; VariantName = "[No Variations]"
Add component (AddParameter): Name = "Capacitance"; Value = "0.1µF"; VariantName = "[No Variations]"
Add component (AddParameter): Name = "componentlink1description"; Value = "Datasheet"; VariantName = "[No Variations]"
Add component (AddParameter): Name = "componentlink1url"; Value = "http://datasheets.avx.com/X7RDielectric.pdf"; VariantName = "[No Variations]"
Add component (AddParameter): Name = "componentlink2description"; Value = "DigiKey Link"; VariantName = "[No Variations]"
Add component (AddParameter): Name = "componentlink2url"; Value = "http://digikey.com/product-detail/en/avx-corporation/0805ZC105KAT4A/478-7604-1-ND/7536237"; VariantName = "[No Variations]"
Add component (AddParameter): Name = "Device Package"; Value = "0805 (2012 Metric)"; VariantName = "[No Variations]"
Add component (AddParameter): Name = "lastupdated"; Value = "02-09-2020 1.04.40 AM"; VariantName = "[No Variations]"
Add component (AddParameter): Name = "Lifecycle Status"; Value = "Active"; VariantName = "[No Variations]"
Add component (AddParameter): Name = "manufacturer"; Value = "AVX Corporation"; VariantName = "[No Variations]"
Add component (AddParameter): Name = "Minimum Order"; Value = "1"; VariantName = "[No Variations]"
Add component (AddParameter): Name = "Mounting Type"; Value = "Surface Mount, MLCC"; VariantName = "[No Variations]"
Add component (AddParameter): Name = "Operating Temperature"; Value = "-55°C ~ 125°C"; VariantName = "[No Variations]"
Add component (AddParameter): Name = "Package / Case"; Value = "0805 (2012 Metric)"; VariantName = "[No Variations]"
Add component (AddParameter): Name = "packaging"; Value = "TapeAndReel"; VariantName = "[No Variations]"
Add component (AddParameter): Name = "Part Number"; Value = "0805ZC105KAT4A"; VariantName = "[No Variations]"
Add component (AddParameter): Name = "Part Status"; Value = "Active"; VariantName = "[No Variations]"
Add component (AddParameter): Name = "partid"; Value = "3500"; VariantName = "[No Variations]"
Add component (AddParameter): Name = "price"; Value = "0.17"; VariantName = "[No Variations]"
Add component (AddParameter): Name = "series"; Value = "-"; VariantName = "[No Variations]"
Add component (AddParameter): Name = "Size / Dimension"; Value = "0.079" L x 0.049" W (2.00mm x 1.25mm)"; VariantName = "[No Variations]"
Add component (AddParameter): Name = "Supplier 1"; Value = "DigiKey"; VariantName = "[No Variations]"
Add component (AddParameter): Name = "Supplier Part Number 1"; Value = "478-7604-1-ND"; VariantName = "[No Variations]"
Add component (AddParameter): Name = "Temperature Coefficient"; Value = "X7R"; VariantName = "[No Variations]"
Add component (AddParameter): Name = "Thickness (Max)"; Value = "0.037" (0.94mm)"; VariantName = "[No Variations]"
Add component (AddParameter): Name = "Tolerance"; Value = "±10%"; VariantName = "[No Variations]"
Add component (AddParameter): Name = "value"; Value = "1µF"; VariantName = "[No Variations]"
Add component (AddParameter): Name = "Voltage - Rated"; Value = "10V"; VariantName = "[No Variations]"
Added Component: Designator=C16(CAP 0805_2012)
Add component (AddParameter): Name = "Applications"; Value = "General Purpose"; VariantName = "[No Variations]"
Add component (AddParameter): Name = "Capacitance"; Value = "0.1µF"; VariantName = "[No Variations]"
Add component (AddParameter): Name = "componentlink1description"; Value = "Datasheet"; VariantName = "[No Variations]"
Add component (AddParameter): Name = "componentlink1url"; Value = "http://datasheets.avx.com/X7RDielectric.pdf"; VariantName = "[No Variations]"
Add component (AddParameter): Name = "componentlink2description"; Value = "DigiKey Link"; VariantName = "[No Variations]"
Add component (AddParameter): Name = "componentlink2url"; Value = "http://digikey.com/product-detail/en/avx-corporation/0805ZC105KAT4A/478-7604-1-ND/7536237"; VariantName = "[No Variations]"
Add component (AddParameter): Name = "Device Package"; Value = "0805 (2012 Metric)"; VariantName = "[No Variations]"
Add component (AddParameter): Name = "lastupdated"; Value = "02-09-2020 1.04.40 AM"; VariantName = "[No Variations]"
Add component (AddParameter): Name = "Lifecycle Status"; Value = "Active"; VariantName = "[No Variations]"
Add component (AddParameter): Name = "manufacturer"; Value = "AVX Corporation"; VariantName = "[No Variations]"
Add component (AddParameter): Name = "Minimum Order"; Value = "1"; VariantName = "[No Variations]"
Add component (AddParameter): Name = "Mounting Type"; Value = "Surface Mount, MLCC"; VariantName = "[No Variations]"
Add component (AddParameter): Name = "Operating Temperature"; Value = "-55°C ~ 125°C"; VariantName = "[No Variations]"
Add component (AddParameter): Name = "Package / Case"; Value = "0805 (2012 Metric)"; VariantName = "[No Variations]"
Add component (AddParameter): Name = "packaging"; Value = "TapeAndReel"; VariantName = "[No Variations]"
Add component (AddParameter): Name = "Part Number"; Value = "0805ZC105KAT4A"; VariantName = "[No Variations]"
Add component (AddParameter): Name = "Part Status"; Value = "Active"; VariantName = "[No Variations]"
Add component (AddParameter): Name = "partid"; Value = "3500"; VariantName = "[No Variations]"
Add component (AddParameter): Name = "price"; Value = "0.17"; VariantName = "[No Variations]"
Add component (AddParameter): Name = "series"; Value = "-"; VariantName = "[No Variations]"
Add component (AddParameter): Name = "Size / Dimension"; Value = "0.079" L x 0.049" W (2.00mm x 1.25mm)"; VariantName = "[No Variations]"
Add component (AddParameter): Name = "Supplier 1"; Value = "DigiKey"; VariantName = "[No Variations]"
Add component (AddParameter): Name = "Supplier Part Number 1"; Value = "478-7604-1-ND"; VariantName = "[No Variations]"
Add component (AddParameter): Name = "Temperature Coefficient"; Value = "X7R"; VariantName = "[No Variations]"
Add component (AddParameter): Name = "Thickness (Max)"; Value = "0.037" (0.94mm)"; VariantName = "[No Variations]"
Add component (AddParameter): Name = "Tolerance"; Value = "±10%"; VariantName = "[No Variations]"
Add component (AddParameter): Name = "value"; Value = "1µF"; VariantName = "[No Variations]"
Add component (AddParameter): Name = "Voltage - Rated"; Value = "10V"; VariantName = "[No Variations]"
Added Component: Designator=C17(CAP 0805_2012)
Add component (AddParameter): Name = "Applications"; Value = "General Purpose"; VariantName = "[No Variations]"
Add component (AddParameter): Name = "Capacitance"; Value = "0.1µF"; VariantName = "[No Variations]"
Add component (AddParameter): Name = "componentlink1description"; Value = "Datasheet"; VariantName = "[No Variations]"
Add component (AddParameter): Name = "componentlink1url"; Value = "http://datasheets.avx.com/X7RDielectric.pdf"; VariantName = "[No Variations]"
Add component (AddParameter): Name = "componentlink2description"; Value = "DigiKey Link"; VariantName = "[No Variations]"
Add component (AddParameter): Name = "componentlink2url"; Value = "http://digikey.com/product-detail/en/avx-corporation/0805ZC105KAT4A/478-7604-1-ND/7536237"; VariantName = "[No Variations]"
Add component (AddParameter): Name = "Device Package"; Value = "0805 (2012 Metric)"; VariantName = "[No Variations]"
Add component (AddParameter): Name = "lastupdated"; Value = "02-09-2020 1.04.40 AM"; VariantName = "[No Variations]"
Add component (AddParameter): Name = "Lifecycle Status"; Value = "Active"; VariantName = "[No Variations]"
Add component (AddParameter): Name = "manufacturer"; Value = "AVX Corporation"; VariantName = "[No Variations]"
Add component (AddParameter): Name = "Minimum Order"; Value = "1"; VariantName = "[No Variations]"
Add component (AddParameter): Name = "Mounting Type"; Value = "Surface Mount, MLCC"; VariantName = "[No Variations]"
Add component (AddParameter): Name = "Operating Temperature"; Value = "-55°C ~ 125°C"; VariantName = "[No Variations]"
Add component (AddParameter): Name = "Package / Case"; Value = "0805 (2012 Metric)"; VariantName = "[No Variations]"
Add component (AddParameter): Name = "packaging"; Value = "TapeAndReel"; VariantName = "[No Variations]"
Add component (AddParameter): Name = "Part Number"; Value = "0805ZC105KAT4A"; VariantName = "[No Variations]"
Add component (AddParameter): Name = "Part Status"; Value = "Active"; VariantName = "[No Variations]"
Add component (AddParameter): Name = "partid"; Value = "3500"; VariantName = "[No Variations]"
Add component (AddParameter): Name = "price"; Value = "0.17"; VariantName = "[No Variations]"
Add component (AddParameter): Name = "series"; Value = "-"; VariantName = "[No Variations]"
Add component (AddParameter): Name = "Size / Dimension"; Value = "0.079" L x 0.049" W (2.00mm x 1.25mm)"; VariantName = "[No Variations]"
Add component (AddParameter): Name = "Supplier 1"; Value = "DigiKey"; VariantName = "[No Variations]"
Add component (AddParameter): Name = "Supplier Part Number 1"; Value = "478-7604-1-ND"; VariantName = "[No Variations]"
Add component (AddParameter): Name = "Temperature Coefficient"; Value = "X7R"; VariantName = "[No Variations]"
Add component (AddParameter): Name = "Thickness (Max)"; Value = "0.037" (0.94mm)"; VariantName = "[No Variations]"
Add component (AddParameter): Name = "Tolerance"; Value = "±10%"; VariantName = "[No Variations]"
Add component (AddParameter): Name = "value"; Value = "1µF"; VariantName = "[No Variations]"
Add component (AddParameter): Name = "Voltage - Rated"; Value = "10V"; VariantName = "[No Variations]"
Added Component: Designator=C18(CAP 0805_2012)
Add component (AddParameter): Name = "Applications"; Value = "General Purpose"; VariantName = "[No Variations]"
Add component (AddParameter): Name = "Capacitance"; Value = "0.1µF"; VariantName = "[No Variations]"
Add component (AddParameter): Name = "componentlink1description"; Value = "Datasheet"; VariantName = "[No Variations]"
Add component (AddParameter): Name = "componentlink1url"; Value = "http://datasheets.avx.com/X7RDielectric.pdf"; VariantName = "[No Variations]"
Add component (AddParameter): Name = "componentlink2description"; Value = "DigiKey Link"; VariantName = "[No Variations]"
Add component (AddParameter): Name = "componentlink2url"; Value = "http://digikey.com/product-detail/en/avx-corporation/0805ZC105KAT4A/478-7604-1-ND/7536237"; VariantName = "[No Variations]"
Add component (AddParameter): Name = "Device Package"; Value = "0805 (2012 Metric)"; VariantName = "[No Variations]"
Add component (AddParameter): Name = "lastupdated"; Value = "02-09-2020 1.04.40 AM"; VariantName = "[No Variations]"
Add component (AddParameter): Name = "Lifecycle Status"; Value = "Active"; VariantName = "[No Variations]"
Add component (AddParameter): Name = "manufacturer"; Value = "AVX Corporation"; VariantName = "[No Variations]"
Add component (AddParameter): Name = "Minimum Order"; Value = "1"; VariantName = "[No Variations]"
Add component (AddParameter): Name = "Mounting Type"; Value = "Surface Mount, MLCC"; VariantName = "[No Variations]"
Add component (AddParameter): Name = "Operating Temperature"; Value = "-55°C ~ 125°C"; VariantName = "[No Variations]"
Add component (AddParameter): Name = "Package / Case"; Value = "0805 (2012 Metric)"; VariantName = "[No Variations]"
Add component (AddParameter): Name = "packaging"; Value = "TapeAndReel"; VariantName = "[No Variations]"
Add component (AddParameter): Name = "Part Number"; Value = "0805ZC105KAT4A"; VariantName = "[No Variations]"
Add component (AddParameter): Name = "Part Status"; Value = "Active"; VariantName = "[No Variations]"
Add component (AddParameter): Name = "partid"; Value = "3500"; VariantName = "[No Variations]"
Add component (AddParameter): Name = "price"; Value = "0.17"; VariantName = "[No Variations]"
Add component (AddParameter): Name = "series"; Value = "-"; VariantName = "[No Variations]"
Add component (AddParameter): Name = "Size / Dimension"; Value = "0.079" L x 0.049" W (2.00mm x 1.25mm)"; VariantName = "[No Variations]"
Add component (AddParameter): Name = "Supplier 1"; Value = "DigiKey"; VariantName = "[No Variations]"
Add component (AddParameter): Name = "Supplier Part Number 1"; Value = "478-7604-1-ND"; VariantName = "[No Variations]"
Add component (AddParameter): Name = "Temperature Coefficient"; Value = "X7R"; VariantName = "[No Variations]"
Add component (AddParameter): Name = "Thickness (Max)"; Value = "0.037" (0.94mm)"; VariantName = "[No Variations]"
Add component (AddParameter): Name = "Tolerance"; Value = "±10%"; VariantName = "[No Variations]"
Add component (AddParameter): Name = "value"; Value = "1µF"; VariantName = "[No Variations]"
Add component (AddParameter): Name = "Voltage - Rated"; Value = "10V"; VariantName = "[No Variations]"
Added Component: Designator=C19(CAP 0805_2012)
Add component (AddParameter): Name = "Applications"; Value = "Automotive"; VariantName = "[No Variations]"
Add component (AddParameter): Name = "Capacitance"; Value = "1000 pF"; VariantName = "[No Variations]"
Add component (AddParameter): Name = "componentlink1description"; Value = "Datasheet"; VariantName = "[No Variations]"
Add component (AddParameter): Name = "componentlink1url"; Value = "https://api.kemet.com/component-edge/download/datasheet/C0805C102F3HACAUTO.pdf"; VariantName = "[No Variations]"
Add component (AddParameter): Name = "componentlink2description"; Value = "DigiKey Link"; VariantName = "[No Variations]"
Add component (AddParameter): Name = "componentlink2url"; Value = "https://www.digikey.com/en/products/detail/kemet/C0805C102F3HACAUTO/7958218"; VariantName = "[No Variations]"
Add component (AddParameter): Name = "Device Package"; Value = "0805 (2012 Metric)"; VariantName = "[No Variations]"
Add component (AddParameter): Name = "Features"; Value = "Low ESL, High Temperature"; VariantName = "[No Variations]"
Add component (AddParameter): Name = "lastupdated"; Value = "09-02-2024 8.15.10 PM"; VariantName = "[No Variations]"
Add component (AddParameter): Name = "Lifecycle Status"; Value = "Active"; VariantName = "[No Variations]"
Add component (AddParameter): Name = "manufacturer"; Value = "KEMET"; VariantName = "[No Variations]"
Add component (AddParameter): Name = "Minimum Order"; Value = "1"; VariantName = "[No Variations]"
Add component (AddParameter): Name = "Mounting Type"; Value = "Surface Mount, MLCC"; VariantName = "[No Variations]"
Add component (AddParameter): Name = "Operating Temperature"; Value = "-55°C ~ 150°C"; VariantName = "[No Variations]"
Add component (AddParameter): Name = "Package / Case"; Value = "0805 (2012 Metric)"; VariantName = "[No Variations]"
Add component (AddParameter): Name = "packaging"; Value = "TapeAndReel"; VariantName = "[No Variations]"
Add component (AddParameter): Name = "Part Number"; Value = "C0805C102F3HACAUTO"; VariantName = "[No Variations]"
Add component (AddParameter): Name = "Part Status"; Value = "Active"; VariantName = "[No Variations]"
Add component (AddParameter): Name = "partid"; Value = "32894"; VariantName = "[No Variations]"
Add component (AddParameter): Name = "price"; Value = "0.04"; VariantName = "[No Variations]"
Add component (AddParameter): Name = "Ratings"; Value = "AEC-Q200"; VariantName = "[No Variations]"
Add component (AddParameter): Name = "series"; Value = "SMD Auto X8R HT150C"; VariantName = "[No Variations]"
Add component (AddParameter): Name = "Size / Dimension"; Value = "0.079" L x 0.049" W (2.00mm x 1.25mm)"; VariantName = "[No Variations]"
Add component (AddParameter): Name = "Supplier 1"; Value = "DigiKey"; VariantName = "[No Variations]"
Add component (AddParameter): Name = "Supplier Part Number 1"; Value = "399-C0805C102F3HACAUTOCT-ND"; VariantName = "[No Variations]"
Add component (AddParameter): Name = "Temperature Coefficient"; Value = "X8R"; VariantName = "[No Variations]"
Add component (AddParameter): Name = "Thickness (Max)"; Value = "0.035" (0.88mm)"; VariantName = "[No Variations]"
Add component (AddParameter): Name = "Tolerance"; Value = "±1%"; VariantName = "[No Variations]"
Add component (AddParameter): Name = "value"; Value = "1000 pF"; VariantName = "[No Variations]"
Add component (AddParameter): Name = "Voltage - Rated"; Value = "25V"; VariantName = "[No Variations]"
Added Component: Designator=C20(CAP 0805_2012)
Add component (AddParameter): Name = "Applications"; Value = "Automotive"; VariantName = "[No Variations]"
Add component (AddParameter): Name = "Capacitance"; Value = "1000 pF"; VariantName = "[No Variations]"
Add component (AddParameter): Name = "componentlink1description"; Value = "Datasheet"; VariantName = "[No Variations]"
Add component (AddParameter): Name = "componentlink1url"; Value = "https://api.kemet.com/component-edge/download/datasheet/C0805C102F3HACAUTO.pdf"; VariantName = "[No Variations]"
Add component (AddParameter): Name = "componentlink2description"; Value = "DigiKey Link"; VariantName = "[No Variations]"
Add component (AddParameter): Name = "componentlink2url"; Value = "https://www.digikey.com/en/products/detail/kemet/C0805C102F3HACAUTO/7958218"; VariantName = "[No Variations]"
Add component (AddParameter): Name = "Device Package"; Value = "0805 (2012 Metric)"; VariantName = "[No Variations]"
Add component (AddParameter): Name = "Features"; Value = "Low ESL, High Temperature"; VariantName = "[No Variations]"
Add component (AddParameter): Name = "lastupdated"; Value = "09-02-2024 8.15.10 PM"; VariantName = "[No Variations]"
Add component (AddParameter): Name = "Lifecycle Status"; Value = "Active"; VariantName = "[No Variations]"
Add component (AddParameter): Name = "manufacturer"; Value = "KEMET"; VariantName = "[No Variations]"
Add component (AddParameter): Name = "Minimum Order"; Value = "1"; VariantName = "[No Variations]"
Add component (AddParameter): Name = "Mounting Type"; Value = "Surface Mount, MLCC"; VariantName = "[No Variations]"
Add component (AddParameter): Name = "Operating Temperature"; Value = "-55°C ~ 150°C"; VariantName = "[No Variations]"
Add component (AddParameter): Name = "Package / Case"; Value = "0805 (2012 Metric)"; VariantName = "[No Variations]"
Add component (AddParameter): Name = "packaging"; Value = "TapeAndReel"; VariantName = "[No Variations]"
Add component (AddParameter): Name = "Part Number"; Value = "C0805C102F3HACAUTO"; VariantName = "[No Variations]"
Add component (AddParameter): Name = "Part Status"; Value = "Active"; VariantName = "[No Variations]"
Add component (AddParameter): Name = "partid"; Value = "32894"; VariantName = "[No Variations]"
Add component (AddParameter): Name = "price"; Value = "0.04"; VariantName = "[No Variations]"
Add component (AddParameter): Name = "Ratings"; Value = "AEC-Q200"; VariantName = "[No Variations]"
Add component (AddParameter): Name = "series"; Value = "SMD Auto X8R HT150C"; VariantName = "[No Variations]"
Add component (AddParameter): Name = "Size / Dimension"; Value = "0.079" L x 0.049" W (2.00mm x 1.25mm)"; VariantName = "[No Variations]"
Add component (AddParameter): Name = "Supplier 1"; Value = "DigiKey"; VariantName = "[No Variations]"
Add component (AddParameter): Name = "Supplier Part Number 1"; Value = "399-C0805C102F3HACAUTOCT-ND"; VariantName = "[No Variations]"
Add component (AddParameter): Name = "Temperature Coefficient"; Value = "X8R"; VariantName = "[No Variations]"
Add component (AddParameter): Name = "Thickness (Max)"; Value = "0.035" (0.88mm)"; VariantName = "[No Variations]"
Add component (AddParameter): Name = "Tolerance"; Value = "±1%"; VariantName = "[No Variations]"
Add component (AddParameter): Name = "value"; Value = "1000 pF"; VariantName = "[No Variations]"
Add component (AddParameter): Name = "Voltage - Rated"; Value = "25V"; VariantName = "[No Variations]"
Added Component: Designator=C21(CAP 0805_2012)
Add component (AddParameter): Name = "Applications"; Value = "General Purpose"; VariantName = "[No Variations]"
Add component (AddParameter): Name = "Capacitance"; Value = "0.1µF"; VariantName = "[No Variations]"
Add component (AddParameter): Name = "componentlink1description"; Value = "Datasheet"; VariantName = "[No Variations]"
Add component (AddParameter): Name = "componentlink1url"; Value = "http://datasheets.avx.com/X7RDielectric.pdf"; VariantName = "[No Variations]"
Add component (AddParameter): Name = "componentlink2description"; Value = "DigiKey Link"; VariantName = "[No Variations]"
Add component (AddParameter): Name = "componentlink2url"; Value = "http://digikey.com/product-detail/en/avx-corporation/0805ZC105KAT4A/478-7604-1-ND/7536237"; VariantName = "[No Variations]"
Add component (AddParameter): Name = "Device Package"; Value = "0805 (2012 Metric)"; VariantName = "[No Variations]"
Add component (AddParameter): Name = "lastupdated"; Value = "02-09-2020 1.04.40 AM"; VariantName = "[No Variations]"
Add component (AddParameter): Name = "Lifecycle Status"; Value = "Active"; VariantName = "[No Variations]"
Add component (AddParameter): Name = "manufacturer"; Value = "AVX Corporation"; VariantName = "[No Variations]"
Add component (AddParameter): Name = "Minimum Order"; Value = "1"; VariantName = "[No Variations]"
Add component (AddParameter): Name = "Mounting Type"; Value = "Surface Mount, MLCC"; VariantName = "[No Variations]"
Add component (AddParameter): Name = "Operating Temperature"; Value = "-55°C ~ 125°C"; VariantName = "[No Variations]"
Add component (AddParameter): Name = "Package / Case"; Value = "0805 (2012 Metric)"; VariantName = "[No Variations]"
Add component (AddParameter): Name = "packaging"; Value = "TapeAndReel"; VariantName = "[No Variations]"
Add component (AddParameter): Name = "Part Number"; Value = "0805ZC105KAT4A"; VariantName = "[No Variations]"
Add component (AddParameter): Name = "Part Status"; Value = "Active"; VariantName = "[No Variations]"
Add component (AddParameter): Name = "partid"; Value = "3500"; VariantName = "[No Variations]"
Add component (AddParameter): Name = "price"; Value = "0.17"; VariantName = "[No Variations]"
Add component (AddParameter): Name = "series"; Value = "-"; VariantName = "[No Variations]"
Add component (AddParameter): Name = "Size / Dimension"; Value = "0.079" L x 0.049" W (2.00mm x 1.25mm)"; VariantName = "[No Variations]"
Add component (AddParameter): Name = "Supplier 1"; Value = "DigiKey"; VariantName = "[No Variations]"
Add component (AddParameter): Name = "Supplier Part Number 1"; Value = "478-7604-1-ND"; VariantName = "[No Variations]"
Add component (AddParameter): Name = "Temperature Coefficient"; Value = "X7R"; VariantName = "[No Variations]"
Add component (AddParameter): Name = "Thickness (Max)"; Value = "0.037" (0.94mm)"; VariantName = "[No Variations]"
Add component (AddParameter): Name = "Tolerance"; Value = "±10%"; VariantName = "[No Variations]"
Add component (AddParameter): Name = "value"; Value = "1µF"; VariantName = "[No Variations]"
Add component (AddParameter): Name = "Voltage - Rated"; Value = "10V"; VariantName = "[No Variations]"
Added Component: Designator=C22(CAP 0805_2012)
Add component (AddParameter): Name = "Applications"; Value = "General Purpose"; VariantName = "[No Variations]"
Add component (AddParameter): Name = "Capacitance"; Value = "0.1µF"; VariantName = "[No Variations]"
Add component (AddParameter): Name = "componentlink1description"; Value = "Datasheet"; VariantName = "[No Variations]"
Add component (AddParameter): Name = "componentlink1url"; Value = "http://datasheets.avx.com/X7RDielectric.pdf"; VariantName = "[No Variations]"
Add component (AddParameter): Name = "componentlink2description"; Value = "DigiKey Link"; VariantName = "[No Variations]"
Add component (AddParameter): Name = "componentlink2url"; Value = "http://digikey.com/product-detail/en/avx-corporation/0805ZC105KAT4A/478-7604-1-ND/7536237"; VariantName = "[No Variations]"
Add component (AddParameter): Name = "Device Package"; Value = "0805 (2012 Metric)"; VariantName = "[No Variations]"
Add component (AddParameter): Name = "lastupdated"; Value = "02-09-2020 1.04.40 AM"; VariantName = "[No Variations]"
Add component (AddParameter): Name = "Lifecycle Status"; Value = "Active"; VariantName = "[No Variations]"
Add component (AddParameter): Name = "manufacturer"; Value = "AVX Corporation"; VariantName = "[No Variations]"
Add component (AddParameter): Name = "Minimum Order"; Value = "1"; VariantName = "[No Variations]"
Add component (AddParameter): Name = "Mounting Type"; Value = "Surface Mount, MLCC"; VariantName = "[No Variations]"
Add component (AddParameter): Name = "Operating Temperature"; Value = "-55°C ~ 125°C"; VariantName = "[No Variations]"
Add component (AddParameter): Name = "Package / Case"; Value = "0805 (2012 Metric)"; VariantName = "[No Variations]"
Add component (AddParameter): Name = "packaging"; Value = "TapeAndReel"; VariantName = "[No Variations]"
Add component (AddParameter): Name = "Part Number"; Value = "0805ZC105KAT4A"; VariantName = "[No Variations]"
Add component (AddParameter): Name = "Part Status"; Value = "Active"; VariantName = "[No Variations]"
Add component (AddParameter): Name = "partid"; Value = "3500"; VariantName = "[No Variations]"
Add component (AddParameter): Name = "price"; Value = "0.17"; VariantName = "[No Variations]"
Add component (AddParameter): Name = "series"; Value = "-"; VariantName = "[No Variations]"
Add component (AddParameter): Name = "Size / Dimension"; Value = "0.079" L x 0.049" W (2.00mm x 1.25mm)"; VariantName = "[No Variations]"
Add component (AddParameter): Name = "Supplier 1"; Value = "DigiKey"; VariantName = "[No Variations]"
Add component (AddParameter): Name = "Supplier Part Number 1"; Value = "478-7604-1-ND"; VariantName = "[No Variations]"
Add component (AddParameter): Name = "Temperature Coefficient"; Value = "X7R"; VariantName = "[No Variations]"
Add component (AddParameter): Name = "Thickness (Max)"; Value = "0.037" (0.94mm)"; VariantName = "[No Variations]"
Add component (AddParameter): Name = "Tolerance"; Value = "±10%"; VariantName = "[No Variations]"
Add component (AddParameter): Name = "value"; Value = "1µF"; VariantName = "[No Variations]"
Add component (AddParameter): Name = "Voltage - Rated"; Value = "10V"; VariantName = "[No Variations]"
Added Component: Designator=C23(CAP 0805_2012)
Add component (AddParameter): Name = "Applications"; Value = "General Purpose"; VariantName = "[No Variations]"
Add component (AddParameter): Name = "Capacitance"; Value = "15pF"; VariantName = "[No Variations]"
Add component (AddParameter): Name = "componentlink1description"; Value = "Datasheet"; VariantName = "[No Variations]"
Add component (AddParameter): Name = "componentlink1url"; Value = "http://datasheets.avx.com/C0GNP0-Dielectric.pdf"; VariantName = "[No Variations]"
Add component (AddParameter): Name = "componentlink2description"; Value = "DigiKey Link"; VariantName = "[No Variations]"
Add component (AddParameter): Name = "componentlink2url"; Value = "http://digikey.com/product-detail/en/avx-corporation/08055A150JAT2A/478-1306-1-ND/564338"; VariantName = "[No Variations]"
Add component (AddParameter): Name = "Device Package"; Value = "0805 (2012 Metric)"; VariantName = "[No Variations]"
Add component (AddParameter): Name = "lastupdated"; Value = "02-09-2020 1.04.40 AM"; VariantName = "[No Variations]"
Add component (AddParameter): Name = "Lifecycle Status"; Value = "Active"; VariantName = "[No Variations]"
Add component (AddParameter): Name = "manufacturer"; Value = "AVX Corporation"; VariantName = "[No Variations]"
Add component (AddParameter): Name = "Minimum Order"; Value = "1"; VariantName = "[No Variations]"
Add component (AddParameter): Name = "Mounting Type"; Value = "Surface Mount, MLCC"; VariantName = "[No Variations]"
Add component (AddParameter): Name = "Operating Temperature"; Value = "-55°C ~ 125°C"; VariantName = "[No Variations]"
Add component (AddParameter): Name = "Package / Case"; Value = "0805 (2012 Metric)"; VariantName = "[No Variations]"
Add component (AddParameter): Name = "packaging"; Value = "TapeAndReel"; VariantName = "[No Variations]"
Add component (AddParameter): Name = "Part Number"; Value = "08055A150JAT2A"; VariantName = "[No Variations]"
Add component (AddParameter): Name = "Part Status"; Value = "Active"; VariantName = "[No Variations]"
Add component (AddParameter): Name = "partid"; Value = "3213"; VariantName = "[No Variations]"
Add component (AddParameter): Name = "price"; Value = "0.02"; VariantName = "[No Variations]"
Add component (AddParameter): Name = "series"; Value = "-"; VariantName = "[No Variations]"
Add component (AddParameter): Name = "Size / Dimension"; Value = "0.079" L x 0.049" W (2.01mm x 1.25mm)"; VariantName = "[No Variations]"
Add component (AddParameter): Name = "Supplier 1"; Value = "DigiKey"; VariantName = "[No Variations]"
Add component (AddParameter): Name = "Supplier Part Number 1"; Value = "478-1306-1-ND"; VariantName = "[No Variations]"
Add component (AddParameter): Name = "Temperature Coefficient"; Value = "C0G, NP0"; VariantName = "[No Variations]"
Add component (AddParameter): Name = "Thickness (Max)"; Value = "0.037" (0.94mm)"; VariantName = "[No Variations]"
Add component (AddParameter): Name = "Tolerance"; Value = "±5%"; VariantName = "[No Variations]"
Add component (AddParameter): Name = "value"; Value = "15pF"; VariantName = "[No Variations]"
Add component (AddParameter): Name = "Voltage - Rated"; Value = "50V"; VariantName = "[No Variations]"
Added Component: Designator=C24(CAP 0805_2012)
Add component (AddParameter): Name = "Applications"; Value = "General Purpose"; VariantName = "[No Variations]"
Add component (AddParameter): Name = "Capacitance"; Value = "15pF"; VariantName = "[No Variations]"
Add component (AddParameter): Name = "componentlink1description"; Value = "Datasheet"; VariantName = "[No Variations]"
Add component (AddParameter): Name = "componentlink1url"; Value = "http://datasheets.avx.com/C0GNP0-Dielectric.pdf"; VariantName = "[No Variations]"
Add component (AddParameter): Name = "componentlink2description"; Value = "DigiKey Link"; VariantName = "[No Variations]"
Add component (AddParameter): Name = "componentlink2url"; Value = "http://digikey.com/product-detail/en/avx-corporation/08055A150JAT2A/478-1306-1-ND/564338"; VariantName = "[No Variations]"
Add component (AddParameter): Name = "Device Package"; Value = "0805 (2012 Metric)"; VariantName = "[No Variations]"
Add component (AddParameter): Name = "lastupdated"; Value = "02-09-2020 1.04.40 AM"; VariantName = "[No Variations]"
Add component (AddParameter): Name = "Lifecycle Status"; Value = "Active"; VariantName = "[No Variations]"
Add component (AddParameter): Name = "manufacturer"; Value = "AVX Corporation"; VariantName = "[No Variations]"
Add component (AddParameter): Name = "Minimum Order"; Value = "1"; VariantName = "[No Variations]"
Add component (AddParameter): Name = "Mounting Type"; Value = "Surface Mount, MLCC"; VariantName = "[No Variations]"
Add component (AddParameter): Name = "Operating Temperature"; Value = "-55°C ~ 125°C"; VariantName = "[No Variations]"
Add component (AddParameter): Name = "Package / Case"; Value = "0805 (2012 Metric)"; VariantName = "[No Variations]"
Add component (AddParameter): Name = "packaging"; Value = "TapeAndReel"; VariantName = "[No Variations]"
Add component (AddParameter): Name = "Part Number"; Value = "08055A150JAT2A"; VariantName = "[No Variations]"
Add component (AddParameter): Name = "Part Status"; Value = "Active"; VariantName = "[No Variations]"
Add component (AddParameter): Name = "partid"; Value = "3213"; VariantName = "[No Variations]"
Add component (AddParameter): Name = "price"; Value = "0.02"; VariantName = "[No Variations]"
Add component (AddParameter): Name = "series"; Value = "-"; VariantName = "[No Variations]"
Add component (AddParameter): Name = "Size / Dimension"; Value = "0.079" L x 0.049" W (2.01mm x 1.25mm)"; VariantName = "[No Variations]"
Add component (AddParameter): Name = "Supplier 1"; Value = "DigiKey"; VariantName = "[No Variations]"
Add component (AddParameter): Name = "Supplier Part Number 1"; Value = "478-1306-1-ND"; VariantName = "[No Variations]"
Add component (AddParameter): Name = "Temperature Coefficient"; Value = "C0G, NP0"; VariantName = "[No Variations]"
Add component (AddParameter): Name = "Thickness (Max)"; Value = "0.037" (0.94mm)"; VariantName = "[No Variations]"
Add component (AddParameter): Name = "Tolerance"; Value = "±5%"; VariantName = "[No Variations]"
Add component (AddParameter): Name = "value"; Value = "15pF"; VariantName = "[No Variations]"
Add component (AddParameter): Name = "Voltage - Rated"; Value = "50V"; VariantName = "[No Variations]"
Added Component: Designator=C25(CAP 0805_2012)
Add component (AddParameter): Name = "Applications"; Value = "Boardflex Sensitive"; VariantName = "[No Variations]"
Add component (AddParameter): Name = "Capacitance"; Value = "4.7 µF"; VariantName = "[No Variations]"
Add component (AddParameter): Name = "componentlink1description"; Value = "Datasheet"; VariantName = "[No Variations]"
Add component (AddParameter): Name = "componentlink1url"; Value = "https://connect.kemet.com:7667/gateway/IntelliData-ComponentDocumentation/1.0/download/datasheet/C0805X475M3RAC7800"; VariantName = "[No Variations]"
Add component (AddParameter): Name = "componentlink2description"; Value = "DigiKey Link"; VariantName = "[No Variations]"
Add component (AddParameter): Name = "componentlink2url"; Value = "https://www.digikey.com/en/products/detail/kemet/C0805X475M3RAC7800/12082671"; VariantName = "[No Variations]"
Add component (AddParameter): Name = "Device Package"; Value = "0805 (2012 Metric)"; VariantName = "[No Variations]"
Add component (AddParameter): Name = "Features"; Value = "Soft Termination"; VariantName = "[No Variations]"
Add component (AddParameter): Name = "lastupdated"; Value = "09-02-2024 8.14.56 PM"; VariantName = "[No Variations]"
Add component (AddParameter): Name = "Lifecycle Status"; Value = "Active"; VariantName = "[No Variations]"
Add component (AddParameter): Name = "manufacturer"; Value = "KEMET"; VariantName = "[No Variations]"
Add component (AddParameter): Name = "Minimum Order"; Value = "1"; VariantName = "[No Variations]"
Add component (AddParameter): Name = "Mounting Type"; Value = "Surface Mount, MLCC"; VariantName = "[No Variations]"
Add component (AddParameter): Name = "Operating Temperature"; Value = "-55°C ~ 125°C"; VariantName = "[No Variations]"
Add component (AddParameter): Name = "Package / Case"; Value = "0805 (2012 Metric)"; VariantName = "[No Variations]"
Add component (AddParameter): Name = "packaging"; Value = "TapeAndReel"; VariantName = "[No Variations]"
Add component (AddParameter): Name = "Part Number"; Value = "C0805X475M3RAC7800"; VariantName = "[No Variations]"
Add component (AddParameter): Name = "Part Status"; Value = "Active"; VariantName = "[No Variations]"
Add component (AddParameter): Name = "partid"; Value = "46494"; VariantName = "[No Variations]"
Add component (AddParameter): Name = "price"; Value = "0.14"; VariantName = "[No Variations]"
Add component (AddParameter): Name = "series"; Value = "SMD Comm X7R Flex"; VariantName = "[No Variations]"
Add component (AddParameter): Name = "Size / Dimension"; Value = "0.079" L x 0.049" W (2.00mm x 1.25mm)"; VariantName = "[No Variations]"
Add component (AddParameter): Name = "Supplier 1"; Value = "DigiKey"; VariantName = "[No Variations]"
Add component (AddParameter): Name = "Supplier Part Number 1"; Value = "399-C0805X475M3RAC7800CT-ND"; VariantName = "[No Variations]"
Add component (AddParameter): Name = "Temperature Coefficient"; Value = "X7R"; VariantName = "[No Variations]"
Add component (AddParameter): Name = "Thickness (Max)"; Value = "0.057" (1.45mm)"; VariantName = "[No Variations]"
Add component (AddParameter): Name = "Tolerance"; Value = "±20%"; VariantName = "[No Variations]"
Add component (AddParameter): Name = "value"; Value = "4.7 µF"; VariantName = "[No Variations]"
Add component (AddParameter): Name = "Voltage - Rated"; Value = "25V"; VariantName = "[No Variations]"
Added Component: Designator=C26(CAP 0805_2012)
Add component (AddParameter): Name = "Applications"; Value = "Automotive, Boardflex Sensitive"; VariantName = "[No Variations]"
Add component (AddParameter): Name = "Capacitance"; Value = "10000 pF"; VariantName = "[No Variations]"
Add component (AddParameter): Name = "componentlink1description"; Value = "Datasheet"; VariantName = "[No Variations]"
Add component (AddParameter): Name = "componentlink1url"; Value = "https://api.kemet.com/component-edge/download/datasheet/C0805X103K1RAC3316.pdf"; VariantName = "[No Variations]"
Add component (AddParameter): Name = "componentlink2description"; Value = "DigiKey Link"; VariantName = "[No Variations]"
Add component (AddParameter): Name = "componentlink2url"; Value = "https://www.digikey.com/en/products/detail/kemet/C0805X103K1RAC3316/10315780"; VariantName = "[No Variations]"
Add component (AddParameter): Name = "Device Package"; Value = "0805 (2012 Metric)"; VariantName = "[No Variations]"
Add component (AddParameter): Name = "Features"; Value = "Soft Termination"; VariantName = "[No Variations]"
Add component (AddParameter): Name = "lastupdated"; Value = "09-02-2024 8.16.09 PM"; VariantName = "[No Variations]"
Add component (AddParameter): Name = "Lifecycle Status"; Value = "Active"; VariantName = "[No Variations]"
Add component (AddParameter): Name = "manufacturer"; Value = "KEMET"; VariantName = "[No Variations]"
Add component (AddParameter): Name = "Minimum Order"; Value = "1"; VariantName = "[No Variations]"
Add component (AddParameter): Name = "Mounting Type"; Value = "Surface Mount, MLCC"; VariantName = "[No Variations]"
Add component (AddParameter): Name = "Operating Temperature"; Value = "-55°C ~ 125°C"; VariantName = "[No Variations]"
Add component (AddParameter): Name = "Package / Case"; Value = "0805 (2012 Metric)"; VariantName = "[No Variations]"
Add component (AddParameter): Name = "packaging"; Value = "TapeAndReel"; VariantName = "[No Variations]"
Add component (AddParameter): Name = "Part Number"; Value = "C0805X103K1RAC3316"; VariantName = "[No Variations]"
Add component (AddParameter): Name = "Part Status"; Value = "Active"; VariantName = "[No Variations]"
Add component (AddParameter): Name = "partid"; Value = "2565"; VariantName = "[No Variations]"
Add component (AddParameter): Name = "price"; Value = "0.02"; VariantName = "[No Variations]"
Add component (AddParameter): Name = "Ratings"; Value = "AEC-Q200"; VariantName = "[No Variations]"
Add component (AddParameter): Name = "series"; Value = "SMD Auto X7R VW80808"; VariantName = "[No Variations]"
Add component (AddParameter): Name = "Size / Dimension"; Value = "0.079" L x 0.049" W (2.00mm x 1.25mm)"; VariantName = "[No Variations]"
Add component (AddParameter): Name = "Supplier 1"; Value = "DigiKey"; VariantName = "[No Variations]"
Add component (AddParameter): Name = "Supplier Part Number 1"; Value = "399-C0805X103K1RAC3316CT-ND"; VariantName = "[No Variations]"
Add component (AddParameter): Name = "Temperature Coefficient"; Value = "X7R"; VariantName = "[No Variations]"
Add component (AddParameter): Name = "Thickness (Max)"; Value = "0.039" (0.98mm)"; VariantName = "[No Variations]"
Add component (AddParameter): Name = "Tolerance"; Value = "±10%"; VariantName = "[No Variations]"
Add component (AddParameter): Name = "value"; Value = "10000 pF"; VariantName = "[No Variations]"
Add component (AddParameter): Name = "Voltage - Rated"; Value = "100V"; VariantName = "[No Variations]"
Added Component: Designator=C27(CAP 0805_2012)
Add component (AddParameter): Name = "Applications"; Value = "ESD Protection"; VariantName = "[No Variations]"
Add component (AddParameter): Name = "Capacitance"; Value = "6800 pF"; VariantName = "[No Variations]"
Add component (AddParameter): Name = "componentlink1description"; Value = "Datasheet"; VariantName = "[No Variations]"
Add component (AddParameter): Name = "componentlink1url"; Value = "https://connect.kemet.com:7667/gateway/IntelliData-ComponentDocumentation/1.0/download/datasheet/C0805C682M3GEC7800"; VariantName = "[No Variations]"
Add component (AddParameter): Name = "componentlink2description"; Value = "DigiKey Link"; VariantName = "[No Variations]"
Add component (AddParameter): Name = "componentlink2url"; Value = "https://www.digikey.com/en/products/detail/kemet/C0805C682M3GEC7800/8644610"; VariantName = "[No Variations]"
Add component (AddParameter): Name = "Device Package"; Value = "0805 (2012 Metric)"; VariantName = "[No Variations]"
Add component (AddParameter): Name = "Features"; Value = "Low ESL"; VariantName = "[No Variations]"
Add component (AddParameter): Name = "lastupdated"; Value = "09-02-2024 8.14.56 PM"; VariantName = "[No Variations]"
Add component (AddParameter): Name = "Lifecycle Status"; Value = "Active"; VariantName = "[No Variations]"
Add component (AddParameter): Name = "manufacturer"; Value = "KEMET"; VariantName = "[No Variations]"
Add component (AddParameter): Name = "Minimum Order"; Value = "1"; VariantName = "[No Variations]"
Add component (AddParameter): Name = "Mounting Type"; Value = "Surface Mount, MLCC"; VariantName = "[No Variations]"
Add component (AddParameter): Name = "Operating Temperature"; Value = "-55°C ~ 125°C"; VariantName = "[No Variations]"
Add component (AddParameter): Name = "Package / Case"; Value = "0805 (2012 Metric)"; VariantName = "[No Variations]"
Add component (AddParameter): Name = "packaging"; Value = "TapeAndReel"; VariantName = "[No Variations]"
Add component (AddParameter): Name = "Part Number"; Value = "C0805C682M3GEC7800"; VariantName = "[No Variations]"
Add component (AddParameter): Name = "Part Status"; Value = "Active"; VariantName = "[No Variations]"
Add component (AddParameter): Name = "partid"; Value = "46454"; VariantName = "[No Variations]"
Add component (AddParameter): Name = "price"; Value = "0.06"; VariantName = "[No Variations]"
Add component (AddParameter): Name = "series"; Value = "ESD SMD Comm C0G"; VariantName = "[No Variations]"
Add component (AddParameter): Name = "Size / Dimension"; Value = "0.079" L x 0.049" W (2.00mm x 1.25mm)"; VariantName = "[No Variations]"
Add component (AddParameter): Name = "Supplier 1"; Value = "DigiKey"; VariantName = "[No Variations]"
Add component (AddParameter): Name = "Supplier Part Number 1"; Value = "399-C0805C682M3GEC7800CT-ND"; VariantName = "[No Variations]"
Add component (AddParameter): Name = "Temperature Coefficient"; Value = "C0G, NP0"; VariantName = "[No Variations]"
Add component (AddParameter): Name = "Thickness (Max)"; Value = "0.055" (1.40mm)"; VariantName = "[No Variations]"
Add component (AddParameter): Name = "Tolerance"; Value = "±20%"; VariantName = "[No Variations]"
Add component (AddParameter): Name = "value"; Value = "6800 pF"; VariantName = "[No Variations]"
Add component (AddParameter): Name = "Voltage - Rated"; Value = "25V"; VariantName = "[No Variations]"
Added Component: Designator=C28(CAP 0805_2012)
Add component (AddParameter): Name = "Applications"; Value = "ESD Protection"; VariantName = "[No Variations]"
Add component (AddParameter): Name = "Capacitance"; Value = "6800 pF"; VariantName = "[No Variations]"
Add component (AddParameter): Name = "componentlink1description"; Value = "Datasheet"; VariantName = "[No Variations]"
Add component (AddParameter): Name = "componentlink1url"; Value = "https://connect.kemet.com:7667/gateway/IntelliData-ComponentDocumentation/1.0/download/datasheet/C0805C682M3GEC7800"; VariantName = "[No Variations]"
Add component (AddParameter): Name = "componentlink2description"; Value = "DigiKey Link"; VariantName = "[No Variations]"
Add component (AddParameter): Name = "componentlink2url"; Value = "https://www.digikey.com/en/products/detail/kemet/C0805C682M3GEC7800/8644610"; VariantName = "[No Variations]"
Add component (AddParameter): Name = "Device Package"; Value = "0805 (2012 Metric)"; VariantName = "[No Variations]"
Add component (AddParameter): Name = "Features"; Value = "Low ESL"; VariantName = "[No Variations]"
Add component (AddParameter): Name = "lastupdated"; Value = "09-02-2024 8.14.56 PM"; VariantName = "[No Variations]"
Add component (AddParameter): Name = "Lifecycle Status"; Value = "Active"; VariantName = "[No Variations]"
Add component (AddParameter): Name = "manufacturer"; Value = "KEMET"; VariantName = "[No Variations]"
Add component (AddParameter): Name = "Minimum Order"; Value = "1"; VariantName = "[No Variations]"
Add component (AddParameter): Name = "Mounting Type"; Value = "Surface Mount, MLCC"; VariantName = "[No Variations]"
Add component (AddParameter): Name = "Operating Temperature"; Value = "-55°C ~ 125°C"; VariantName = "[No Variations]"
Add component (AddParameter): Name = "Package / Case"; Value = "0805 (2012 Metric)"; VariantName = "[No Variations]"
Add component (AddParameter): Name = "packaging"; Value = "TapeAndReel"; VariantName = "[No Variations]"
Add component (AddParameter): Name = "Part Number"; Value = "C0805C682M3GEC7800"; VariantName = "[No Variations]"
Add component (AddParameter): Name = "Part Status"; Value = "Active"; VariantName = "[No Variations]"
Add component (AddParameter): Name = "partid"; Value = "46454"; VariantName = "[No Variations]"
Add component (AddParameter): Name = "price"; Value = "0.06"; VariantName = "[No Variations]"
Add component (AddParameter): Name = "series"; Value = "ESD SMD Comm C0G"; VariantName = "[No Variations]"
Add component (AddParameter): Name = "Size / Dimension"; Value = "0.079" L x 0.049" W (2.00mm x 1.25mm)"; VariantName = "[No Variations]"
Add component (AddParameter): Name = "Supplier 1"; Value = "DigiKey"; VariantName = "[No Variations]"
Add component (AddParameter): Name = "Supplier Part Number 1"; Value = "399-C0805C682M3GEC7800CT-ND"; VariantName = "[No Variations]"
Add component (AddParameter): Name = "Temperature Coefficient"; Value = "C0G, NP0"; VariantName = "[No Variations]"
Add component (AddParameter): Name = "Thickness (Max)"; Value = "0.055" (1.40mm)"; VariantName = "[No Variations]"
Add component (AddParameter): Name = "Tolerance"; Value = "±20%"; VariantName = "[No Variations]"
Add component (AddParameter): Name = "value"; Value = "6800 pF"; VariantName = "[No Variations]"
Add component (AddParameter): Name = "Voltage - Rated"; Value = "25V"; VariantName = "[No Variations]"
Added Component: Designator=C29(CAP 0805_2012)
Add component (AddParameter): Name = "Applications"; Value = "Automotive, Boardflex Sensitive"; VariantName = "[No Variations]"
Add component (AddParameter): Name = "Capacitance"; Value = "10000 pF"; VariantName = "[No Variations]"
Add component (AddParameter): Name = "componentlink1description"; Value = "Datasheet"; VariantName = "[No Variations]"
Add component (AddParameter): Name = "componentlink1url"; Value = "https://api.kemet.com/component-edge/download/datasheet/C0805X103K1RAC3316.pdf"; VariantName = "[No Variations]"
Add component (AddParameter): Name = "componentlink2description"; Value = "DigiKey Link"; VariantName = "[No Variations]"
Add component (AddParameter): Name = "componentlink2url"; Value = "https://www.digikey.com/en/products/detail/kemet/C0805X103K1RAC3316/10315780"; VariantName = "[No Variations]"
Add component (AddParameter): Name = "Device Package"; Value = "0805 (2012 Metric)"; VariantName = "[No Variations]"
Add component (AddParameter): Name = "Features"; Value = "Soft Termination"; VariantName = "[No Variations]"
Add component (AddParameter): Name = "lastupdated"; Value = "09-02-2024 8.16.09 PM"; VariantName = "[No Variations]"
Add component (AddParameter): Name = "Lifecycle Status"; Value = "Active"; VariantName = "[No Variations]"
Add component (AddParameter): Name = "manufacturer"; Value = "KEMET"; VariantName = "[No Variations]"
Add component (AddParameter): Name = "Minimum Order"; Value = "1"; VariantName = "[No Variations]"
Add component (AddParameter): Name = "Mounting Type"; Value = "Surface Mount, MLCC"; VariantName = "[No Variations]"
Add component (AddParameter): Name = "Operating Temperature"; Value = "-55°C ~ 125°C"; VariantName = "[No Variations]"
Add component (AddParameter): Name = "Package / Case"; Value = "0805 (2012 Metric)"; VariantName = "[No Variations]"
Add component (AddParameter): Name = "packaging"; Value = "TapeAndReel"; VariantName = "[No Variations]"
Add component (AddParameter): Name = "Part Number"; Value = "C0805X103K1RAC3316"; VariantName = "[No Variations]"
Add component (AddParameter): Name = "Part Status"; Value = "Active"; VariantName = "[No Variations]"
Add component (AddParameter): Name = "partid"; Value = "2565"; VariantName = "[No Variations]"
Add component (AddParameter): Name = "price"; Value = "0.02"; VariantName = "[No Variations]"
Add component (AddParameter): Name = "Ratings"; Value = "AEC-Q200"; VariantName = "[No Variations]"
Add component (AddParameter): Name = "series"; Value = "SMD Auto X7R VW80808"; VariantName = "[No Variations]"
Add component (AddParameter): Name = "Size / Dimension"; Value = "0.079" L x 0.049" W (2.00mm x 1.25mm)"; VariantName = "[No Variations]"
Add component (AddParameter): Name = "Supplier 1"; Value = "DigiKey"; VariantName = "[No Variations]"
Add component (AddParameter): Name = "Supplier Part Number 1"; Value = "399-C0805X103K1RAC3316CT-ND"; VariantName = "[No Variations]"
Add component (AddParameter): Name = "Temperature Coefficient"; Value = "X7R"; VariantName = "[No Variations]"
Add component (AddParameter): Name = "Thickness (Max)"; Value = "0.039" (0.98mm)"; VariantName = "[No Variations]"
Add component (AddParameter): Name = "Tolerance"; Value = "±10%"; VariantName = "[No Variations]"
Add component (AddParameter): Name = "value"; Value = "10000 pF"; VariantName = "[No Variations]"
Add component (AddParameter): Name = "Voltage - Rated"; Value = "100V"; VariantName = "[No Variations]"
Added Component: Designator=C30(CAP 0805_2012)
Add component (AddParameter): Name = "Applications"; Value = "Automotive, ESD Protection"; VariantName = "[No Variations]"
Add component (AddParameter): Name = "Capacitance"; Value = "0.022 µF"; VariantName = "[No Variations]"
Add component (AddParameter): Name = "componentlink1description"; Value = "Datasheet"; VariantName = "[No Variations]"
Add component (AddParameter): Name = "componentlink1url"; Value = "https://api.kemet.com/component-edge/download/datasheet/C0805C223K5RECAUTO.pdf"; VariantName = "[No Variations]"
Add component (AddParameter): Name = "componentlink2description"; Value = "DigiKey Link"; VariantName = "[No Variations]"
Add component (AddParameter): Name = "componentlink2url"; Value = "https://www.digikey.com/en/products/detail/kemet/C0805C223K5RECAUTO/8640480"; VariantName = "[No Variations]"
Add component (AddParameter): Name = "Device Package"; Value = "0805 (2012 Metric)"; VariantName = "[No Variations]"
Add component (AddParameter): Name = "lastupdated"; Value = "09-02-2024 8.15.30 PM"; VariantName = "[No Variations]"
Add component (AddParameter): Name = "Lifecycle Status"; Value = "Active"; VariantName = "[No Variations]"
Add component (AddParameter): Name = "manufacturer"; Value = "KEMET"; VariantName = "[No Variations]"
Add component (AddParameter): Name = "Minimum Order"; Value = "1"; VariantName = "[No Variations]"
Add component (AddParameter): Name = "Mounting Type"; Value = "Surface Mount, MLCC"; VariantName = "[No Variations]"
Add component (AddParameter): Name = "Operating Temperature"; Value = "-55°C ~ 125°C"; VariantName = "[No Variations]"
Add component (AddParameter): Name = "Package / Case"; Value = "0805 (2012 Metric)"; VariantName = "[No Variations]"
Add component (AddParameter): Name = "packaging"; Value = "TapeAndReel"; VariantName = "[No Variations]"
Add component (AddParameter): Name = "Part Number"; Value = "C0805C223K5RECAUTO"; VariantName = "[No Variations]"
Add component (AddParameter): Name = "Part Status"; Value = "Active"; VariantName = "[No Variations]"
Add component (AddParameter): Name = "partid"; Value = "15719"; VariantName = "[No Variations]"
Add component (AddParameter): Name = "price"; Value = "0.04"; VariantName = "[No Variations]"
Add component (AddParameter): Name = "Ratings"; Value = "AEC-Q200"; VariantName = "[No Variations]"
Add component (AddParameter): Name = "series"; Value = "ESD SMD Auto X7R"; VariantName = "[No Variations]"
Add component (AddParameter): Name = "Size / Dimension"; Value = "0.079" L x 0.049" W (2.00mm x 1.25mm)"; VariantName = "[No Variations]"
Add component (AddParameter): Name = "Supplier 1"; Value = "DigiKey"; VariantName = "[No Variations]"
Add component (AddParameter): Name = "Supplier Part Number 1"; Value = "399-17886-1-ND"; VariantName = "[No Variations]"
Add component (AddParameter): Name = "Temperature Coefficient"; Value = "X7R"; VariantName = "[No Variations]"
Add component (AddParameter): Name = "Thickness (Max)"; Value = "0.035" (0.88mm)"; VariantName = "[No Variations]"
Add component (AddParameter): Name = "Tolerance"; Value = "±10%"; VariantName = "[No Variations]"
Add component (AddParameter): Name = "value"; Value = "0.022 µF"; VariantName = "[No Variations]"
Add component (AddParameter): Name = "Voltage - Rated"; Value = "50V"; VariantName = "[No Variations]"
Added Component: Designator=C31(CAPC3216X160N)
Add component (AddParameter): Name = "Check_prices"; Value = "https://www.snapeda.com/parts/1206Y2K00102KXT/Knowles+Syfer/view-part/?ref=eda"; VariantName = "[No Variations]"
Add component (AddParameter): Name = "MF"; Value = "Knowles Syfer"; VariantName = "[No Variations]"
Add component (AddParameter): Name = "MP"; Value = "1206Y2K00102KXT"; VariantName = "[No Variations]"
Add component (AddParameter): Name = "Package"; Value = "3216 Knowles Syfer"; VariantName = "[No Variations]"
Add component (AddParameter): Name = "SnapEDA_Link"; Value = "https://www.snapeda.com/parts/1206Y2K00102KXT/Knowles+Syfer/view-part/?ref=snap"; VariantName = "[No Variations]"
Add component (AddParameter): Name = "Value"; Value = ""; VariantName = "[No Variations]"
Added Component: Designator=C32(CAP 1206_3216 - 0.8MM)
Add component (AddParameter): Name = "Applications"; Value = "SMPS Filtering"; VariantName = "[No Variations]"
Add component (AddParameter): Name = "Capacitance"; Value = "10 µF"; VariantName = "[No Variations]"
Add component (AddParameter): Name = "componentlink1description"; Value = "Datasheet"; VariantName = "[No Variations]"
Add component (AddParameter): Name = "componentlink1url"; Value = "http://www.yuden.co.jp/productdata/catalog/mlcc06_e.pdf"; VariantName = "[No Variations]"
Add component (AddParameter): Name = "componentlink2description"; Value = "DigiKey Link"; VariantName = "[No Variations]"
Add component (AddParameter): Name = "componentlink2url"; Value = "https://www.digikey.com/en/products/detail/taiyo-yuden/EMK316BJ106MD-T/6563474"; VariantName = "[No Variations]"
Add component (AddParameter): Name = "Device Package"; Value = "1206 (3216 Metric)"; VariantName = "[No Variations]"
Add component (AddParameter): Name = "lastupdated"; Value = "04-06-2024 7.10.41 PM"; VariantName = "[No Variations]"
Add component (AddParameter): Name = "Lifecycle Status"; Value = "Active"; VariantName = "[No Variations]"
Add component (AddParameter): Name = "manufacturer"; Value = "Taiyo Yuden"; VariantName = "[No Variations]"
Add component (AddParameter): Name = "Minimum Order"; Value = "1"; VariantName = "[No Variations]"
Add component (AddParameter): Name = "Mounting Type"; Value = "Surface Mount, MLCC"; VariantName = "[No Variations]"
Add component (AddParameter): Name = "Operating Temperature"; Value = "-55°C ~ 85°C"; VariantName = "[No Variations]"
Add component (AddParameter): Name = "Package / Case"; Value = "1206 (3216 Metric)"; VariantName = "[No Variations]"
Add component (AddParameter): Name = "packaging"; Value = "TapeAndReel"; VariantName = "[No Variations]"
Add component (AddParameter): Name = "Part Number"; Value = "EMK316BJ106MD-T"; VariantName = "[No Variations]"
Add component (AddParameter): Name = "Part Status"; Value = "Active"; VariantName = "[No Variations]"
Add component (AddParameter): Name = "partid"; Value = "18996"; VariantName = "[No Variations]"
Add component (AddParameter): Name = "price"; Value = "0.04"; VariantName = "[No Variations]"
Add component (AddParameter): Name = "series"; Value = "M"; VariantName = "[No Variations]"
Add component (AddParameter): Name = "Size / Dimension"; Value = "0.126" L x 0.063" W (3.20mm x 1.60mm)"; VariantName = "[No Variations]"
Add component (AddParameter): Name = "Supplier 1"; Value = "DigiKey"; VariantName = "[No Variations]"
Add component (AddParameter): Name = "Supplier Part Number 1"; Value = "587-4881-1-ND"; VariantName = "[No Variations]"
Add component (AddParameter): Name = "Temperature Coefficient"; Value = "X5R"; VariantName = "[No Variations]"
Add component (AddParameter): Name = "Thickness (Max)"; Value = "0.037" (0.95mm)"; VariantName = "[No Variations]"
Add component (AddParameter): Name = "Tolerance"; Value = "±20%"; VariantName = "[No Variations]"
Add component (AddParameter): Name = "value"; Value = "10 µF"; VariantName = "[No Variations]"
Add component (AddParameter): Name = "Voltage - Rated"; Value = "16V"; VariantName = "[No Variations]"
Added Component: Designator=C33(CAP 0805_2012)
Add component (AddParameter): Name = "Applications"; Value = "General Purpose"; VariantName = "[No Variations]"
Add component (AddParameter): Name = "Capacitance"; Value = "0.1µF"; VariantName = "[No Variations]"
Add component (AddParameter): Name = "componentlink1description"; Value = "Datasheet"; VariantName = "[No Variations]"
Add component (AddParameter): Name = "componentlink1url"; Value = "http://datasheets.avx.com/X7RDielectric.pdf"; VariantName = "[No Variations]"
Add component (AddParameter): Name = "componentlink2description"; Value = "DigiKey Link"; VariantName = "[No Variations]"
Add component (AddParameter): Name = "componentlink2url"; Value = "http://digikey.com/product-detail/en/avx-corporation/0805ZC105KAT4A/478-7604-1-ND/7536237"; VariantName = "[No Variations]"
Add component (AddParameter): Name = "Device Package"; Value = "0805 (2012 Metric)"; VariantName = "[No Variations]"
Add component (AddParameter): Name = "lastupdated"; Value = "02-09-2020 1.04.40 AM"; VariantName = "[No Variations]"
Add component (AddParameter): Name = "Lifecycle Status"; Value = "Active"; VariantName = "[No Variations]"
Add component (AddParameter): Name = "manufacturer"; Value = "AVX Corporation"; VariantName = "[No Variations]"
Add component (AddParameter): Name = "Minimum Order"; Value = "1"; VariantName = "[No Variations]"
Add component (AddParameter): Name = "Mounting Type"; Value = "Surface Mount, MLCC"; VariantName = "[No Variations]"
Add component (AddParameter): Name = "Operating Temperature"; Value = "-55°C ~ 125°C"; VariantName = "[No Variations]"
Add component (AddParameter): Name = "Package / Case"; Value = "0805 (2012 Metric)"; VariantName = "[No Variations]"
Add component (AddParameter): Name = "packaging"; Value = "TapeAndReel"; VariantName = "[No Variations]"
Add component (AddParameter): Name = "Part Number"; Value = "0805ZC105KAT4A"; VariantName = "[No Variations]"
Add component (AddParameter): Name = "Part Status"; Value = "Active"; VariantName = "[No Variations]"
Add component (AddParameter): Name = "partid"; Value = "3500"; VariantName = "[No Variations]"
Add component (AddParameter): Name = "price"; Value = "0.17"; VariantName = "[No Variations]"
Add component (AddParameter): Name = "series"; Value = "-"; VariantName = "[No Variations]"
Add component (AddParameter): Name = "Size / Dimension"; Value = "0.079" L x 0.049" W (2.00mm x 1.25mm)"; VariantName = "[No Variations]"
Add component (AddParameter): Name = "Supplier 1"; Value = "DigiKey"; VariantName = "[No Variations]"
Add component (AddParameter): Name = "Supplier Part Number 1"; Value = "478-7604-1-ND"; VariantName = "[No Variations]"
Add component (AddParameter): Name = "Temperature Coefficient"; Value = "X7R"; VariantName = "[No Variations]"
Add component (AddParameter): Name = "Thickness (Max)"; Value = "0.037" (0.94mm)"; VariantName = "[No Variations]"
Add component (AddParameter): Name = "Tolerance"; Value = "±10%"; VariantName = "[No Variations]"
Add component (AddParameter): Name = "value"; Value = "1µF"; VariantName = "[No Variations]"
Add component (AddParameter): Name = "Voltage - Rated"; Value = "10V"; VariantName = "[No Variations]"
Added Component: Designator=C34(CAP 0805_2012)
Add component (AddParameter): Name = "Applications"; Value = "General Purpose"; VariantName = "[No Variations]"
Add component (AddParameter): Name = "Capacitance"; Value = "0.1µF"; VariantName = "[No Variations]"
Add component (AddParameter): Name = "componentlink1description"; Value = "Datasheet"; VariantName = "[No Variations]"
Add component (AddParameter): Name = "componentlink1url"; Value = "http://datasheets.avx.com/X7RDielectric.pdf"; VariantName = "[No Variations]"
Add component (AddParameter): Name = "componentlink2description"; Value = "DigiKey Link"; VariantName = "[No Variations]"
Add component (AddParameter): Name = "componentlink2url"; Value = "http://digikey.com/product-detail/en/avx-corporation/0805ZC105KAT4A/478-7604-1-ND/7536237"; VariantName = "[No Variations]"
Add component (AddParameter): Name = "Device Package"; Value = "0805 (2012 Metric)"; VariantName = "[No Variations]"
Add component (AddParameter): Name = "lastupdated"; Value = "02-09-2020 1.04.40 AM"; VariantName = "[No Variations]"
Add component (AddParameter): Name = "Lifecycle Status"; Value = "Active"; VariantName = "[No Variations]"
Add component (AddParameter): Name = "manufacturer"; Value = "AVX Corporation"; VariantName = "[No Variations]"
Add component (AddParameter): Name = "Minimum Order"; Value = "1"; VariantName = "[No Variations]"
Add component (AddParameter): Name = "Mounting Type"; Value = "Surface Mount, MLCC"; VariantName = "[No Variations]"
Add component (AddParameter): Name = "Operating Temperature"; Value = "-55°C ~ 125°C"; VariantName = "[No Variations]"
Add component (AddParameter): Name = "Package / Case"; Value = "0805 (2012 Metric)"; VariantName = "[No Variations]"
Add component (AddParameter): Name = "packaging"; Value = "TapeAndReel"; VariantName = "[No Variations]"
Add component (AddParameter): Name = "Part Number"; Value = "0805ZC105KAT4A"; VariantName = "[No Variations]"
Add component (AddParameter): Name = "Part Status"; Value = "Active"; VariantName = "[No Variations]"
Add component (AddParameter): Name = "partid"; Value = "3500"; VariantName = "[No Variations]"
Add component (AddParameter): Name = "price"; Value = "0.17"; VariantName = "[No Variations]"
Add component (AddParameter): Name = "series"; Value = "-"; VariantName = "[No Variations]"
Add component (AddParameter): Name = "Size / Dimension"; Value = "0.079" L x 0.049" W (2.00mm x 1.25mm)"; VariantName = "[No Variations]"
Add component (AddParameter): Name = "Supplier 1"; Value = "DigiKey"; VariantName = "[No Variations]"
Add component (AddParameter): Name = "Supplier Part Number 1"; Value = "478-7604-1-ND"; VariantName = "[No Variations]"
Add component (AddParameter): Name = "Temperature Coefficient"; Value = "X7R"; VariantName = "[No Variations]"
Add component (AddParameter): Name = "Thickness (Max)"; Value = "0.037" (0.94mm)"; VariantName = "[No Variations]"
Add component (AddParameter): Name = "Tolerance"; Value = "±10%"; VariantName = "[No Variations]"
Add component (AddParameter): Name = "value"; Value = "1µF"; VariantName = "[No Variations]"
Add component (AddParameter): Name = "Voltage - Rated"; Value = "10V"; VariantName = "[No Variations]"
Added Component: Designator=C35(CAP 0805_2012)
Add component (AddParameter): Name = "Applications"; Value = "General Purpose"; VariantName = "[No Variations]"
Add component (AddParameter): Name = "Capacitance"; Value = "0.1µF"; VariantName = "[No Variations]"
Add component (AddParameter): Name = "componentlink1description"; Value = "Datasheet"; VariantName = "[No Variations]"
Add component (AddParameter): Name = "componentlink1url"; Value = "http://datasheets.avx.com/X7RDielectric.pdf"; VariantName = "[No Variations]"
Add component (AddParameter): Name = "componentlink2description"; Value = "DigiKey Link"; VariantName = "[No Variations]"
Add component (AddParameter): Name = "componentlink2url"; Value = "http://digikey.com/product-detail/en/avx-corporation/0805ZC105KAT4A/478-7604-1-ND/7536237"; VariantName = "[No Variations]"
Add component (AddParameter): Name = "Device Package"; Value = "0805 (2012 Metric)"; VariantName = "[No Variations]"
Add component (AddParameter): Name = "lastupdated"; Value = "02-09-2020 1.04.40 AM"; VariantName = "[No Variations]"
Add component (AddParameter): Name = "Lifecycle Status"; Value = "Active"; VariantName = "[No Variations]"
Add component (AddParameter): Name = "manufacturer"; Value = "AVX Corporation"; VariantName = "[No Variations]"
Add component (AddParameter): Name = "Minimum Order"; Value = "1"; VariantName = "[No Variations]"
Add component (AddParameter): Name = "Mounting Type"; Value = "Surface Mount, MLCC"; VariantName = "[No Variations]"
Add component (AddParameter): Name = "Operating Temperature"; Value = "-55°C ~ 125°C"; VariantName = "[No Variations]"
Add component (AddParameter): Name = "Package / Case"; Value = "0805 (2012 Metric)"; VariantName = "[No Variations]"
Add component (AddParameter): Name = "packaging"; Value = "TapeAndReel"; VariantName = "[No Variations]"
Add component (AddParameter): Name = "Part Number"; Value = "0805ZC105KAT4A"; VariantName = "[No Variations]"
Add component (AddParameter): Name = "Part Status"; Value = "Active"; VariantName = "[No Variations]"
Add component (AddParameter): Name = "partid"; Value = "3500"; VariantName = "[No Variations]"
Add component (AddParameter): Name = "price"; Value = "0.17"; VariantName = "[No Variations]"
Add component (AddParameter): Name = "series"; Value = "-"; VariantName = "[No Variations]"
Add component (AddParameter): Name = "Size / Dimension"; Value = "0.079" L x 0.049" W (2.00mm x 1.25mm)"; VariantName = "[No Variations]"
Add component (AddParameter): Name = "Supplier 1"; Value = "DigiKey"; VariantName = "[No Variations]"
Add component (AddParameter): Name = "Supplier Part Number 1"; Value = "478-7604-1-ND"; VariantName = "[No Variations]"
Add component (AddParameter): Name = "Temperature Coefficient"; Value = "X7R"; VariantName = "[No Variations]"
Add component (AddParameter): Name = "Thickness (Max)"; Value = "0.037" (0.94mm)"; VariantName = "[No Variations]"
Add component (AddParameter): Name = "Tolerance"; Value = "±10%"; VariantName = "[No Variations]"
Add component (AddParameter): Name = "value"; Value = "1µF"; VariantName = "[No Variations]"
Add component (AddParameter): Name = "Voltage - Rated"; Value = "10V"; VariantName = "[No Variations]"
Added Component: Designator=C36(CAP 0805_2012)
Add component (AddParameter): Name = "Applications"; Value = "General Purpose"; VariantName = "[No Variations]"
Add component (AddParameter): Name = "Capacitance"; Value = "0.1µF"; VariantName = "[No Variations]"
Add component (AddParameter): Name = "componentlink1description"; Value = "Datasheet"; VariantName = "[No Variations]"
Add component (AddParameter): Name = "componentlink1url"; Value = "http://datasheets.avx.com/X7RDielectric.pdf"; VariantName = "[No Variations]"
Add component (AddParameter): Name = "componentlink2description"; Value = "DigiKey Link"; VariantName = "[No Variations]"
Add component (AddParameter): Name = "componentlink2url"; Value = "http://digikey.com/product-detail/en/avx-corporation/0805ZC105KAT4A/478-7604-1-ND/7536237"; VariantName = "[No Variations]"
Add component (AddParameter): Name = "Device Package"; Value = "0805 (2012 Metric)"; VariantName = "[No Variations]"
Add component (AddParameter): Name = "lastupdated"; Value = "02-09-2020 1.04.40 AM"; VariantName = "[No Variations]"
Add component (AddParameter): Name = "Lifecycle Status"; Value = "Active"; VariantName = "[No Variations]"
Add component (AddParameter): Name = "manufacturer"; Value = "AVX Corporation"; VariantName = "[No Variations]"
Add component (AddParameter): Name = "Minimum Order"; Value = "1"; VariantName = "[No Variations]"
Add component (AddParameter): Name = "Mounting Type"; Value = "Surface Mount, MLCC"; VariantName = "[No Variations]"
Add component (AddParameter): Name = "Operating Temperature"; Value = "-55°C ~ 125°C"; VariantName = "[No Variations]"
Add component (AddParameter): Name = "Package / Case"; Value = "0805 (2012 Metric)"; VariantName = "[No Variations]"
Add component (AddParameter): Name = "packaging"; Value = "TapeAndReel"; VariantName = "[No Variations]"
Add component (AddParameter): Name = "Part Number"; Value = "0805ZC105KAT4A"; VariantName = "[No Variations]"
Add component (AddParameter): Name = "Part Status"; Value = "Active"; VariantName = "[No Variations]"
Add component (AddParameter): Name = "partid"; Value = "3500"; VariantName = "[No Variations]"
Add component (AddParameter): Name = "price"; Value = "0.17"; VariantName = "[No Variations]"
Add component (AddParameter): Name = "series"; Value = "-"; VariantName = "[No Variations]"
Add component (AddParameter): Name = "Size / Dimension"; Value = "0.079" L x 0.049" W (2.00mm x 1.25mm)"; VariantName = "[No Variations]"
Add component (AddParameter): Name = "Supplier 1"; Value = "DigiKey"; VariantName = "[No Variations]"
Add component (AddParameter): Name = "Supplier Part Number 1"; Value = "478-7604-1-ND"; VariantName = "[No Variations]"
Add component (AddParameter): Name = "Temperature Coefficient"; Value = "X7R"; VariantName = "[No Variations]"
Add component (AddParameter): Name = "Thickness (Max)"; Value = "0.037" (0.94mm)"; VariantName = "[No Variations]"
Add component (AddParameter): Name = "Tolerance"; Value = "±10%"; VariantName = "[No Variations]"
Add component (AddParameter): Name = "value"; Value = "1µF"; VariantName = "[No Variations]"
Add component (AddParameter): Name = "Voltage - Rated"; Value = "10V"; VariantName = "[No Variations]"
Added Component: Designator=C37(CAP 0805_2012)
Add component (AddParameter): Name = "Applications"; Value = "General Purpose"; VariantName = "[No Variations]"
Add component (AddParameter): Name = "Capacitance"; Value = "0.1µF"; VariantName = "[No Variations]"
Add component (AddParameter): Name = "componentlink1description"; Value = "Datasheet"; VariantName = "[No Variations]"
Add component (AddParameter): Name = "componentlink1url"; Value = "http://datasheets.avx.com/X7RDielectric.pdf"; VariantName = "[No Variations]"
Add component (AddParameter): Name = "componentlink2description"; Value = "DigiKey Link"; VariantName = "[No Variations]"
Add component (AddParameter): Name = "componentlink2url"; Value = "http://digikey.com/product-detail/en/avx-corporation/0805ZC105KAT4A/478-7604-1-ND/7536237"; VariantName = "[No Variations]"
Add component (AddParameter): Name = "Device Package"; Value = "0805 (2012 Metric)"; VariantName = "[No Variations]"
Add component (AddParameter): Name = "lastupdated"; Value = "02-09-2020 1.04.40 AM"; VariantName = "[No Variations]"
Add component (AddParameter): Name = "Lifecycle Status"; Value = "Active"; VariantName = "[No Variations]"
Add component (AddParameter): Name = "manufacturer"; Value = "AVX Corporation"; VariantName = "[No Variations]"
Add component (AddParameter): Name = "Minimum Order"; Value = "1"; VariantName = "[No Variations]"
Add component (AddParameter): Name = "Mounting Type"; Value = "Surface Mount, MLCC"; VariantName = "[No Variations]"
Add component (AddParameter): Name = "Operating Temperature"; Value = "-55°C ~ 125°C"; VariantName = "[No Variations]"
Add component (AddParameter): Name = "Package / Case"; Value = "0805 (2012 Metric)"; VariantName = "[No Variations]"
Add component (AddParameter): Name = "packaging"; Value = "TapeAndReel"; VariantName = "[No Variations]"
Add component (AddParameter): Name = "Part Number"; Value = "0805ZC105KAT4A"; VariantName = "[No Variations]"
Add component (AddParameter): Name = "Part Status"; Value = "Active"; VariantName = "[No Variations]"
Add component (AddParameter): Name = "partid"; Value = "3500"; VariantName = "[No Variations]"
Add component (AddParameter): Name = "price"; Value = "0.17"; VariantName = "[No Variations]"
Add component (AddParameter): Name = "series"; Value = "-"; VariantName = "[No Variations]"
Add component (AddParameter): Name = "Size / Dimension"; Value = "0.079" L x 0.049" W (2.00mm x 1.25mm)"; VariantName = "[No Variations]"
Add component (AddParameter): Name = "Supplier 1"; Value = "DigiKey"; VariantName = "[No Variations]"
Add component (AddParameter): Name = "Supplier Part Number 1"; Value = "478-7604-1-ND"; VariantName = "[No Variations]"
Add component (AddParameter): Name = "Temperature Coefficient"; Value = "X7R"; VariantName = "[No Variations]"
Add component (AddParameter): Name = "Thickness (Max)"; Value = "0.037" (0.94mm)"; VariantName = "[No Variations]"
Add component (AddParameter): Name = "Tolerance"; Value = "±10%"; VariantName = "[No Variations]"
Add component (AddParameter): Name = "value"; Value = "1µF"; VariantName = "[No Variations]"
Add component (AddParameter): Name = "Voltage - Rated"; Value = "10V"; VariantName = "[No Variations]"
Added Component: Designator=C38(CAP 0805_2012)
Add component (AddParameter): Name = "Applications"; Value = "General Purpose"; VariantName = "[No Variations]"
Add component (AddParameter): Name = "Capacitance"; Value = "0.1µF"; VariantName = "[No Variations]"
Add component (AddParameter): Name = "componentlink1description"; Value = "Datasheet"; VariantName = "[No Variations]"
Add component (AddParameter): Name = "componentlink1url"; Value = "http://datasheets.avx.com/X7RDielectric.pdf"; VariantName = "[No Variations]"
Add component (AddParameter): Name = "componentlink2description"; Value = "DigiKey Link"; VariantName = "[No Variations]"
Add component (AddParameter): Name = "componentlink2url"; Value = "http://digikey.com/product-detail/en/avx-corporation/0805ZC105KAT4A/478-7604-1-ND/7536237"; VariantName = "[No Variations]"
Add component (AddParameter): Name = "Device Package"; Value = "0805 (2012 Metric)"; VariantName = "[No Variations]"
Add component (AddParameter): Name = "lastupdated"; Value = "02-09-2020 1.04.40 AM"; VariantName = "[No Variations]"
Add component (AddParameter): Name = "Lifecycle Status"; Value = "Active"; VariantName = "[No Variations]"
Add component (AddParameter): Name = "manufacturer"; Value = "AVX Corporation"; VariantName = "[No Variations]"
Add component (AddParameter): Name = "Minimum Order"; Value = "1"; VariantName = "[No Variations]"
Add component (AddParameter): Name = "Mounting Type"; Value = "Surface Mount, MLCC"; VariantName = "[No Variations]"
Add component (AddParameter): Name = "Operating Temperature"; Value = "-55°C ~ 125°C"; VariantName = "[No Variations]"
Add component (AddParameter): Name = "Package / Case"; Value = "0805 (2012 Metric)"; VariantName = "[No Variations]"
Add component (AddParameter): Name = "packaging"; Value = "TapeAndReel"; VariantName = "[No Variations]"
Add component (AddParameter): Name = "Part Number"; Value = "0805ZC105KAT4A"; VariantName = "[No Variations]"
Add component (AddParameter): Name = "Part Status"; Value = "Active"; VariantName = "[No Variations]"
Add component (AddParameter): Name = "partid"; Value = "3500"; VariantName = "[No Variations]"
Add component (AddParameter): Name = "price"; Value = "0.17"; VariantName = "[No Variations]"
Add component (AddParameter): Name = "series"; Value = "-"; VariantName = "[No Variations]"
Add component (AddParameter): Name = "Size / Dimension"; Value = "0.079" L x 0.049" W (2.00mm x 1.25mm)"; VariantName = "[No Variations]"
Add component (AddParameter): Name = "Supplier 1"; Value = "DigiKey"; VariantName = "[No Variations]"
Add component (AddParameter): Name = "Supplier Part Number 1"; Value = "478-7604-1-ND"; VariantName = "[No Variations]"
Add component (AddParameter): Name = "Temperature Coefficient"; Value = "X7R"; VariantName = "[No Variations]"
Add component (AddParameter): Name = "Thickness (Max)"; Value = "0.037" (0.94mm)"; VariantName = "[No Variations]"
Add component (AddParameter): Name = "Tolerance"; Value = "±10%"; VariantName = "[No Variations]"
Add component (AddParameter): Name = "value"; Value = "1µF"; VariantName = "[No Variations]"
Add component (AddParameter): Name = "Voltage - Rated"; Value = "10V"; VariantName = "[No Variations]"
Added Component: Designator=C39(CAP 0805_2012)
Add component (AddParameter): Name = "Applications"; Value = "General Purpose"; VariantName = "[No Variations]"
Add component (AddParameter): Name = "Capacitance"; Value = "0.1µF"; VariantName = "[No Variations]"
Add component (AddParameter): Name = "componentlink1description"; Value = "Datasheet"; VariantName = "[No Variations]"
Add component (AddParameter): Name = "componentlink1url"; Value = "http://datasheets.avx.com/X7RDielectric.pdf"; VariantName = "[No Variations]"
Add component (AddParameter): Name = "componentlink2description"; Value = "DigiKey Link"; VariantName = "[No Variations]"
Add component (AddParameter): Name = "componentlink2url"; Value = "http://digikey.com/product-detail/en/avx-corporation/0805ZC105KAT4A/478-7604-1-ND/7536237"; VariantName = "[No Variations]"
Add component (AddParameter): Name = "Device Package"; Value = "0805 (2012 Metric)"; VariantName = "[No Variations]"
Add component (AddParameter): Name = "lastupdated"; Value = "02-09-2020 1.04.40 AM"; VariantName = "[No Variations]"
Add component (AddParameter): Name = "Lifecycle Status"; Value = "Active"; VariantName = "[No Variations]"
Add component (AddParameter): Name = "manufacturer"; Value = "AVX Corporation"; VariantName = "[No Variations]"
Add component (AddParameter): Name = "Minimum Order"; Value = "1"; VariantName = "[No Variations]"
Add component (AddParameter): Name = "Mounting Type"; Value = "Surface Mount, MLCC"; VariantName = "[No Variations]"
Add component (AddParameter): Name = "Operating Temperature"; Value = "-55°C ~ 125°C"; VariantName = "[No Variations]"
Add component (AddParameter): Name = "Package / Case"; Value = "0805 (2012 Metric)"; VariantName = "[No Variations]"
Add component (AddParameter): Name = "packaging"; Value = "TapeAndReel"; VariantName = "[No Variations]"
Add component (AddParameter): Name = "Part Number"; Value = "0805ZC105KAT4A"; VariantName = "[No Variations]"
Add component (AddParameter): Name = "Part Status"; Value = "Active"; VariantName = "[No Variations]"
Add component (AddParameter): Name = "partid"; Value = "3500"; VariantName = "[No Variations]"
Add component (AddParameter): Name = "price"; Value = "0.17"; VariantName = "[No Variations]"
Add component (AddParameter): Name = "series"; Value = "-"; VariantName = "[No Variations]"
Add component (AddParameter): Name = "Size / Dimension"; Value = "0.079" L x 0.049" W (2.00mm x 1.25mm)"; VariantName = "[No Variations]"
Add component (AddParameter): Name = "Supplier 1"; Value = "DigiKey"; VariantName = "[No Variations]"
Add component (AddParameter): Name = "Supplier Part Number 1"; Value = "478-7604-1-ND"; VariantName = "[No Variations]"
Add component (AddParameter): Name = "Temperature Coefficient"; Value = "X7R"; VariantName = "[No Variations]"
Add component (AddParameter): Name = "Thickness (Max)"; Value = "0.037" (0.94mm)"; VariantName = "[No Variations]"
Add component (AddParameter): Name = "Tolerance"; Value = "±10%"; VariantName = "[No Variations]"
Add component (AddParameter): Name = "value"; Value = "1µF"; VariantName = "[No Variations]"
Add component (AddParameter): Name = "Voltage - Rated"; Value = "10V"; VariantName = "[No Variations]"
Added Component: Designator=C40(CAP 1206_3216 - 0.8MM)
Add component (AddParameter): Name = "Applications"; Value = "SMPS Filtering"; VariantName = "[No Variations]"
Add component (AddParameter): Name = "Capacitance"; Value = "10 µF"; VariantName = "[No Variations]"
Add component (AddParameter): Name = "componentlink1description"; Value = "Datasheet"; VariantName = "[No Variations]"
Add component (AddParameter): Name = "componentlink1url"; Value = "http://www.yuden.co.jp/productdata/catalog/mlcc06_e.pdf"; VariantName = "[No Variations]"
Add component (AddParameter): Name = "componentlink2description"; Value = "DigiKey Link"; VariantName = "[No Variations]"
Add component (AddParameter): Name = "componentlink2url"; Value = "https://www.digikey.com/en/products/detail/taiyo-yuden/EMK316BJ106MD-T/6563474"; VariantName = "[No Variations]"
Add component (AddParameter): Name = "Device Package"; Value = "1206 (3216 Metric)"; VariantName = "[No Variations]"
Add component (AddParameter): Name = "lastupdated"; Value = "04-06-2024 7.10.41 PM"; VariantName = "[No Variations]"
Add component (AddParameter): Name = "Lifecycle Status"; Value = "Active"; VariantName = "[No Variations]"
Add component (AddParameter): Name = "manufacturer"; Value = "Taiyo Yuden"; VariantName = "[No Variations]"
Add component (AddParameter): Name = "Minimum Order"; Value = "1"; VariantName = "[No Variations]"
Add component (AddParameter): Name = "Mounting Type"; Value = "Surface Mount, MLCC"; VariantName = "[No Variations]"
Add component (AddParameter): Name = "Operating Temperature"; Value = "-55°C ~ 85°C"; VariantName = "[No Variations]"
Add component (AddParameter): Name = "Package / Case"; Value = "1206 (3216 Metric)"; VariantName = "[No Variations]"
Add component (AddParameter): Name = "packaging"; Value = "TapeAndReel"; VariantName = "[No Variations]"
Add component (AddParameter): Name = "Part Number"; Value = "EMK316BJ106MD-T"; VariantName = "[No Variations]"
Add component (AddParameter): Name = "Part Status"; Value = "Active"; VariantName = "[No Variations]"
Add component (AddParameter): Name = "partid"; Value = "18996"; VariantName = "[No Variations]"
Add component (AddParameter): Name = "price"; Value = "0.04"; VariantName = "[No Variations]"
Add component (AddParameter): Name = "series"; Value = "M"; VariantName = "[No Variations]"
Add component (AddParameter): Name = "Size / Dimension"; Value = "0.126" L x 0.063" W (3.20mm x 1.60mm)"; VariantName = "[No Variations]"
Add component (AddParameter): Name = "Supplier 1"; Value = "DigiKey"; VariantName = "[No Variations]"
Add component (AddParameter): Name = "Supplier Part Number 1"; Value = "587-4881-1-ND"; VariantName = "[No Variations]"
Add component (AddParameter): Name = "Temperature Coefficient"; Value = "X5R"; VariantName = "[No Variations]"
Add component (AddParameter): Name = "Thickness (Max)"; Value = "0.037" (0.95mm)"; VariantName = "[No Variations]"
Add component (AddParameter): Name = "Tolerance"; Value = "±20%"; VariantName = "[No Variations]"
Add component (AddParameter): Name = "value"; Value = "10 µF"; VariantName = "[No Variations]"
Add component (AddParameter): Name = "Voltage - Rated"; Value = "16V"; VariantName = "[No Variations]"
Added Component: Designator=C41(CAP 0805_2012)
Add component (AddParameter): Name = "Applications"; Value = "General Purpose"; VariantName = "[No Variations]"
Add component (AddParameter): Name = "Capacitance"; Value = "15pF"; VariantName = "[No Variations]"
Add component (AddParameter): Name = "componentlink1description"; Value = "Datasheet"; VariantName = "[No Variations]"
Add component (AddParameter): Name = "componentlink1url"; Value = "http://datasheets.avx.com/C0GNP0-Dielectric.pdf"; VariantName = "[No Variations]"
Add component (AddParameter): Name = "componentlink2description"; Value = "DigiKey Link"; VariantName = "[No Variations]"
Add component (AddParameter): Name = "componentlink2url"; Value = "http://digikey.com/product-detail/en/avx-corporation/08055A150JAT2A/478-1306-1-ND/564338"; VariantName = "[No Variations]"
Add component (AddParameter): Name = "Device Package"; Value = "0805 (2012 Metric)"; VariantName = "[No Variations]"
Add component (AddParameter): Name = "lastupdated"; Value = "02-09-2020 1.04.40 AM"; VariantName = "[No Variations]"
Add component (AddParameter): Name = "Lifecycle Status"; Value = "Active"; VariantName = "[No Variations]"
Add component (AddParameter): Name = "manufacturer"; Value = "AVX Corporation"; VariantName = "[No Variations]"
Add component (AddParameter): Name = "Minimum Order"; Value = "1"; VariantName = "[No Variations]"
Add component (AddParameter): Name = "Mounting Type"; Value = "Surface Mount, MLCC"; VariantName = "[No Variations]"
Add component (AddParameter): Name = "Operating Temperature"; Value = "-55°C ~ 125°C"; VariantName = "[No Variations]"
Add component (AddParameter): Name = "Package / Case"; Value = "0805 (2012 Metric)"; VariantName = "[No Variations]"
Add component (AddParameter): Name = "packaging"; Value = "TapeAndReel"; VariantName = "[No Variations]"
Add component (AddParameter): Name = "Part Number"; Value = "08055A150JAT2A"; VariantName = "[No Variations]"
Add component (AddParameter): Name = "Part Status"; Value = "Active"; VariantName = "[No Variations]"
Add component (AddParameter): Name = "partid"; Value = "3213"; VariantName = "[No Variations]"
Add component (AddParameter): Name = "price"; Value = "0.02"; VariantName = "[No Variations]"
Add component (AddParameter): Name = "series"; Value = "-"; VariantName = "[No Variations]"
Add component (AddParameter): Name = "Size / Dimension"; Value = "0.079" L x 0.049" W (2.01mm x 1.25mm)"; VariantName = "[No Variations]"
Add component (AddParameter): Name = "Supplier 1"; Value = "DigiKey"; VariantName = "[No Variations]"
Add component (AddParameter): Name = "Supplier Part Number 1"; Value = "478-1306-1-ND"; VariantName = "[No Variations]"
Add component (AddParameter): Name = "Temperature Coefficient"; Value = "C0G, NP0"; VariantName = "[No Variations]"
Add component (AddParameter): Name = "Thickness (Max)"; Value = "0.037" (0.94mm)"; VariantName = "[No Variations]"
Add component (AddParameter): Name = "Tolerance"; Value = "±5%"; VariantName = "[No Variations]"
Add component (AddParameter): Name = "value"; Value = "15pF"; VariantName = "[No Variations]"
Add component (AddParameter): Name = "Voltage - Rated"; Value = "50V"; VariantName = "[No Variations]"
Added Component: Designator=C42(CAP 0805_2012)
Add component (AddParameter): Name = "Applications"; Value = "General Purpose"; VariantName = "[No Variations]"
Add component (AddParameter): Name = "Capacitance"; Value = "15pF"; VariantName = "[No Variations]"
Add component (AddParameter): Name = "componentlink1description"; Value = "Datasheet"; VariantName = "[No Variations]"
Add component (AddParameter): Name = "componentlink1url"; Value = "http://datasheets.avx.com/C0GNP0-Dielectric.pdf"; VariantName = "[No Variations]"
Add component (AddParameter): Name = "componentlink2description"; Value = "DigiKey Link"; VariantName = "[No Variations]"
Add component (AddParameter): Name = "componentlink2url"; Value = "http://digikey.com/product-detail/en/avx-corporation/08055A150JAT2A/478-1306-1-ND/564338"; VariantName = "[No Variations]"
Add component (AddParameter): Name = "Device Package"; Value = "0805 (2012 Metric)"; VariantName = "[No Variations]"
Add component (AddParameter): Name = "lastupdated"; Value = "02-09-2020 1.04.40 AM"; VariantName = "[No Variations]"
Add component (AddParameter): Name = "Lifecycle Status"; Value = "Active"; VariantName = "[No Variations]"
Add component (AddParameter): Name = "manufacturer"; Value = "AVX Corporation"; VariantName = "[No Variations]"
Add component (AddParameter): Name = "Minimum Order"; Value = "1"; VariantName = "[No Variations]"
Add component (AddParameter): Name = "Mounting Type"; Value = "Surface Mount, MLCC"; VariantName = "[No Variations]"
Add component (AddParameter): Name = "Operating Temperature"; Value = "-55°C ~ 125°C"; VariantName = "[No Variations]"
Add component (AddParameter): Name = "Package / Case"; Value = "0805 (2012 Metric)"; VariantName = "[No Variations]"
Add component (AddParameter): Name = "packaging"; Value = "TapeAndReel"; VariantName = "[No Variations]"
Add component (AddParameter): Name = "Part Number"; Value = "08055A150JAT2A"; VariantName = "[No Variations]"
Add component (AddParameter): Name = "Part Status"; Value = "Active"; VariantName = "[No Variations]"
Add component (AddParameter): Name = "partid"; Value = "3213"; VariantName = "[No Variations]"
Add component (AddParameter): Name = "price"; Value = "0.02"; VariantName = "[No Variations]"
Add component (AddParameter): Name = "series"; Value = "-"; VariantName = "[No Variations]"
Add component (AddParameter): Name = "Size / Dimension"; Value = "0.079" L x 0.049" W (2.01mm x 1.25mm)"; VariantName = "[No Variations]"
Add component (AddParameter): Name = "Supplier 1"; Value = "DigiKey"; VariantName = "[No Variations]"
Add component (AddParameter): Name = "Supplier Part Number 1"; Value = "478-1306-1-ND"; VariantName = "[No Variations]"
Add component (AddParameter): Name = "Temperature Coefficient"; Value = "C0G, NP0"; VariantName = "[No Variations]"
Add component (AddParameter): Name = "Thickness (Max)"; Value = "0.037" (0.94mm)"; VariantName = "[No Variations]"
Add component (AddParameter): Name = "Tolerance"; Value = "±5%"; VariantName = "[No Variations]"
Add component (AddParameter): Name = "value"; Value = "15pF"; VariantName = "[No Variations]"
Add component (AddParameter): Name = "Voltage - Rated"; Value = "50V"; VariantName = "[No Variations]"
Added Component: Designator=C43(CAP 0805_2012)
Add component (AddParameter): Name = "Applications"; Value = "General Purpose"; VariantName = "[No Variations]"
Add component (AddParameter): Name = "Capacitance"; Value = "15pF"; VariantName = "[No Variations]"
Add component (AddParameter): Name = "componentlink1description"; Value = "Datasheet"; VariantName = "[No Variations]"
Add component (AddParameter): Name = "componentlink1url"; Value = "http://datasheets.avx.com/C0GNP0-Dielectric.pdf"; VariantName = "[No Variations]"
Add component (AddParameter): Name = "componentlink2description"; Value = "DigiKey Link"; VariantName = "[No Variations]"
Add component (AddParameter): Name = "componentlink2url"; Value = "http://digikey.com/product-detail/en/avx-corporation/08055A150JAT2A/478-1306-1-ND/564338"; VariantName = "[No Variations]"
Add component (AddParameter): Name = "Device Package"; Value = "0805 (2012 Metric)"; VariantName = "[No Variations]"
Add component (AddParameter): Name = "lastupdated"; Value = "02-09-2020 1.04.40 AM"; VariantName = "[No Variations]"
Add component (AddParameter): Name = "Lifecycle Status"; Value = "Active"; VariantName = "[No Variations]"
Add component (AddParameter): Name = "manufacturer"; Value = "AVX Corporation"; VariantName = "[No Variations]"
Add component (AddParameter): Name = "Minimum Order"; Value = "1"; VariantName = "[No Variations]"
Add component (AddParameter): Name = "Mounting Type"; Value = "Surface Mount, MLCC"; VariantName = "[No Variations]"
Add component (AddParameter): Name = "Operating Temperature"; Value = "-55°C ~ 125°C"; VariantName = "[No Variations]"
Add component (AddParameter): Name = "Package / Case"; Value = "0805 (2012 Metric)"; VariantName = "[No Variations]"
Add component (AddParameter): Name = "packaging"; Value = "TapeAndReel"; VariantName = "[No Variations]"
Add component (AddParameter): Name = "Part Number"; Value = "08055A150JAT2A"; VariantName = "[No Variations]"
Add component (AddParameter): Name = "Part Status"; Value = "Active"; VariantName = "[No Variations]"
Add component (AddParameter): Name = "partid"; Value = "3213"; VariantName = "[No Variations]"
Add component (AddParameter): Name = "price"; Value = "0.02"; VariantName = "[No Variations]"
Add component (AddParameter): Name = "series"; Value = "-"; VariantName = "[No Variations]"
Add component (AddParameter): Name = "Size / Dimension"; Value = "0.079" L x 0.049" W (2.01mm x 1.25mm)"; VariantName = "[No Variations]"
Add component (AddParameter): Name = "Supplier 1"; Value = "DigiKey"; VariantName = "[No Variations]"
Add component (AddParameter): Name = "Supplier Part Number 1"; Value = "478-1306-1-ND"; VariantName = "[No Variations]"
Add component (AddParameter): Name = "Temperature Coefficient"; Value = "C0G, NP0"; VariantName = "[No Variations]"
Add component (AddParameter): Name = "Thickness (Max)"; Value = "0.037" (0.94mm)"; VariantName = "[No Variations]"
Add component (AddParameter): Name = "Tolerance"; Value = "±5%"; VariantName = "[No Variations]"
Add component (AddParameter): Name = "value"; Value = "15pF"; VariantName = "[No Variations]"
Add component (AddParameter): Name = "Voltage - Rated"; Value = "50V"; VariantName = "[No Variations]"
Added Component: Designator=C44(CAP 0805_2012)
Add component (AddParameter): Name = "Applications"; Value = "General Purpose"; VariantName = "[No Variations]"
Add component (AddParameter): Name = "Capacitance"; Value = "15pF"; VariantName = "[No Variations]"
Add component (AddParameter): Name = "componentlink1description"; Value = "Datasheet"; VariantName = "[No Variations]"
Add component (AddParameter): Name = "componentlink1url"; Value = "http://datasheets.avx.com/C0GNP0-Dielectric.pdf"; VariantName = "[No Variations]"
Add component (AddParameter): Name = "componentlink2description"; Value = "DigiKey Link"; VariantName = "[No Variations]"
Add component (AddParameter): Name = "componentlink2url"; Value = "http://digikey.com/product-detail/en/avx-corporation/08055A150JAT2A/478-1306-1-ND/564338"; VariantName = "[No Variations]"
Add component (AddParameter): Name = "Device Package"; Value = "0805 (2012 Metric)"; VariantName = "[No Variations]"
Add component (AddParameter): Name = "lastupdated"; Value = "02-09-2020 1.04.40 AM"; VariantName = "[No Variations]"
Add component (AddParameter): Name = "Lifecycle Status"; Value = "Active"; VariantName = "[No Variations]"
Add component (AddParameter): Name = "manufacturer"; Value = "AVX Corporation"; VariantName = "[No Variations]"
Add component (AddParameter): Name = "Minimum Order"; Value = "1"; VariantName = "[No Variations]"
Add component (AddParameter): Name = "Mounting Type"; Value = "Surface Mount, MLCC"; VariantName = "[No Variations]"
Add component (AddParameter): Name = "Operating Temperature"; Value = "-55°C ~ 125°C"; VariantName = "[No Variations]"
Add component (AddParameter): Name = "Package / Case"; Value = "0805 (2012 Metric)"; VariantName = "[No Variations]"
Add component (AddParameter): Name = "packaging"; Value = "TapeAndReel"; VariantName = "[No Variations]"
Add component (AddParameter): Name = "Part Number"; Value = "08055A150JAT2A"; VariantName = "[No Variations]"
Add component (AddParameter): Name = "Part Status"; Value = "Active"; VariantName = "[No Variations]"
Add component (AddParameter): Name = "partid"; Value = "3213"; VariantName = "[No Variations]"
Add component (AddParameter): Name = "price"; Value = "0.02"; VariantName = "[No Variations]"
Add component (AddParameter): Name = "series"; Value = "-"; VariantName = "[No Variations]"
Add component (AddParameter): Name = "Size / Dimension"; Value = "0.079" L x 0.049" W (2.01mm x 1.25mm)"; VariantName = "[No Variations]"
Add component (AddParameter): Name = "Supplier 1"; Value = "DigiKey"; VariantName = "[No Variations]"
Add component (AddParameter): Name = "Supplier Part Number 1"; Value = "478-1306-1-ND"; VariantName = "[No Variations]"
Add component (AddParameter): Name = "Temperature Coefficient"; Value = "C0G, NP0"; VariantName = "[No Variations]"
Add component (AddParameter): Name = "Thickness (Max)"; Value = "0.037" (0.94mm)"; VariantName = "[No Variations]"
Add component (AddParameter): Name = "Tolerance"; Value = "±5%"; VariantName = "[No Variations]"
Add component (AddParameter): Name = "value"; Value = "15pF"; VariantName = "[No Variations]"
Add component (AddParameter): Name = "Voltage - Rated"; Value = "50V"; VariantName = "[No Variations]"
Added Component: Designator=D1(DIOAD753W49L380D172B)
Add component (AddParameter): Name = "Check_prices"; Value = "https://www.snapeda.com/parts/1N4148/Onsemi/view-part/?ref=eda"; VariantName = "[No Variations]"
Add component (AddParameter): Name = "MF"; Value = "ON Semiconductor"; VariantName = "[No Variations]"
Add component (AddParameter): Name = "MP"; Value = "1N4148"; VariantName = "[No Variations]"
Add component (AddParameter): Name = "Package"; Value = "AXIAL LEAD-2 ON Semiconductor"; VariantName = "[No Variations]"
Add component (AddParameter): Name = "SnapEDA_Link"; Value = "https://www.snapeda.com/parts/1N4148/Onsemi/view-part/?ref=snap"; VariantName = "[No Variations]"
Add component (AddParameter): Name = "Value"; Value = ""; VariantName = "[No Variations]"
Added Component: Designator=D2(LEDC2012X70N)
Add component (AddParameter): Name = "Availability"; Value = "Unavailable"; VariantName = "[No Variations]"
Add component (AddParameter): Name = "MF"; Value = ""; VariantName = "[No Variations]"
Add component (AddParameter): Name = "MP"; Value = "597-3305-607F"; VariantName = "[No Variations]"
Add component (AddParameter): Name = "Package"; Value = "None"; VariantName = "[No Variations]"
Add component (AddParameter): Name = "Price"; Value = "None"; VariantName = "[No Variations]"
Add component (AddParameter): Name = "Value"; Value = ""; VariantName = "[No Variations]"
Added Component: Designator=D3(LEDC2012X70N)
Add component (AddParameter): Name = "Availability"; Value = "Unavailable"; VariantName = "[No Variations]"
Add component (AddParameter): Name = "MF"; Value = ""; VariantName = "[No Variations]"
Add component (AddParameter): Name = "MP"; Value = "597-3305-607F"; VariantName = "[No Variations]"
Add component (AddParameter): Name = "Package"; Value = "None"; VariantName = "[No Variations]"
Add component (AddParameter): Name = "Price"; Value = "None"; VariantName = "[No Variations]"
Add component (AddParameter): Name = "Value"; Value = ""; VariantName = "[No Variations]"
Added Component: Designator=D4(SM712.TCT)
Add component (AddParameter): Name = "Check_prices"; Value = "https://www.snapeda.com/parts/SM712.TCT/Semtech/view-part/?ref=eda"; VariantName = "[No Variations]"
Add component (AddParameter): Name = "MF"; Value = "Semtech Corporation"; VariantName = "[No Variations]"
Add component (AddParameter): Name = "MP"; Value = "SM712.TCT"; VariantName = "[No Variations]"
Add component (AddParameter): Name = "Package"; Value = "SOT-23 Semtech"; VariantName = "[No Variations]"
Add component (AddParameter): Name = "SnapEDA_Link"; Value = "https://www.snapeda.com/parts/SM712.TCT/Semtech/view-part/?ref=snap"; VariantName = "[No Variations]"
Add component (AddParameter): Name = "Value"; Value = ""; VariantName = "[No Variations]"
Added Component: Designator=FB1(FER 0201_0603)
Add component (AddParameter): Name = "ComponentLink1Description"; Value = "Datasheet"; VariantName = "[No Variations]"
Add component (AddParameter): Name = "ComponentLink1URL"; Value = "https://product.tdk.com/info/en/catalog/datasheets/beads_commercial_signal_mmz0603-h_en.pdf?ref_disty=digikey"; VariantName = "[No Variations]"
Add component (AddParameter): Name = "ComponentLink2Description"; Value = "DigiKey Link"; VariantName = "[No Variations]"
Add component (AddParameter): Name = "ComponentLink2URL"; Value = "https://www.digikey.com/en/products/detail/tdk-corporation/MMZ0603S121HT000/4916900"; VariantName = "[No Variations]"
Add component (AddParameter): Name = "Current Rating (Max)"; Value = "480mA"; VariantName = "[No Variations]"
Add component (AddParameter): Name = "DC Resistance (DCR) (Max)"; Value = "220mOhm"; VariantName = "[No Variations]"
Add component (AddParameter): Name = "Device Package"; Value = "0201 (0603 Metric)"; VariantName = "[No Variations]"
Add component (AddParameter): Name = "Filter Type"; Value = "Signal Line"; VariantName = "[No Variations]"
Add component (AddParameter): Name = "Height (Max)"; Value = "0.013" (0.33mm)"; VariantName = "[No Variations]"
Add component (AddParameter): Name = "Impedance @ Frequency"; Value = "120 Ohms @ 100 MHz"; VariantName = "[No Variations]"
Add component (AddParameter): Name = "LastUpdated"; Value = "03-06-2024 7.50.26 PM"; VariantName = "[No Variations]"
Add component (AddParameter): Name = "Lifecycle Status"; Value = "Active"; VariantName = "[No Variations]"
Add component (AddParameter): Name = "Manufacturer"; Value = "TDK Corporation"; VariantName = "[No Variations]"
Add component (AddParameter): Name = "Minimum Order"; Value = "1"; VariantName = "[No Variations]"
Add component (AddParameter): Name = "Mounting Type"; Value = "Surface Mount"; VariantName = "[No Variations]"
Add component (AddParameter): Name = "Number of Lines"; Value = "1"; VariantName = "[No Variations]"
Add component (AddParameter): Name = "Operating Temperature"; Value = "-55°C ~ 125°C"; VariantName = "[No Variations]"
Add component (AddParameter): Name = "Package / Case"; Value = "0201 (0603 Metric)"; VariantName = "[No Variations]"
Add component (AddParameter): Name = "Packaging"; Value = "TapeAndReel"; VariantName = "[No Variations]"
Add component (AddParameter): Name = "Part Number"; Value = "MMZ0603S121HT000"; VariantName = "[No Variations]"
Add component (AddParameter): Name = "Part Status"; Value = "Active"; VariantName = "[No Variations]"
Add component (AddParameter): Name = "PartId"; Value = "4"; VariantName = "[No Variations]"
Add component (AddParameter): Name = "Price"; Value = "0.03"; VariantName = "[No Variations]"
Add component (AddParameter): Name = "Series"; Value = "MMZ-H"; VariantName = "[No Variations]"
Add component (AddParameter): Name = "Size / Dimension"; Value = "0.024" L x 0.012" W (0.60mm x 0.30mm)"; VariantName = "[No Variations]"
Add component (AddParameter): Name = "Supplier 1"; Value = "DigiKey"; VariantName = "[No Variations]"
Add component (AddParameter): Name = "Supplier Part Number 1"; Value = "445-172340-1-ND"; VariantName = "[No Variations]"
Add component (AddParameter): Name = "Value"; Value = "120 Ohms @ 100 MHz"; VariantName = "[No Variations]"
Added Component: Designator=J3(FCI 06-381-6PIN)
Add component (AddParameter): Name = "Color"; Value = "Green"; VariantName = "[No Variations]"
Add component (AddParameter): Name = "ComponentLink1Description"; Value = "Datasheet"; VariantName = "[No Variations]"
Add component (AddParameter): Name = "ComponentLink1URL"; Value = "http://portal.fciconnect.com/Comergent//fci/drawing/oqxx32x100j0g.pdf"; VariantName = "[No Variations]"
Add component (AddParameter): Name = "ComponentLink2Description"; Value = "DigiKey Link"; VariantName = "[No Variations]"
Add component (AddParameter): Name = "ComponentLink2URL"; Value = "//digikey.com/product-detail/en/amphenol-anytek/OQ0632510000G/609-3823-ND/2261282"; VariantName = "[No Variations]"
Add component (AddParameter): Name = "Contact Mating Finish"; Value = "Tin"; VariantName = "[No Variations]"
Add component (AddParameter): Name = "Current - UL"; Value = "10A"; VariantName = "[No Variations]"
Add component (AddParameter): Name = "Header Orientation"; Value = "90°, Right Angle"; VariantName = "[No Variations]"
Add component (AddParameter): Name = "LastUpdated"; Value = "16-12-2019 7.16.11 PM"; VariantName = "[No Variations]"
Add component (AddParameter): Name = "Lifecycle Status"; Value = "0"; VariantName = "[No Variations]"
Add component (AddParameter): Name = "Manufacturer"; Value = "Amphenol Anytek"; VariantName = "[No Variations]"
Add component (AddParameter): Name = "Minimum Order"; Value = "1"; VariantName = "[No Variations]"
Add component (AddParameter): Name = "Mounting Type"; Value = "Through Hole"; VariantName = "[No Variations]"
Add component (AddParameter): Name = "Number of Levels"; Value = "1"; VariantName = "[No Variations]"
Add component (AddParameter): Name = "Number of Positions"; Value = "6"; VariantName = "[No Variations]"
Add component (AddParameter): Name = "Operating Temperature"; Value = "-40°C ~ 115°C"; VariantName = "[No Variations]"
Add component (AddParameter): Name = "Packaging"; Value = "Bulk"; VariantName = "[No Variations]"
Add component (AddParameter): Name = "Part Number"; Value = "OQ0632510000G"; VariantName = "[No Variations]"
Add component (AddParameter): Name = "Part Status"; Value = "Active"; VariantName = "[No Variations]"
Add component (AddParameter): Name = "Pitch"; Value = "0.150" (3.81mm)"; VariantName = "[No Variations]"
Add component (AddParameter): Name = "Positions Per Level"; Value = "6"; VariantName = "[No Variations]"
Add component (AddParameter): Name = "Price"; Value = "0.80"; VariantName = "[No Variations]"
Add component (AddParameter): Name = "Series"; Value = "06-381"; VariantName = "[No Variations]"
Add component (AddParameter): Name = "Supplier 1"; Value = "DigiKey"; VariantName = "[No Variations]"
Add component (AddParameter): Name = "Supplier Part Number 1"; Value = "609-3823-ND"; VariantName = "[No Variations]"
Add component (AddParameter): Name = "Termination Style"; Value = "Solder"; VariantName = "[No Variations]"
Add component (AddParameter): Name = "Type"; Value = "Header, Male Pins, Shrouded (4 Side)"; VariantName = "[No Variations]"
Add component (AddParameter): Name = "Voltage - UL"; Value = "300V"; VariantName = "[No Variations]"
Added Component: Designator=J4(FCI 06-381-3PIN)
Add component (AddParameter): Name = "Color"; Value = "Green"; VariantName = "[No Variations]"
Add component (AddParameter): Name = "ComponentLink1Description"; Value = "Datasheet"; VariantName = "[No Variations]"
Add component (AddParameter): Name = "ComponentLink1URL"; Value = "http://portal.fciconnect.com/Comergent//fci/drawing/oqxx32x100j0g.pdf"; VariantName = "[No Variations]"
Add component (AddParameter): Name = "ComponentLink2Description"; Value = "DigiKey Link"; VariantName = "[No Variations]"
Add component (AddParameter): Name = "ComponentLink2URL"; Value = "//digikey.com/product-detail/en/amphenol-anytek/OQ0332510000G/609-3820-ND/2261261"; VariantName = "[No Variations]"
Add component (AddParameter): Name = "Contact Mating Finish"; Value = "Tin"; VariantName = "[No Variations]"
Add component (AddParameter): Name = "Current - UL"; Value = "10A"; VariantName = "[No Variations]"
Add component (AddParameter): Name = "Header Orientation"; Value = "90°, Right Angle"; VariantName = "[No Variations]"
Add component (AddParameter): Name = "LastUpdated"; Value = "16-12-2019 7.14.46 PM"; VariantName = "[No Variations]"
Add component (AddParameter): Name = "Lifecycle Status"; Value = "0"; VariantName = "[No Variations]"
Add component (AddParameter): Name = "Manufacturer"; Value = "Amphenol Anytek"; VariantName = "[No Variations]"
Add component (AddParameter): Name = "Minimum Order"; Value = "1"; VariantName = "[No Variations]"
Add component (AddParameter): Name = "Mounting Type"; Value = "Through Hole"; VariantName = "[No Variations]"
Add component (AddParameter): Name = "Number of Levels"; Value = "1"; VariantName = "[No Variations]"
Add component (AddParameter): Name = "Number of Positions"; Value = "3"; VariantName = "[No Variations]"
Add component (AddParameter): Name = "Operating Temperature"; Value = "-40°C ~ 115°C"; VariantName = "[No Variations]"
Add component (AddParameter): Name = "Packaging"; Value = "Bulk"; VariantName = "[No Variations]"
Add component (AddParameter): Name = "Part Number"; Value = "OQ0332510000G"; VariantName = "[No Variations]"
Add component (AddParameter): Name = "Part Status"; Value = "Active"; VariantName = "[No Variations]"
Add component (AddParameter): Name = "Pitch"; Value = "0.150" (3.81mm)"; VariantName = "[No Variations]"
Add component (AddParameter): Name = "Positions Per Level"; Value = "3"; VariantName = "[No Variations]"
Add component (AddParameter): Name = "Price"; Value = "0.53"; VariantName = "[No Variations]"
Add component (AddParameter): Name = "Series"; Value = "06-381"; VariantName = "[No Variations]"
Add component (AddParameter): Name = "Supplier 1"; Value = "DigiKey"; VariantName = "[No Variations]"
Add component (AddParameter): Name = "Supplier Part Number 1"; Value = "609-3820-ND"; VariantName = "[No Variations]"
Add component (AddParameter): Name = "Termination Style"; Value = "Solder"; VariantName = "[No Variations]"
Add component (AddParameter): Name = "Type"; Value = "Header, Male Pins, Shrouded (4 Side)"; VariantName = "[No Variations]"
Add component (AddParameter): Name = "Voltage - UL"; Value = "300V"; VariantName = "[No Variations]"
Added Component: Designator=J5(PJS008-2003-0)
Add component (AddParameter): Name = "Check_prices"; Value = "https://www.snapeda.com/parts/PJS008-2003-0/ICH/view-part/?ref=eda"; VariantName = "[No Variations]"
Add component (AddParameter): Name = "MF"; Value = "Yamaichi Electronics"; VariantName = "[No Variations]"
Add component (AddParameter): Name = "MP"; Value = "PJS008-2003-0"; VariantName = "[No Variations]"
Add component (AddParameter): Name = "Package"; Value = "None"; VariantName = "[No Variations]"
Add component (AddParameter): Name = "SnapEDA_Link"; Value = "https://www.snapeda.com/parts/PJS008-2003-0/ICH/view-part/?ref=snap"; VariantName = "[No Variations]"
Add component (AddParameter): Name = "Value"; Value = ""; VariantName = "[No Variations]"
Added Component: Designator=J5(HANRUN_HR911105A)
Add component (AddParameter): Name = "Availability"; Value = "Not in stock"; VariantName = "[No Variations]"
Add component (AddParameter): Name = "Check_prices"; Value = "https://www.snapeda.com/parts/HR911105A/HanRun/view-part/?ref=eda"; VariantName = "[No Variations]"
Add component (AddParameter): Name = "MF"; Value = "hanrun"; VariantName = "[No Variations]"
Add component (AddParameter): Name = "MP"; Value = "HR911105A"; VariantName = "[No Variations]"
Add component (AddParameter): Name = "Package"; Value = "None"; VariantName = "[No Variations]"
Add component (AddParameter): Name = "Price"; Value = "None"; VariantName = "[No Variations]"
Add component (AddParameter): Name = "SnapEDA_Link"; Value = "https://www.snapeda.com/parts/HR911105A/HanRun/view-part/?ref=snap"; VariantName = "[No Variations]"
Add component (AddParameter): Name = "Value"; Value = ""; VariantName = "[No Variations]"
Added Component: Designator=J6(SULLINS NPPN051BFCN)
Add component (AddParameter): Name = "ComponentLink1Description"; Value = "Datasheet"; VariantName = "[No Variations]"
Add component (AddParameter): Name = "ComponentLink1URL"; Value = "https://drawings-pdf.s3.amazonaws.com/10483.pdf"; VariantName = "[No Variations]"
Add component (AddParameter): Name = "ComponentLink2Description"; Value = "DigiKey Link"; VariantName = "[No Variations]"
Add component (AddParameter): Name = "ComponentLink2URL"; Value = "https://www.digikey.com/en/products/detail/sullins-connector-solutions/NPPN051BFCN-RC/804807"; VariantName = "[No Variations]"
Add component (AddParameter): Name = "Connector Type"; Value = "Header"; VariantName = "[No Variations]"
Add component (AddParameter): Name = "Contact Finish - Mating"; Value = "Gold"; VariantName = "[No Variations]"
Add component (AddParameter): Name = "Contact Finish - Post"; Value = "Gold"; VariantName = "[No Variations]"
Add component (AddParameter): Name = "Contact Finish Thickness - Mating"; Value = "Flash"; VariantName = "[No Variations]"
Add component (AddParameter): Name = "Contact Length - Post"; Value = "0.094" (2.40mm)"; VariantName = "[No Variations]"
Add component (AddParameter): Name = "Contact Type"; Value = "Female Socket"; VariantName = "[No Variations]"
Add component (AddParameter): Name = "Current Rating (Amps)"; Value = "2A"; VariantName = "[No Variations]"
Add component (AddParameter): Name = "Fastening Type"; Value = "Push-Pull"; VariantName = "[No Variations]"
Add component (AddParameter): Name = "Insulation Color"; Value = "Black"; VariantName = "[No Variations]"
Add component (AddParameter): Name = "Insulation Height"; Value = "0.173" (4.40mm)"; VariantName = "[No Variations]"
Add component (AddParameter): Name = "LastUpdated"; Value = "21-06-2022 2.43.08 PM"; VariantName = "[No Variations]"
Add component (AddParameter): Name = "Lifecycle Status"; Value = "Active"; VariantName = "[No Variations]"
Add component (AddParameter): Name = "Manufacturer"; Value = "Sullins Connector Solutions"; VariantName = "[No Variations]"
Add component (AddParameter): Name = "Material Flammability Rating"; Value = "UL94 V-0"; VariantName = "[No Variations]"
Add component (AddParameter): Name = "Minimum Order"; Value = "1"; VariantName = "[No Variations]"
Add component (AddParameter): Name = "Mounting Type"; Value = "Through Hole"; VariantName = "[No Variations]"
Add component (AddParameter): Name = "Number of Positions"; Value = "5"; VariantName = "[No Variations]"
Add component (AddParameter): Name = "Number of Positions Loaded"; Value = "All"; VariantName = "[No Variations]"
Add component (AddParameter): Name = "Number of Rows"; Value = "1"; VariantName = "[No Variations]"
Add component (AddParameter): Name = "Operating Temperature"; Value = "-40°C ~ 105°C"; VariantName = "[No Variations]"
Add component (AddParameter): Name = "Packaging"; Value = "Tube"; VariantName = "[No Variations]"
Add component (AddParameter): Name = "Part Number"; Value = "NPPN051BFCN-RC"; VariantName = "[No Variations]"
Add component (AddParameter): Name = "Part Status"; Value = "Active"; VariantName = "[No Variations]"
Add component (AddParameter): Name = "Pitch - Mating"; Value = "0.079" (2.00mm)"; VariantName = "[No Variations]"
Add component (AddParameter): Name = "Price"; Value = "0.35"; VariantName = "[No Variations]"
Add component (AddParameter): Name = "Series"; Value = "-"; VariantName = "[No Variations]"
Add component (AddParameter): Name = "Style"; Value = "Board to Board"; VariantName = "[No Variations]"
Add component (AddParameter): Name = "Supplier 1"; Value = "DigiKey"; VariantName = "[No Variations]"
Add component (AddParameter): Name = "Supplier Part Number 1"; Value = "S5751-05-ND"; VariantName = "[No Variations]"
Add component (AddParameter): Name = "Termination"; Value = "Solder"; VariantName = "[No Variations]"
Added Component: Designator=J7(SULLINS NPPN051BFCN)
Add component (AddParameter): Name = "ComponentLink1Description"; Value = "Datasheet"; VariantName = "[No Variations]"
Add component (AddParameter): Name = "ComponentLink1URL"; Value = "https://drawings-pdf.s3.amazonaws.com/10483.pdf"; VariantName = "[No Variations]"
Add component (AddParameter): Name = "ComponentLink2Description"; Value = "DigiKey Link"; VariantName = "[No Variations]"
Add component (AddParameter): Name = "ComponentLink2URL"; Value = "https://www.digikey.com/en/products/detail/sullins-connector-solutions/NPPN051BFCN-RC/804807"; VariantName = "[No Variations]"
Add component (AddParameter): Name = "Connector Type"; Value = "Header"; VariantName = "[No Variations]"
Add component (AddParameter): Name = "Contact Finish - Mating"; Value = "Gold"; VariantName = "[No Variations]"
Add component (AddParameter): Name = "Contact Finish - Post"; Value = "Gold"; VariantName = "[No Variations]"
Add component (AddParameter): Name = "Contact Finish Thickness - Mating"; Value = "Flash"; VariantName = "[No Variations]"
Add component (AddParameter): Name = "Contact Length - Post"; Value = "0.094" (2.40mm)"; VariantName = "[No Variations]"
Add component (AddParameter): Name = "Contact Type"; Value = "Female Socket"; VariantName = "[No Variations]"
Add component (AddParameter): Name = "Current Rating (Amps)"; Value = "2A"; VariantName = "[No Variations]"
Add component (AddParameter): Name = "Fastening Type"; Value = "Push-Pull"; VariantName = "[No Variations]"
Add component (AddParameter): Name = "Insulation Color"; Value = "Black"; VariantName = "[No Variations]"
Add component (AddParameter): Name = "Insulation Height"; Value = "0.173" (4.40mm)"; VariantName = "[No Variations]"
Add component (AddParameter): Name = "LastUpdated"; Value = "21-06-2022 2.43.08 PM"; VariantName = "[No Variations]"
Add component (AddParameter): Name = "Lifecycle Status"; Value = "Active"; VariantName = "[No Variations]"
Add component (AddParameter): Name = "Manufacturer"; Value = "Sullins Connector Solutions"; VariantName = "[No Variations]"
Add component (AddParameter): Name = "Material Flammability Rating"; Value = "UL94 V-0"; VariantName = "[No Variations]"
Add component (AddParameter): Name = "Minimum Order"; Value = "1"; VariantName = "[No Variations]"
Add component (AddParameter): Name = "Mounting Type"; Value = "Through Hole"; VariantName = "[No Variations]"
Add component (AddParameter): Name = "Number of Positions"; Value = "5"; VariantName = "[No Variations]"
Add component (AddParameter): Name = "Number of Positions Loaded"; Value = "All"; VariantName = "[No Variations]"
Add component (AddParameter): Name = "Number of Rows"; Value = "1"; VariantName = "[No Variations]"
Add component (AddParameter): Name = "Operating Temperature"; Value = "-40°C ~ 105°C"; VariantName = "[No Variations]"
Add component (AddParameter): Name = "Packaging"; Value = "Tube"; VariantName = "[No Variations]"
Add component (AddParameter): Name = "Part Number"; Value = "NPPN051BFCN-RC"; VariantName = "[No Variations]"
Add component (AddParameter): Name = "Part Status"; Value = "Active"; VariantName = "[No Variations]"
Add component (AddParameter): Name = "Pitch - Mating"; Value = "0.079" (2.00mm)"; VariantName = "[No Variations]"
Add component (AddParameter): Name = "Price"; Value = "0.35"; VariantName = "[No Variations]"
Add component (AddParameter): Name = "Series"; Value = "-"; VariantName = "[No Variations]"
Add component (AddParameter): Name = "Style"; Value = "Board to Board"; VariantName = "[No Variations]"
Add component (AddParameter): Name = "Supplier 1"; Value = "DigiKey"; VariantName = "[No Variations]"
Add component (AddParameter): Name = "Supplier Part Number 1"; Value = "S5751-05-ND"; VariantName = "[No Variations]"
Add component (AddParameter): Name = "Termination"; Value = "Solder"; VariantName = "[No Variations]"
Added Component: Designator=J8(SULLINS NPPN051BFCN)
Add component (AddParameter): Name = "ComponentLink1Description"; Value = "Datasheet"; VariantName = "[No Variations]"
Add component (AddParameter): Name = "ComponentLink1URL"; Value = "https://drawings-pdf.s3.amazonaws.com/10483.pdf"; VariantName = "[No Variations]"
Add component (AddParameter): Name = "ComponentLink2Description"; Value = "DigiKey Link"; VariantName = "[No Variations]"
Add component (AddParameter): Name = "ComponentLink2URL"; Value = "https://www.digikey.com/en/products/detail/sullins-connector-solutions/NPPN051BFCN-RC/804807"; VariantName = "[No Variations]"
Add component (AddParameter): Name = "Connector Type"; Value = "Header"; VariantName = "[No Variations]"
Add component (AddParameter): Name = "Contact Finish - Mating"; Value = "Gold"; VariantName = "[No Variations]"
Add component (AddParameter): Name = "Contact Finish - Post"; Value = "Gold"; VariantName = "[No Variations]"
Add component (AddParameter): Name = "Contact Finish Thickness - Mating"; Value = "Flash"; VariantName = "[No Variations]"
Add component (AddParameter): Name = "Contact Length - Post"; Value = "0.094" (2.40mm)"; VariantName = "[No Variations]"
Add component (AddParameter): Name = "Contact Type"; Value = "Female Socket"; VariantName = "[No Variations]"
Add component (AddParameter): Name = "Current Rating (Amps)"; Value = "2A"; VariantName = "[No Variations]"
Add component (AddParameter): Name = "Fastening Type"; Value = "Push-Pull"; VariantName = "[No Variations]"
Add component (AddParameter): Name = "Insulation Color"; Value = "Black"; VariantName = "[No Variations]"
Add component (AddParameter): Name = "Insulation Height"; Value = "0.173" (4.40mm)"; VariantName = "[No Variations]"
Add component (AddParameter): Name = "LastUpdated"; Value = "21-06-2022 2.43.08 PM"; VariantName = "[No Variations]"
Add component (AddParameter): Name = "Lifecycle Status"; Value = "Active"; VariantName = "[No Variations]"
Add component (AddParameter): Name = "Manufacturer"; Value = "Sullins Connector Solutions"; VariantName = "[No Variations]"
Add component (AddParameter): Name = "Material Flammability Rating"; Value = "UL94 V-0"; VariantName = "[No Variations]"
Add component (AddParameter): Name = "Minimum Order"; Value = "1"; VariantName = "[No Variations]"
Add component (AddParameter): Name = "Mounting Type"; Value = "Through Hole"; VariantName = "[No Variations]"
Add component (AddParameter): Name = "Number of Positions"; Value = "5"; VariantName = "[No Variations]"
Add component (AddParameter): Name = "Number of Positions Loaded"; Value = "All"; VariantName = "[No Variations]"
Add component (AddParameter): Name = "Number of Rows"; Value = "1"; VariantName = "[No Variations]"
Add component (AddParameter): Name = "Operating Temperature"; Value = "-40°C ~ 105°C"; VariantName = "[No Variations]"
Add component (AddParameter): Name = "Packaging"; Value = "Tube"; VariantName = "[No Variations]"
Add component (AddParameter): Name = "Part Number"; Value = "NPPN051BFCN-RC"; VariantName = "[No Variations]"
Add component (AddParameter): Name = "Part Status"; Value = "Active"; VariantName = "[No Variations]"
Add component (AddParameter): Name = "Pitch - Mating"; Value = "0.079" (2.00mm)"; VariantName = "[No Variations]"
Add component (AddParameter): Name = "Price"; Value = "0.35"; VariantName = "[No Variations]"
Add component (AddParameter): Name = "Series"; Value = "-"; VariantName = "[No Variations]"
Add component (AddParameter): Name = "Style"; Value = "Board to Board"; VariantName = "[No Variations]"
Add component (AddParameter): Name = "Supplier 1"; Value = "DigiKey"; VariantName = "[No Variations]"
Add component (AddParameter): Name = "Supplier Part Number 1"; Value = "S5751-05-ND"; VariantName = "[No Variations]"
Add component (AddParameter): Name = "Termination"; Value = "Solder"; VariantName = "[No Variations]"
Added Component: Designator=J9(SULLINS NPPN041BFCN)
Add component (AddParameter): Name = "ComponentLink1Description"; Value = "Datasheet"; VariantName = "[No Variations]"
Add component (AddParameter): Name = "ComponentLink1URL"; Value = "https://drawings-pdf.s3.amazonaws.com/10483.pdf"; VariantName = "[No Variations]"
Add component (AddParameter): Name = "ComponentLink2Description"; Value = "DigiKey Link"; VariantName = "[No Variations]"
Add component (AddParameter): Name = "ComponentLink2URL"; Value = "https://www.digikey.com/en/products/detail/sullins-connector-solutions/NPPN041BFCN-RC/804806"; VariantName = "[No Variations]"
Add component (AddParameter): Name = "Connector Type"; Value = "Header"; VariantName = "[No Variations]"
Add component (AddParameter): Name = "Contact Finish - Mating"; Value = "Gold"; VariantName = "[No Variations]"
Add component (AddParameter): Name = "Contact Finish - Post"; Value = "Gold"; VariantName = "[No Variations]"
Add component (AddParameter): Name = "Contact Finish Thickness - Mating"; Value = "Flash"; VariantName = "[No Variations]"
Add component (AddParameter): Name = "Contact Length - Post"; Value = "0.094" (2.40mm)"; VariantName = "[No Variations]"
Add component (AddParameter): Name = "Contact Type"; Value = "Female Socket"; VariantName = "[No Variations]"
Add component (AddParameter): Name = "Current Rating (Amps)"; Value = "2A"; VariantName = "[No Variations]"
Add component (AddParameter): Name = "Fastening Type"; Value = "Push-Pull"; VariantName = "[No Variations]"
Add component (AddParameter): Name = "Insulation Color"; Value = "Black"; VariantName = "[No Variations]"
Add component (AddParameter): Name = "Insulation Height"; Value = "0.173" (4.40mm)"; VariantName = "[No Variations]"
Add component (AddParameter): Name = "LastUpdated"; Value = "21-06-2022 2.42.51 PM"; VariantName = "[No Variations]"
Add component (AddParameter): Name = "Lifecycle Status"; Value = "Active"; VariantName = "[No Variations]"
Add component (AddParameter): Name = "Manufacturer"; Value = "Sullins Connector Solutions"; VariantName = "[No Variations]"
Add component (AddParameter): Name = "Material Flammability Rating"; Value = "UL94 V-0"; VariantName = "[No Variations]"
Add component (AddParameter): Name = "Minimum Order"; Value = "1"; VariantName = "[No Variations]"
Add component (AddParameter): Name = "Mounting Type"; Value = "Through Hole"; VariantName = "[No Variations]"
Add component (AddParameter): Name = "Number of Positions"; Value = "4"; VariantName = "[No Variations]"
Add component (AddParameter): Name = "Number of Positions Loaded"; Value = "All"; VariantName = "[No Variations]"
Add component (AddParameter): Name = "Number of Rows"; Value = "1"; VariantName = "[No Variations]"
Add component (AddParameter): Name = "Operating Temperature"; Value = "-40°C ~ 105°C"; VariantName = "[No Variations]"
Add component (AddParameter): Name = "Packaging"; Value = "Tube"; VariantName = "[No Variations]"
Add component (AddParameter): Name = "Part Number"; Value = "NPPN041BFCN-RC"; VariantName = "[No Variations]"
Add component (AddParameter): Name = "Part Status"; Value = "Active"; VariantName = "[No Variations]"
Add component (AddParameter): Name = "Pitch - Mating"; Value = "0.079" (2.00mm)"; VariantName = "[No Variations]"
Add component (AddParameter): Name = "Price"; Value = "0.30"; VariantName = "[No Variations]"
Add component (AddParameter): Name = "Series"; Value = "-"; VariantName = "[No Variations]"
Add component (AddParameter): Name = "Style"; Value = "Board to Board"; VariantName = "[No Variations]"
Add component (AddParameter): Name = "Supplier 1"; Value = "DigiKey"; VariantName = "[No Variations]"
Add component (AddParameter): Name = "Supplier Part Number 1"; Value = "S5751-04-ND"; VariantName = "[No Variations]"
Add component (AddParameter): Name = "Termination"; Value = "Solder"; VariantName = "[No Variations]"
Added Component: Designator=J10(SULLINS NPPN061BFCN)
Add component (AddParameter): Name = "ComponentLink1Description"; Value = "Datasheet"; VariantName = "[No Variations]"
Add component (AddParameter): Name = "ComponentLink1URL"; Value = "https://drawings-pdf.s3.amazonaws.com/10483.pdf"; VariantName = "[No Variations]"
Add component (AddParameter): Name = "ComponentLink2Description"; Value = "DigiKey Link"; VariantName = "[No Variations]"
Add component (AddParameter): Name = "ComponentLink2URL"; Value = "https://www.digikey.com/en/products/detail/sullins-connector-solutions/NPPN061BFCN-RC/804808"; VariantName = "[No Variations]"
Add component (AddParameter): Name = "Connector Type"; Value = "Header"; VariantName = "[No Variations]"
Add component (AddParameter): Name = "Contact Finish - Mating"; Value = "Gold"; VariantName = "[No Variations]"
Add component (AddParameter): Name = "Contact Finish - Post"; Value = "Gold"; VariantName = "[No Variations]"
Add component (AddParameter): Name = "Contact Finish Thickness - Mating"; Value = "Flash"; VariantName = "[No Variations]"
Add component (AddParameter): Name = "Contact Length - Post"; Value = "0.094" (2.40mm)"; VariantName = "[No Variations]"
Add component (AddParameter): Name = "Contact Type"; Value = "Female Socket"; VariantName = "[No Variations]"
Add component (AddParameter): Name = "Current Rating (Amps)"; Value = "2A"; VariantName = "[No Variations]"
Add component (AddParameter): Name = "Fastening Type"; Value = "Push-Pull"; VariantName = "[No Variations]"
Add component (AddParameter): Name = "Insulation Color"; Value = "Black"; VariantName = "[No Variations]"
Add component (AddParameter): Name = "Insulation Height"; Value = "0.173" (4.40mm)"; VariantName = "[No Variations]"
Add component (AddParameter): Name = "LastUpdated"; Value = "21-06-2022 2.43.22 PM"; VariantName = "[No Variations]"
Add component (AddParameter): Name = "Lifecycle Status"; Value = "Active"; VariantName = "[No Variations]"
Add component (AddParameter): Name = "Manufacturer"; Value = "Sullins Connector Solutions"; VariantName = "[No Variations]"
Add component (AddParameter): Name = "Material Flammability Rating"; Value = "UL94 V-0"; VariantName = "[No Variations]"
Add component (AddParameter): Name = "Minimum Order"; Value = "1"; VariantName = "[No Variations]"
Add component (AddParameter): Name = "Mounting Type"; Value = "Through Hole"; VariantName = "[No Variations]"
Add component (AddParameter): Name = "Number of Positions"; Value = "6"; VariantName = "[No Variations]"
Add component (AddParameter): Name = "Number of Positions Loaded"; Value = "All"; VariantName = "[No Variations]"
Add component (AddParameter): Name = "Number of Rows"; Value = "1"; VariantName = "[No Variations]"
Add component (AddParameter): Name = "Operating Temperature"; Value = "-40°C ~ 105°C"; VariantName = "[No Variations]"
Add component (AddParameter): Name = "Packaging"; Value = "Tube"; VariantName = "[No Variations]"
Add component (AddParameter): Name = "Part Number"; Value = "NPPN061BFCN-RC"; VariantName = "[No Variations]"
Add component (AddParameter): Name = "Part Status"; Value = "Active"; VariantName = "[No Variations]"
Add component (AddParameter): Name = "Pitch - Mating"; Value = "0.079" (2.00mm)"; VariantName = "[No Variations]"
Add component (AddParameter): Name = "Price"; Value = "0.40"; VariantName = "[No Variations]"
Add component (AddParameter): Name = "Series"; Value = "-"; VariantName = "[No Variations]"
Add component (AddParameter): Name = "Style"; Value = "Board to Board"; VariantName = "[No Variations]"
Add component (AddParameter): Name = "Supplier 1"; Value = "DigiKey"; VariantName = "[No Variations]"
Add component (AddParameter): Name = "Supplier Part Number 1"; Value = "S5751-06-ND"; VariantName = "[No Variations]"
Add component (AddParameter): Name = "Termination"; Value = "Solder"; VariantName = "[No Variations]"
Added Component: Designator=R1(RES 0805_2012)
Add component (AddParameter): Name = "ComponentLink1Description"; Value = "Datasheet"; VariantName = "[No Variations]"
Add component (AddParameter): Name = "ComponentLink1URL"; Value = "https://www.te.com/commerce/DocumentDelivery/DDEController?Action=srchrtrv&DocNm=1773200&DocType=DS&DocLang=English"; VariantName = "[No Variations]"
Add component (AddParameter): Name = "ComponentLink2Description"; Value = "DigiKey Link"; VariantName = "[No Variations]"
Add component (AddParameter): Name = "ComponentLink2URL"; Value = "https://www.digikey.com/en/products/detail/te-connectivity-passive-product/CPF0805B10KE/2389790"; VariantName = "[No Variations]"
Add component (AddParameter): Name = "Composition"; Value = "Thin Film"; VariantName = "[No Variations]"
Add component (AddParameter): Name = "Device Package"; Value = "0805 (2012 Metric)"; VariantName = "[No Variations]"
Add component (AddParameter): Name = "Height - Seated (Max)"; Value = "0.026" (0.65mm)"; VariantName = "[No Variations]"
Add component (AddParameter): Name = "LastUpdated"; Value = "08-02-2024 9.02.39 PM"; VariantName = "[No Variations]"
Add component (AddParameter): Name = "Lifecycle Status"; Value = "Active"; VariantName = "[No Variations]"
Add component (AddParameter): Name = "Manufacturer"; Value = "TE Connectivity Passive Product"; VariantName = "[No Variations]"
Add component (AddParameter): Name = "Minimum Order"; Value = "1"; VariantName = "[No Variations]"
Add component (AddParameter): Name = "Number of Terminations"; Value = "2"; VariantName = "[No Variations]"
Add component (AddParameter): Name = "Operating Temperature"; Value = "-55°C ~ 155°C"; VariantName = "[No Variations]"
Add component (AddParameter): Name = "Package / Case"; Value = "0805 (2012 Metric)"; VariantName = "[No Variations]"
Add component (AddParameter): Name = "Packaging"; Value = "TapeAndReel"; VariantName = "[No Variations]"
Add component (AddParameter): Name = "Part Number"; Value = "CPF0805B10KE"; VariantName = "[No Variations]"
Add component (AddParameter): Name = "Part Status"; Value = "Active"; VariantName = "[No Variations]"
Add component (AddParameter): Name = "PartId"; Value = "27724"; VariantName = "[No Variations]"
Add component (AddParameter): Name = "Power (Watts)"; Value = "0.1W, 1/10W"; VariantName = "[No Variations]"
Add component (AddParameter): Name = "Price"; Value = "0.09"; VariantName = "[No Variations]"
Add component (AddParameter): Name = "Resistance"; Value = "10 kOhms"; VariantName = "[No Variations]"
Add component (AddParameter): Name = "Series"; Value = "CPF, Neohm"; VariantName = "[No Variations]"
Add component (AddParameter): Name = "Size / Dimension"; Value = "0.079" L x 0.049" W (2.00mm x 1.25mm)"; VariantName = "[No Variations]"
Add component (AddParameter): Name = "Supplier 1"; Value = "DigiKey"; VariantName = "[No Variations]"
Add component (AddParameter): Name = "Supplier Device Package"; Value = "0805"; VariantName = "[No Variations]"
Add component (AddParameter): Name = "Supplier Part Number 1"; Value = "A106043CT-ND"; VariantName = "[No Variations]"
Add component (AddParameter): Name = "Temperature Coefficient"; Value = "±25ppm/°C"; VariantName = "[No Variations]"
Add component (AddParameter): Name = "Tolerance"; Value = "±0.1%"; VariantName = "[No Variations]"
Add component (AddParameter): Name = "Value"; Value = "10 kOhms"; VariantName = "[No Variations]"
Added Component: Designator=R2(RES 0805_2012)
Add component (AddParameter): Name = "ComponentLink1Description"; Value = "Datasheet"; VariantName = "[No Variations]"
Add component (AddParameter): Name = "ComponentLink1URL"; Value = "https://www.te.com/commerce/DocumentDelivery/DDEController?Action=srchrtrv&DocNm=1773200&DocType=DS&DocLang=English"; VariantName = "[No Variations]"
Add component (AddParameter): Name = "ComponentLink2Description"; Value = "DigiKey Link"; VariantName = "[No Variations]"
Add component (AddParameter): Name = "ComponentLink2URL"; Value = "https://www.digikey.com/en/products/detail/te-connectivity-passive-product/CPF0805B1K0E/2390399"; VariantName = "[No Variations]"
Add component (AddParameter): Name = "Composition"; Value = "Thin Film"; VariantName = "[No Variations]"
Add component (AddParameter): Name = "Device Package"; Value = "0805 (2012 Metric)"; VariantName = "[No Variations]"
Add component (AddParameter): Name = "Height - Seated (Max)"; Value = "0.026" (0.65mm)"; VariantName = "[No Variations]"
Add component (AddParameter): Name = "LastUpdated"; Value = "08-02-2024 9.02.39 PM"; VariantName = "[No Variations]"
Add component (AddParameter): Name = "Lifecycle Status"; Value = "Active"; VariantName = "[No Variations]"
Add component (AddParameter): Name = "Manufacturer"; Value = "TE Connectivity Passive Product"; VariantName = "[No Variations]"
Add component (AddParameter): Name = "Minimum Order"; Value = "1"; VariantName = "[No Variations]"
Add component (AddParameter): Name = "Number of Terminations"; Value = "2"; VariantName = "[No Variations]"
Add component (AddParameter): Name = "Operating Temperature"; Value = "-55°C ~ 155°C"; VariantName = "[No Variations]"
Add component (AddParameter): Name = "Package / Case"; Value = "0805 (2012 Metric)"; VariantName = "[No Variations]"
Add component (AddParameter): Name = "Packaging"; Value = "TapeAndReel"; VariantName = "[No Variations]"
Add component (AddParameter): Name = "Part Number"; Value = "CPF0805B1K0E"; VariantName = "[No Variations]"
Add component (AddParameter): Name = "Part Status"; Value = "Active"; VariantName = "[No Variations]"
Add component (AddParameter): Name = "PartId"; Value = "27725"; VariantName = "[No Variations]"
Add component (AddParameter): Name = "Power (Watts)"; Value = "0.1W, 1/10W"; VariantName = "[No Variations]"
Add component (AddParameter): Name = "Price"; Value = "0.09"; VariantName = "[No Variations]"
Add component (AddParameter): Name = "Resistance"; Value = "1 kOhms"; VariantName = "[No Variations]"
Add component (AddParameter): Name = "Series"; Value = "CPF, Neohm"; VariantName = "[No Variations]"
Add component (AddParameter): Name = "Size / Dimension"; Value = "0.079" L x 0.049" W (2.00mm x 1.25mm)"; VariantName = "[No Variations]"
Add component (AddParameter): Name = "Supplier 1"; Value = "DigiKey"; VariantName = "[No Variations]"
Add component (AddParameter): Name = "Supplier Device Package"; Value = "0805"; VariantName = "[No Variations]"
Add component (AddParameter): Name = "Supplier Part Number 1"; Value = "A106044CT-ND"; VariantName = "[No Variations]"
Add component (AddParameter): Name = "Temperature Coefficient"; Value = "±25ppm/°C"; VariantName = "[No Variations]"
Add component (AddParameter): Name = "Tolerance"; Value = "±0.1%"; VariantName = "[No Variations]"
Add component (AddParameter): Name = "Value"; Value = "1 kOhms"; VariantName = "[No Variations]"
Added Component: Designator=R3(RES 0805_2012)
Add component (AddParameter): Name = "ComponentLink1Description"; Value = "Datasheet"; VariantName = "[No Variations]"
Add component (AddParameter): Name = "ComponentLink1URL"; Value = "http://www.vishay.com/docs/20043/crcwhpe3.pdf"; VariantName = "[No Variations]"
Add component (AddParameter): Name = "ComponentLink2Description"; Value = "DigiKey Link"; VariantName = "[No Variations]"
Add component (AddParameter): Name = "ComponentLink2URL"; Value = "https://www.digikey.com/en/products/detail/vishay-dale/CRCW0805330RFKEAHP/2226912"; VariantName = "[No Variations]"
Add component (AddParameter): Name = "Composition"; Value = "Thick Film"; VariantName = "[No Variations]"
Add component (AddParameter): Name = "Device Package"; Value = "0805 (2012 Metric)"; VariantName = "[No Variations]"
Add component (AddParameter): Name = "Features"; Value = "Automotive AEC-Q200, Pulse Withstanding"; VariantName = "[No Variations]"
Add component (AddParameter): Name = "Height - Seated (Max)"; Value = "0.020" (0.50mm)"; VariantName = "[No Variations]"
Add component (AddParameter): Name = "LastUpdated"; Value = "08-02-2024 9.02.28 PM"; VariantName = "[No Variations]"
Add component (AddParameter): Name = "Lifecycle Status"; Value = "Active"; VariantName = "[No Variations]"
Add component (AddParameter): Name = "Manufacturer"; Value = "Vishay Dale"; VariantName = "[No Variations]"
Add component (AddParameter): Name = "Minimum Order"; Value = "1"; VariantName = "[No Variations]"
Add component (AddParameter): Name = "Number of Terminations"; Value = "2"; VariantName = "[No Variations]"
Add component (AddParameter): Name = "Operating Temperature"; Value = "-55°C ~ 155°C"; VariantName = "[No Variations]"
Add component (AddParameter): Name = "Package / Case"; Value = "0805 (2012 Metric)"; VariantName = "[No Variations]"
Add component (AddParameter): Name = "Packaging"; Value = "TapeAndReel"; VariantName = "[No Variations]"
Add component (AddParameter): Name = "Part Number"; Value = "CRCW0805330RFKEAHP"; VariantName = "[No Variations]"
Add component (AddParameter): Name = "Part Status"; Value = "Active"; VariantName = "[No Variations]"
Add component (AddParameter): Name = "PartId"; Value = "30364"; VariantName = "[No Variations]"
Add component (AddParameter): Name = "Power (Watts)"; Value = "0.5W, 1/2W"; VariantName = "[No Variations]"
Add component (AddParameter): Name = "Price"; Value = "0.02"; VariantName = "[No Variations]"
Add component (AddParameter): Name = "Ratings"; Value = "AEC-Q200"; VariantName = "[No Variations]"
Add component (AddParameter): Name = "Resistance"; Value = "330 Ohms"; VariantName = "[No Variations]"
Add component (AddParameter): Name = "Series"; Value = "CRCW-HP"; VariantName = "[No Variations]"
Add component (AddParameter): Name = "Size / Dimension"; Value = "0.079" L x 0.049" W (2.00mm x 1.25mm)"; VariantName = "[No Variations]"
Add component (AddParameter): Name = "Supplier 1"; Value = "DigiKey"; VariantName = "[No Variations]"
Add component (AddParameter): Name = "Supplier Device Package"; Value = "0805"; VariantName = "[No Variations]"
Add component (AddParameter): Name = "Supplier Part Number 1"; Value = "541-330TCT-ND"; VariantName = "[No Variations]"
Add component (AddParameter): Name = "Temperature Coefficient"; Value = "±100ppm/°C"; VariantName = "[No Variations]"
Add component (AddParameter): Name = "Tolerance"; Value = "±1%"; VariantName = "[No Variations]"
Add component (AddParameter): Name = "Value"; Value = "330 Ohms"; VariantName = "[No Variations]"
Added Component: Designator=R4(RES 0805_2012)
Add component (AddParameter): Name = "ComponentLink1Description"; Value = "Datasheet"; VariantName = "[No Variations]"
Add component (AddParameter): Name = "ComponentLink1URL"; Value = "http://www.vishay.com/docs/20043/crcwhpe3.pdf"; VariantName = "[No Variations]"
Add component (AddParameter): Name = "ComponentLink2Description"; Value = "DigiKey Link"; VariantName = "[No Variations]"
Add component (AddParameter): Name = "ComponentLink2URL"; Value = "https://www.digikey.com/en/products/detail/vishay-dale/CRCW0805330RFKEAHP/2226912"; VariantName = "[No Variations]"
Add component (AddParameter): Name = "Composition"; Value = "Thick Film"; VariantName = "[No Variations]"
Add component (AddParameter): Name = "Device Package"; Value = "0805 (2012 Metric)"; VariantName = "[No Variations]"
Add component (AddParameter): Name = "Features"; Value = "Automotive AEC-Q200, Pulse Withstanding"; VariantName = "[No Variations]"
Add component (AddParameter): Name = "Height - Seated (Max)"; Value = "0.020" (0.50mm)"; VariantName = "[No Variations]"
Add component (AddParameter): Name = "LastUpdated"; Value = "08-02-2024 9.02.28 PM"; VariantName = "[No Variations]"
Add component (AddParameter): Name = "Lifecycle Status"; Value = "Active"; VariantName = "[No Variations]"
Add component (AddParameter): Name = "Manufacturer"; Value = "Vishay Dale"; VariantName = "[No Variations]"
Add component (AddParameter): Name = "Minimum Order"; Value = "1"; VariantName = "[No Variations]"
Add component (AddParameter): Name = "Number of Terminations"; Value = "2"; VariantName = "[No Variations]"
Add component (AddParameter): Name = "Operating Temperature"; Value = "-55°C ~ 155°C"; VariantName = "[No Variations]"
Add component (AddParameter): Name = "Package / Case"; Value = "0805 (2012 Metric)"; VariantName = "[No Variations]"
Add component (AddParameter): Name = "Packaging"; Value = "TapeAndReel"; VariantName = "[No Variations]"
Add component (AddParameter): Name = "Part Number"; Value = "CRCW0805330RFKEAHP"; VariantName = "[No Variations]"
Add component (AddParameter): Name = "Part Status"; Value = "Active"; VariantName = "[No Variations]"
Add component (AddParameter): Name = "PartId"; Value = "30364"; VariantName = "[No Variations]"
Add component (AddParameter): Name = "Power (Watts)"; Value = "0.5W, 1/2W"; VariantName = "[No Variations]"
Add component (AddParameter): Name = "Price"; Value = "0.02"; VariantName = "[No Variations]"
Add component (AddParameter): Name = "Ratings"; Value = "AEC-Q200"; VariantName = "[No Variations]"
Add component (AddParameter): Name = "Resistance"; Value = "330 Ohms"; VariantName = "[No Variations]"
Add component (AddParameter): Name = "Series"; Value = "CRCW-HP"; VariantName = "[No Variations]"
Add component (AddParameter): Name = "Size / Dimension"; Value = "0.079" L x 0.049" W (2.00mm x 1.25mm)"; VariantName = "[No Variations]"
Add component (AddParameter): Name = "Supplier 1"; Value = "DigiKey"; VariantName = "[No Variations]"
Add component (AddParameter): Name = "Supplier Device Package"; Value = "0805"; VariantName = "[No Variations]"
Add component (AddParameter): Name = "Supplier Part Number 1"; Value = "541-330TCT-ND"; VariantName = "[No Variations]"
Add component (AddParameter): Name = "Temperature Coefficient"; Value = "±100ppm/°C"; VariantName = "[No Variations]"
Add component (AddParameter): Name = "Tolerance"; Value = "±1%"; VariantName = "[No Variations]"
Add component (AddParameter): Name = "Value"; Value = "330 Ohms"; VariantName = "[No Variations]"
Added Component: Designator=R5(RES 0805_2012)
Add component (AddParameter): Name = "ComponentLink1Description"; Value = "Datasheet"; VariantName = "[No Variations]"
Add component (AddParameter): Name = "ComponentLink1URL"; Value = "https://www.te.com/commerce/DocumentDelivery/DDEController?Action=srchrtrv&DocNm=1773200&DocType=DS&DocLang=English"; VariantName = "[No Variations]"
Add component (AddParameter): Name = "ComponentLink2Description"; Value = "DigiKey Link"; VariantName = "[No Variations]"
Add component (AddParameter): Name = "ComponentLink2URL"; Value = "https://www.digikey.com/en/products/detail/te-connectivity-passive-product/CPF0805B1K0E/2390399"; VariantName = "[No Variations]"
Add component (AddParameter): Name = "Composition"; Value = "Thin Film"; VariantName = "[No Variations]"
Add component (AddParameter): Name = "Device Package"; Value = "0805 (2012 Metric)"; VariantName = "[No Variations]"
Add component (AddParameter): Name = "Height - Seated (Max)"; Value = "0.026" (0.65mm)"; VariantName = "[No Variations]"
Add component (AddParameter): Name = "LastUpdated"; Value = "08-02-2024 9.02.39 PM"; VariantName = "[No Variations]"
Add component (AddParameter): Name = "Lifecycle Status"; Value = "Active"; VariantName = "[No Variations]"
Add component (AddParameter): Name = "Manufacturer"; Value = "TE Connectivity Passive Product"; VariantName = "[No Variations]"
Add component (AddParameter): Name = "Minimum Order"; Value = "1"; VariantName = "[No Variations]"
Add component (AddParameter): Name = "Number of Terminations"; Value = "2"; VariantName = "[No Variations]"
Add component (AddParameter): Name = "Operating Temperature"; Value = "-55°C ~ 155°C"; VariantName = "[No Variations]"
Add component (AddParameter): Name = "Package / Case"; Value = "0805 (2012 Metric)"; VariantName = "[No Variations]"
Add component (AddParameter): Name = "Packaging"; Value = "TapeAndReel"; VariantName = "[No Variations]"
Add component (AddParameter): Name = "Part Number"; Value = "CPF0805B1K0E"; VariantName = "[No Variations]"
Add component (AddParameter): Name = "Part Status"; Value = "Active"; VariantName = "[No Variations]"
Add component (AddParameter): Name = "PartId"; Value = "27725"; VariantName = "[No Variations]"
Add component (AddParameter): Name = "Power (Watts)"; Value = "0.1W, 1/10W"; VariantName = "[No Variations]"
Add component (AddParameter): Name = "Price"; Value = "0.09"; VariantName = "[No Variations]"
Add component (AddParameter): Name = "Resistance"; Value = "1 kOhms"; VariantName = "[No Variations]"
Add component (AddParameter): Name = "Series"; Value = "CPF, Neohm"; VariantName = "[No Variations]"
Add component (AddParameter): Name = "Size / Dimension"; Value = "0.079" L x 0.049" W (2.00mm x 1.25mm)"; VariantName = "[No Variations]"
Add component (AddParameter): Name = "Supplier 1"; Value = "DigiKey"; VariantName = "[No Variations]"
Add component (AddParameter): Name = "Supplier Device Package"; Value = "0805"; VariantName = "[No Variations]"
Add component (AddParameter): Name = "Supplier Part Number 1"; Value = "A106044CT-ND"; VariantName = "[No Variations]"
Add component (AddParameter): Name = "Temperature Coefficient"; Value = "±25ppm/°C"; VariantName = "[No Variations]"
Add component (AddParameter): Name = "Tolerance"; Value = "±0.1%"; VariantName = "[No Variations]"
Add component (AddParameter): Name = "Value"; Value = "1 kOhms"; VariantName = "[No Variations]"
Added Component: Designator=R6(RES 0805_2012)
Add component (AddParameter): Name = "ComponentLink1Description"; Value = "Datasheet"; VariantName = "[No Variations]"
Add component (AddParameter): Name = "ComponentLink1URL"; Value = "https://www.te.com/commerce/DocumentDelivery/DDEController?Action=srchrtrv&DocNm=1773200&DocType=DS&DocLang=English"; VariantName = "[No Variations]"
Add component (AddParameter): Name = "ComponentLink2Description"; Value = "DigiKey Link"; VariantName = "[No Variations]"
Add component (AddParameter): Name = "ComponentLink2URL"; Value = "https://www.digikey.com/en/products/detail/te-connectivity-passive-product/CPF0805B1K0E/2390399"; VariantName = "[No Variations]"
Add component (AddParameter): Name = "Composition"; Value = "Thin Film"; VariantName = "[No Variations]"
Add component (AddParameter): Name = "Device Package"; Value = "0805 (2012 Metric)"; VariantName = "[No Variations]"
Add component (AddParameter): Name = "Height - Seated (Max)"; Value = "0.026" (0.65mm)"; VariantName = "[No Variations]"
Add component (AddParameter): Name = "LastUpdated"; Value = "08-02-2024 9.02.39 PM"; VariantName = "[No Variations]"
Add component (AddParameter): Name = "Lifecycle Status"; Value = "Active"; VariantName = "[No Variations]"
Add component (AddParameter): Name = "Manufacturer"; Value = "TE Connectivity Passive Product"; VariantName = "[No Variations]"
Add component (AddParameter): Name = "Minimum Order"; Value = "1"; VariantName = "[No Variations]"
Add component (AddParameter): Name = "Number of Terminations"; Value = "2"; VariantName = "[No Variations]"
Add component (AddParameter): Name = "Operating Temperature"; Value = "-55°C ~ 155°C"; VariantName = "[No Variations]"
Add component (AddParameter): Name = "Package / Case"; Value = "0805 (2012 Metric)"; VariantName = "[No Variations]"
Add component (AddParameter): Name = "Packaging"; Value = "TapeAndReel"; VariantName = "[No Variations]"
Add component (AddParameter): Name = "Part Number"; Value = "CPF0805B1K0E"; VariantName = "[No Variations]"
Add component (AddParameter): Name = "Part Status"; Value = "Active"; VariantName = "[No Variations]"
Add component (AddParameter): Name = "PartId"; Value = "27725"; VariantName = "[No Variations]"
Add component (AddParameter): Name = "Power (Watts)"; Value = "0.1W, 1/10W"; VariantName = "[No Variations]"
Add component (AddParameter): Name = "Price"; Value = "0.09"; VariantName = "[No Variations]"
Add component (AddParameter): Name = "Resistance"; Value = "1 kOhms"; VariantName = "[No Variations]"
Add component (AddParameter): Name = "Series"; Value = "CPF, Neohm"; VariantName = "[No Variations]"
Add component (AddParameter): Name = "Size / Dimension"; Value = "0.079" L x 0.049" W (2.00mm x 1.25mm)"; VariantName = "[No Variations]"
Add component (AddParameter): Name = "Supplier 1"; Value = "DigiKey"; VariantName = "[No Variations]"
Add component (AddParameter): Name = "Supplier Device Package"; Value = "0805"; VariantName = "[No Variations]"
Add component (AddParameter): Name = "Supplier Part Number 1"; Value = "A106044CT-ND"; VariantName = "[No Variations]"
Add component (AddParameter): Name = "Temperature Coefficient"; Value = "±25ppm/°C"; VariantName = "[No Variations]"
Add component (AddParameter): Name = "Tolerance"; Value = "±0.1%"; VariantName = "[No Variations]"
Add component (AddParameter): Name = "Value"; Value = "1 kOhms"; VariantName = "[No Variations]"
Added Component: Designator=R7(RES 0805_2012)
Add component (AddParameter): Name = "ComponentLink1Description"; Value = "Datasheet"; VariantName = "[No Variations]"
Add component (AddParameter): Name = "ComponentLink1URL"; Value = "https://www.seielect.com/catalog/sei-rmcf_rmcp.pdf"; VariantName = "[No Variations]"
Add component (AddParameter): Name = "ComponentLink2Description"; Value = "DigiKey Link"; VariantName = "[No Variations]"
Add component (AddParameter): Name = "ComponentLink2URL"; Value = "https://www.digikey.com/en/products/detail/stackpole-electronics-inc/RMCF0805FT120R/1712658"; VariantName = "[No Variations]"
Add component (AddParameter): Name = "Composition"; Value = "Thick Film"; VariantName = "[No Variations]"
Add component (AddParameter): Name = "Device Package"; Value = "0805 (2012 Metric)"; VariantName = "[No Variations]"
Add component (AddParameter): Name = "Features"; Value = "Automotive AEC-Q200"; VariantName = "[No Variations]"
Add component (AddParameter): Name = "Height - Seated (Max)"; Value = "0.026" (0.65mm)"; VariantName = "[No Variations]"
Add component (AddParameter): Name = "LastUpdated"; Value = "08-02-2024 9.02.18 PM"; VariantName = "[No Variations]"
Add component (AddParameter): Name = "Lifecycle Status"; Value = "Active"; VariantName = "[No Variations]"
Add component (AddParameter): Name = "Manufacturer"; Value = "Stackpole Electronics Inc"; VariantName = "[No Variations]"
Add component (AddParameter): Name = "Minimum Order"; Value = "1"; VariantName = "[No Variations]"
Add component (AddParameter): Name = "Number of Terminations"; Value = "2"; VariantName = "[No Variations]"
Add component (AddParameter): Name = "Operating Temperature"; Value = "-55°C ~ 155°C"; VariantName = "[No Variations]"
Add component (AddParameter): Name = "Package / Case"; Value = "0805 (2012 Metric)"; VariantName = "[No Variations]"
Add component (AddParameter): Name = "Packaging"; Value = "CutTape"; VariantName = "[No Variations]"
Add component (AddParameter): Name = "Part Number"; Value = "RMCF0805FT120R"; VariantName = "[No Variations]"
Add component (AddParameter): Name = "Part Status"; Value = "Active"; VariantName = "[No Variations]"
Add component (AddParameter): Name = "PartId"; Value = "32530"; VariantName = "[No Variations]"
Add component (AddParameter): Name = "Power (Watts)"; Value = "0.125W, 1/8W"; VariantName = "[No Variations]"
Add component (AddParameter): Name = "Price"; Value = "0.01"; VariantName = "[No Variations]"
Add component (AddParameter): Name = "Ratings"; Value = "AEC-Q200"; VariantName = "[No Variations]"
Add component (AddParameter): Name = "Resistance"; Value = "120 Ohms"; VariantName = "[No Variations]"
Add component (AddParameter): Name = "Series"; Value = "RMCF"; VariantName = "[No Variations]"
Add component (AddParameter): Name = "Size / Dimension"; Value = "0.079" L x 0.049" W (2.00mm x 1.25mm)"; VariantName = "[No Variations]"
Add component (AddParameter): Name = "Supplier 1"; Value = "DigiKey"; VariantName = "[No Variations]"
Add component (AddParameter): Name = "Supplier Device Package"; Value = "0805"; VariantName = "[No Variations]"
Add component (AddParameter): Name = "Supplier Part Number 1"; Value = "738-RMCF0805FT120RCT-ND"; VariantName = "[No Variations]"
Add component (AddParameter): Name = "Temperature Coefficient"; Value = "±100ppm/°C"; VariantName = "[No Variations]"
Add component (AddParameter): Name = "Tolerance"; Value = "±1%"; VariantName = "[No Variations]"
Add component (AddParameter): Name = "Value"; Value = "120 Ohms"; VariantName = "[No Variations]"
Added Component: Designator=R8(RES 0805_2012)
Add component (AddParameter): Name = "ComponentLink1Description"; Value = "Datasheet"; VariantName = "[No Variations]"
Add component (AddParameter): Name = "ComponentLink1URL"; Value = "https://www.seielect.com/catalog/sei-rncs_rnch.pdf"; VariantName = "[No Variations]"
Add component (AddParameter): Name = "ComponentLink2Description"; Value = "DigiKey Link"; VariantName = "[No Variations]"
Add component (AddParameter): Name = "ComponentLink2URL"; Value = "https://www.digikey.com/en/products/detail/stackpole-electronics-inc/RNCS0805BKE10K0/1800067"; VariantName = "[No Variations]"
Add component (AddParameter): Name = "Composition"; Value = "Thin Film"; VariantName = "[No Variations]"
Add component (AddParameter): Name = "Device Package"; Value = "0805 (2012 Metric)"; VariantName = "[No Variations]"
Add component (AddParameter): Name = "Features"; Value = "Anti-Corrosive, Automotive AEC-Q200, Moisture Resistant"; VariantName = "[No Variations]"
Add component (AddParameter): Name = "Height - Seated (Max)"; Value = "0.026" (0.65mm)"; VariantName = "[No Variations]"
Add component (AddParameter): Name = "LastUpdated"; Value = "08-02-2024 9.02.39 PM"; VariantName = "[No Variations]"
Add component (AddParameter): Name = "Lifecycle Status"; Value = "Active"; VariantName = "[No Variations]"
Add component (AddParameter): Name = "Manufacturer"; Value = "Stackpole Electronics Inc"; VariantName = "[No Variations]"
Add component (AddParameter): Name = "Minimum Order"; Value = "1"; VariantName = "[No Variations]"
Add component (AddParameter): Name = "Number of Terminations"; Value = "2"; VariantName = "[No Variations]"
Add component (AddParameter): Name = "Operating Temperature"; Value = "-55°C ~ 155°C"; VariantName = "[No Variations]"
Add component (AddParameter): Name = "Package / Case"; Value = "0805 (2012 Metric)"; VariantName = "[No Variations]"
Add component (AddParameter): Name = "Packaging"; Value = "TapeAndReel"; VariantName = "[No Variations]"
Add component (AddParameter): Name = "Part Number"; Value = "RNCS0805BKE10K0"; VariantName = "[No Variations]"
Add component (AddParameter): Name = "Part Status"; Value = "Active"; VariantName = "[No Variations]"
Add component (AddParameter): Name = "PartId"; Value = "27713"; VariantName = "[No Variations]"
Add component (AddParameter): Name = "Power (Watts)"; Value = "0.1W, 1/10W"; VariantName = "[No Variations]"
Add component (AddParameter): Name = "Price"; Value = "0.07"; VariantName = "[No Variations]"
Add component (AddParameter): Name = "Ratings"; Value = "AEC-Q200"; VariantName = "[No Variations]"
Add component (AddParameter): Name = "Resistance"; Value = "10 kOhms"; VariantName = "[No Variations]"
Add component (AddParameter): Name = "Series"; Value = "RNCS"; VariantName = "[No Variations]"
Add component (AddParameter): Name = "Size / Dimension"; Value = "0.079" L x 0.049" W (2.00mm x 1.25mm)"; VariantName = "[No Variations]"
Add component (AddParameter): Name = "Supplier 1"; Value = "DigiKey"; VariantName = "[No Variations]"
Add component (AddParameter): Name = "Supplier Device Package"; Value = "0805"; VariantName = "[No Variations]"
Add component (AddParameter): Name = "Supplier Part Number 1"; Value = "RNCS0805BKE10K0CT-ND"; VariantName = "[No Variations]"
Add component (AddParameter): Name = "Temperature Coefficient"; Value = "±25ppm/°C"; VariantName = "[No Variations]"
Add component (AddParameter): Name = "Tolerance"; Value = "±0.1%"; VariantName = "[No Variations]"
Add component (AddParameter): Name = "Value"; Value = "10 kOhms"; VariantName = "[No Variations]"
Added Component: Designator=R9(RES 0805_2012)
Add component (AddParameter): Name = "ComponentLink1Description"; Value = "Datasheet"; VariantName = "[No Variations]"
Add component (AddParameter): Name = "ComponentLink1URL"; Value = "https://www.seielect.com/catalog/sei-rncs_rnch.pdf"; VariantName = "[No Variations]"
Add component (AddParameter): Name = "ComponentLink2Description"; Value = "DigiKey Link"; VariantName = "[No Variations]"
Add component (AddParameter): Name = "ComponentLink2URL"; Value = "https://www.digikey.com/en/products/detail/stackpole-electronics-inc/RNCS0805BKE10K0/1800067"; VariantName = "[No Variations]"
Add component (AddParameter): Name = "Composition"; Value = "Thin Film"; VariantName = "[No Variations]"
Add component (AddParameter): Name = "Device Package"; Value = "0805 (2012 Metric)"; VariantName = "[No Variations]"
Add component (AddParameter): Name = "Features"; Value = "Anti-Corrosive, Automotive AEC-Q200, Moisture Resistant"; VariantName = "[No Variations]"
Add component (AddParameter): Name = "Height - Seated (Max)"; Value = "0.026" (0.65mm)"; VariantName = "[No Variations]"
Add component (AddParameter): Name = "LastUpdated"; Value = "08-02-2024 9.02.39 PM"; VariantName = "[No Variations]"
Add component (AddParameter): Name = "Lifecycle Status"; Value = "Active"; VariantName = "[No Variations]"
Add component (AddParameter): Name = "Manufacturer"; Value = "Stackpole Electronics Inc"; VariantName = "[No Variations]"
Add component (AddParameter): Name = "Minimum Order"; Value = "1"; VariantName = "[No Variations]"
Add component (AddParameter): Name = "Number of Terminations"; Value = "2"; VariantName = "[No Variations]"
Add component (AddParameter): Name = "Operating Temperature"; Value = "-55°C ~ 155°C"; VariantName = "[No Variations]"
Add component (AddParameter): Name = "Package / Case"; Value = "0805 (2012 Metric)"; VariantName = "[No Variations]"
Add component (AddParameter): Name = "Packaging"; Value = "TapeAndReel"; VariantName = "[No Variations]"
Add component (AddParameter): Name = "Part Number"; Value = "RNCS0805BKE10K0"; VariantName = "[No Variations]"
Add component (AddParameter): Name = "Part Status"; Value = "Active"; VariantName = "[No Variations]"
Add component (AddParameter): Name = "PartId"; Value = "27713"; VariantName = "[No Variations]"
Add component (AddParameter): Name = "Power (Watts)"; Value = "0.1W, 1/10W"; VariantName = "[No Variations]"
Add component (AddParameter): Name = "Price"; Value = "0.07"; VariantName = "[No Variations]"
Add component (AddParameter): Name = "Ratings"; Value = "AEC-Q200"; VariantName = "[No Variations]"
Add component (AddParameter): Name = "Resistance"; Value = "10 kOhms"; VariantName = "[No Variations]"
Add component (AddParameter): Name = "Series"; Value = "RNCS"; VariantName = "[No Variations]"
Add component (AddParameter): Name = "Size / Dimension"; Value = "0.079" L x 0.049" W (2.00mm x 1.25mm)"; VariantName = "[No Variations]"
Add component (AddParameter): Name = "Supplier 1"; Value = "DigiKey"; VariantName = "[No Variations]"
Add component (AddParameter): Name = "Supplier Device Package"; Value = "0805"; VariantName = "[No Variations]"
Add component (AddParameter): Name = "Supplier Part Number 1"; Value = "RNCS0805BKE10K0CT-ND"; VariantName = "[No Variations]"
Add component (AddParameter): Name = "Temperature Coefficient"; Value = "±25ppm/°C"; VariantName = "[No Variations]"
Add component (AddParameter): Name = "Tolerance"; Value = "±0.1%"; VariantName = "[No Variations]"
Add component (AddParameter): Name = "Value"; Value = "10 kOhms"; VariantName = "[No Variations]"
Added Component: Designator=R10(RES 0805_2012)
Add component (AddParameter): Name = "ComponentLink1Description"; Value = "Datasheet"; VariantName = "[No Variations]"
Add component (AddParameter): Name = "ComponentLink1URL"; Value = "https://www.seielect.com/catalog/sei-rncs_rnch.pdf"; VariantName = "[No Variations]"
Add component (AddParameter): Name = "ComponentLink2Description"; Value = "DigiKey Link"; VariantName = "[No Variations]"
Add component (AddParameter): Name = "ComponentLink2URL"; Value = "https://www.digikey.com/en/products/detail/stackpole-electronics-inc/RNCS0805BKE10K0/1800067"; VariantName = "[No Variations]"
Add component (AddParameter): Name = "Composition"; Value = "Thin Film"; VariantName = "[No Variations]"
Add component (AddParameter): Name = "Device Package"; Value = "0805 (2012 Metric)"; VariantName = "[No Variations]"
Add component (AddParameter): Name = "Features"; Value = "Anti-Corrosive, Automotive AEC-Q200, Moisture Resistant"; VariantName = "[No Variations]"
Add component (AddParameter): Name = "Height - Seated (Max)"; Value = "0.026" (0.65mm)"; VariantName = "[No Variations]"
Add component (AddParameter): Name = "LastUpdated"; Value = "08-02-2024 9.02.39 PM"; VariantName = "[No Variations]"
Add component (AddParameter): Name = "Lifecycle Status"; Value = "Active"; VariantName = "[No Variations]"
Add component (AddParameter): Name = "Manufacturer"; Value = "Stackpole Electronics Inc"; VariantName = "[No Variations]"
Add component (AddParameter): Name = "Minimum Order"; Value = "1"; VariantName = "[No Variations]"
Add component (AddParameter): Name = "Number of Terminations"; Value = "2"; VariantName = "[No Variations]"
Add component (AddParameter): Name = "Operating Temperature"; Value = "-55°C ~ 155°C"; VariantName = "[No Variations]"
Add component (AddParameter): Name = "Package / Case"; Value = "0805 (2012 Metric)"; VariantName = "[No Variations]"
Add component (AddParameter): Name = "Packaging"; Value = "TapeAndReel"; VariantName = "[No Variations]"
Add component (AddParameter): Name = "Part Number"; Value = "RNCS0805BKE10K0"; VariantName = "[No Variations]"
Add component (AddParameter): Name = "Part Status"; Value = "Active"; VariantName = "[No Variations]"
Add component (AddParameter): Name = "PartId"; Value = "27713"; VariantName = "[No Variations]"
Add component (AddParameter): Name = "Power (Watts)"; Value = "0.1W, 1/10W"; VariantName = "[No Variations]"
Add component (AddParameter): Name = "Price"; Value = "0.07"; VariantName = "[No Variations]"
Add component (AddParameter): Name = "Ratings"; Value = "AEC-Q200"; VariantName = "[No Variations]"
Add component (AddParameter): Name = "Resistance"; Value = "10 kOhms"; VariantName = "[No Variations]"
Add component (AddParameter): Name = "Series"; Value = "RNCS"; VariantName = "[No Variations]"
Add component (AddParameter): Name = "Size / Dimension"; Value = "0.079" L x 0.049" W (2.00mm x 1.25mm)"; VariantName = "[No Variations]"
Add component (AddParameter): Name = "Supplier 1"; Value = "DigiKey"; VariantName = "[No Variations]"
Add component (AddParameter): Name = "Supplier Device Package"; Value = "0805"; VariantName = "[No Variations]"
Add component (AddParameter): Name = "Supplier Part Number 1"; Value = "RNCS0805BKE10K0CT-ND"; VariantName = "[No Variations]"
Add component (AddParameter): Name = "Temperature Coefficient"; Value = "±25ppm/°C"; VariantName = "[No Variations]"
Add component (AddParameter): Name = "Tolerance"; Value = "±0.1%"; VariantName = "[No Variations]"
Add component (AddParameter): Name = "Value"; Value = "10 kOhms"; VariantName = "[No Variations]"
Added Component: Designator=R11(RES 0805_2012)
Add component (AddParameter): Name = "ComponentLink1Description"; Value = "Datasheet"; VariantName = "[No Variations]"
Add component (AddParameter): Name = "ComponentLink1URL"; Value = "//media.digikey.com/pdf/Data%20Sheets/Tyco%20Electronics%20P%20B%20PDFs/RQ73-0618%20v2.pdf"; VariantName = "[No Variations]"
Add component (AddParameter): Name = "ComponentLink2Description"; Value = "DigiKey Link"; VariantName = "[No Variations]"
Add component (AddParameter): Name = "ComponentLink2URL"; Value = "https://www.digikey.com/en/products/detail/te-connectivity-passive-product/RQ73C2A12K4BTD/9479810"; VariantName = "[No Variations]"
Add component (AddParameter): Name = "Composition"; Value = "Thin Film"; VariantName = "[No Variations]"
Add component (AddParameter): Name = "Device Package"; Value = "0805 (2012 Metric)"; VariantName = "[No Variations]"
Add component (AddParameter): Name = "Features"; Value = "Anti-Sulfur, Automotive AEC-Q200"; VariantName = "[No Variations]"
Add component (AddParameter): Name = "Height - Seated (Max)"; Value = "0.026" (0.65mm)"; VariantName = "[No Variations]"
Add component (AddParameter): Name = "LastUpdated"; Value = "08-02-2024 9.02.26 PM"; VariantName = "[No Variations]"
Add component (AddParameter): Name = "Lifecycle Status"; Value = "Active"; VariantName = "[No Variations]"
Add component (AddParameter): Name = "Manufacturer"; Value = "TE Connectivity Passive Product"; VariantName = "[No Variations]"
Add component (AddParameter): Name = "Minimum Order"; Value = "1"; VariantName = "[No Variations]"
Add component (AddParameter): Name = "Number of Terminations"; Value = "2"; VariantName = "[No Variations]"
Add component (AddParameter): Name = "Operating Temperature"; Value = "-55°C ~ 155°C"; VariantName = "[No Variations]"
Add component (AddParameter): Name = "Package / Case"; Value = "0805 (2012 Metric)"; VariantName = "[No Variations]"
Add component (AddParameter): Name = "Packaging"; Value = "TapeAndReel"; VariantName = "[No Variations]"
Add component (AddParameter): Name = "Part Number"; Value = "RQ73C2A12K4BTD"; VariantName = "[No Variations]"
Add component (AddParameter): Name = "Part Status"; Value = "Active"; VariantName = "[No Variations]"
Add component (AddParameter): Name = "PartId"; Value = "30590"; VariantName = "[No Variations]"
Add component (AddParameter): Name = "Power (Watts)"; Value = "0.2W, 1/5W"; VariantName = "[No Variations]"
Add component (AddParameter): Name = "Price"; Value = "0.24"; VariantName = "[No Variations]"
Add component (AddParameter): Name = "Ratings"; Value = "AEC-Q200"; VariantName = "[No Variations]"
Add component (AddParameter): Name = "Resistance"; Value = "12.4 kOhms"; VariantName = "[No Variations]"
Add component (AddParameter): Name = "Series"; Value = "RQ73"; VariantName = "[No Variations]"
Add component (AddParameter): Name = "Size / Dimension"; Value = "0.079" L x 0.049" W (2.00mm x 1.25mm)"; VariantName = "[No Variations]"
Add component (AddParameter): Name = "Supplier 1"; Value = "DigiKey"; VariantName = "[No Variations]"
Add component (AddParameter): Name = "Supplier Device Package"; Value = "0805"; VariantName = "[No Variations]"
Add component (AddParameter): Name = "Supplier Part Number 1"; Value = "A139862CT-ND"; VariantName = "[No Variations]"
Add component (AddParameter): Name = "Temperature Coefficient"; Value = "±10ppm/°C"; VariantName = "[No Variations]"
Add component (AddParameter): Name = "Tolerance"; Value = "±0.1%"; VariantName = "[No Variations]"
Add component (AddParameter): Name = "Value"; Value = "12.4 kOhms"; VariantName = "[No Variations]"
Added Component: Designator=R12(YAGEO RES 0805_2012)
Add component (AddParameter): Name = "ComponentLink1Description"; Value = "Datasheet"; VariantName = "[No Variations]"
Add component (AddParameter): Name = "ComponentLink1URL"; Value = "https://www.yageo.com/upload/media/product/productsearch/datasheet/rchip/PYu-RC_Group_51_RoHS_L_10.pdf"; VariantName = "[No Variations]"
Add component (AddParameter): Name = "ComponentLink2Description"; Value = "DigiKey Link"; VariantName = "[No Variations]"
Add component (AddParameter): Name = "ComponentLink2URL"; Value = "https://www.digikey.com/en/products/detail/yageo/RC0805FR-07330RL/727866"; VariantName = "[No Variations]"
Add component (AddParameter): Name = "Composition"; Value = "Thick Film"; VariantName = "[No Variations]"
Add component (AddParameter): Name = "Device Package"; Value = "0805 (2012 Metric)"; VariantName = "[No Variations]"
Add component (AddParameter): Name = "Features"; Value = "Moisture Resistant"; VariantName = "[No Variations]"
Add component (AddParameter): Name = "Height - Seated (Max)"; Value = "0.024" (0.60mm)"; VariantName = "[No Variations]"
Add component (AddParameter): Name = "LastUpdated"; Value = "25-07-2024 9.20.25 AM"; VariantName = "[No Variations]"
Add component (AddParameter): Name = "Lifecycle Status"; Value = "Active"; VariantName = "[No Variations]"
Add component (AddParameter): Name = "Manufacturer"; Value = "Yageo"; VariantName = "[No Variations]"
Add component (AddParameter): Name = "Minimum Order"; Value = "1"; VariantName = "[No Variations]"
Add component (AddParameter): Name = "Number of Terminations"; Value = "2"; VariantName = "[No Variations]"
Add component (AddParameter): Name = "Operating Temperature"; Value = "-55°C ~ 155°C"; VariantName = "[No Variations]"
Add component (AddParameter): Name = "Package / Case"; Value = "0805 (2012 Metric)"; VariantName = "[No Variations]"
Add component (AddParameter): Name = "Packaging"; Value = "TapeAndReel"; VariantName = "[No Variations]"
Add component (AddParameter): Name = "Part Number"; Value = "RC0805FR-07330RL"; VariantName = "[No Variations]"
Add component (AddParameter): Name = "Part Status"; Value = "Active"; VariantName = "[No Variations]"
Add component (AddParameter): Name = "PartId"; Value = "32600"; VariantName = "[No Variations]"
Add component (AddParameter): Name = "Power (Watts)"; Value = "0.125W, 1/8W"; VariantName = "[No Variations]"
Add component (AddParameter): Name = "Price"; Value = "0.01"; VariantName = "[No Variations]"
Add component (AddParameter): Name = "Resistance"; Value = "330 Ohms"; VariantName = "[No Variations]"
Add component (AddParameter): Name = "Series"; Value = "RC_L"; VariantName = "[No Variations]"
Add component (AddParameter): Name = "Size / Dimension"; Value = "0.079" L x 0.049" W (2.00mm x 1.25mm)"; VariantName = "[No Variations]"
Add component (AddParameter): Name = "Supplier 1"; Value = "DigiKey"; VariantName = "[No Variations]"
Add component (AddParameter): Name = "Supplier Device Package"; Value = "0805"; VariantName = "[No Variations]"
Add component (AddParameter): Name = "Supplier Part Number 1"; Value = "311-330CRCT-ND"; VariantName = "[No Variations]"
Add component (AddParameter): Name = "Temperature Coefficient"; Value = "±100ppm/°C"; VariantName = "[No Variations]"
Add component (AddParameter): Name = "Tolerance"; Value = "±1%"; VariantName = "[No Variations]"
Add component (AddParameter): Name = "Value"; Value = "330 Ohms"; VariantName = "[No Variations]"
Added Component: Designator=R13(YAGEO RES 0805_2012)
Add component (AddParameter): Name = "ComponentLink1Description"; Value = "Datasheet"; VariantName = "[No Variations]"
Add component (AddParameter): Name = "ComponentLink1URL"; Value = "https://www.yageo.com/upload/media/product/productsearch/datasheet/rchip/PYu-RC_Group_51_RoHS_L_10.pdf"; VariantName = "[No Variations]"
Add component (AddParameter): Name = "ComponentLink2Description"; Value = "DigiKey Link"; VariantName = "[No Variations]"
Add component (AddParameter): Name = "ComponentLink2URL"; Value = "https://www.digikey.com/en/products/detail/yageo/RC0805FR-07330RL/727866"; VariantName = "[No Variations]"
Add component (AddParameter): Name = "Composition"; Value = "Thick Film"; VariantName = "[No Variations]"
Add component (AddParameter): Name = "Device Package"; Value = "0805 (2012 Metric)"; VariantName = "[No Variations]"
Add component (AddParameter): Name = "Features"; Value = "Moisture Resistant"; VariantName = "[No Variations]"
Add component (AddParameter): Name = "Height - Seated (Max)"; Value = "0.024" (0.60mm)"; VariantName = "[No Variations]"
Add component (AddParameter): Name = "LastUpdated"; Value = "25-07-2024 9.20.25 AM"; VariantName = "[No Variations]"
Add component (AddParameter): Name = "Lifecycle Status"; Value = "Active"; VariantName = "[No Variations]"
Add component (AddParameter): Name = "Manufacturer"; Value = "Yageo"; VariantName = "[No Variations]"
Add component (AddParameter): Name = "Minimum Order"; Value = "1"; VariantName = "[No Variations]"
Add component (AddParameter): Name = "Number of Terminations"; Value = "2"; VariantName = "[No Variations]"
Add component (AddParameter): Name = "Operating Temperature"; Value = "-55°C ~ 155°C"; VariantName = "[No Variations]"
Add component (AddParameter): Name = "Package / Case"; Value = "0805 (2012 Metric)"; VariantName = "[No Variations]"
Add component (AddParameter): Name = "Packaging"; Value = "TapeAndReel"; VariantName = "[No Variations]"
Add component (AddParameter): Name = "Part Number"; Value = "RC0805FR-07330RL"; VariantName = "[No Variations]"
Add component (AddParameter): Name = "Part Status"; Value = "Active"; VariantName = "[No Variations]"
Add component (AddParameter): Name = "PartId"; Value = "32600"; VariantName = "[No Variations]"
Add component (AddParameter): Name = "Power (Watts)"; Value = "0.125W, 1/8W"; VariantName = "[No Variations]"
Add component (AddParameter): Name = "Price"; Value = "0.01"; VariantName = "[No Variations]"
Add component (AddParameter): Name = "Resistance"; Value = "330 Ohms"; VariantName = "[No Variations]"
Add component (AddParameter): Name = "Series"; Value = "RC_L"; VariantName = "[No Variations]"
Add component (AddParameter): Name = "Size / Dimension"; Value = "0.079" L x 0.049" W (2.00mm x 1.25mm)"; VariantName = "[No Variations]"
Add component (AddParameter): Name = "Supplier 1"; Value = "DigiKey"; VariantName = "[No Variations]"
Add component (AddParameter): Name = "Supplier Device Package"; Value = "0805"; VariantName = "[No Variations]"
Add component (AddParameter): Name = "Supplier Part Number 1"; Value = "311-330CRCT-ND"; VariantName = "[No Variations]"
Add component (AddParameter): Name = "Temperature Coefficient"; Value = "±100ppm/°C"; VariantName = "[No Variations]"
Add component (AddParameter): Name = "Tolerance"; Value = "±1%"; VariantName = "[No Variations]"
Add component (AddParameter): Name = "Value"; Value = "330 Ohms"; VariantName = "[No Variations]"
Added Component: Designator=R14(RES 0805_2012)
Add component (AddParameter): Name = "ComponentLink1Description"; Value = "Datasheet"; VariantName = "[No Variations]"
Add component (AddParameter): Name = "ComponentLink1URL"; Value = "https://www.vishay.com/docs/20066/rcce3.pdf"; VariantName = "[No Variations]"
Add component (AddParameter): Name = "ComponentLink2Description"; Value = "DigiKey Link"; VariantName = "[No Variations]"
Add component (AddParameter): Name = "ComponentLink2URL"; Value = "https://www.digikey.com/en/products/detail/vishay-dale/RCC080549R9FKEA/12084236"; VariantName = "[No Variations]"
Add component (AddParameter): Name = "Composition"; Value = "Thick Film"; VariantName = "[No Variations]"
Add component (AddParameter): Name = "Device Package"; Value = "0805 (2012 Metric)"; VariantName = "[No Variations]"
Add component (AddParameter): Name = "Features"; Value = "Automotive AEC-Q200"; VariantName = "[No Variations]"
Add component (AddParameter): Name = "Height - Seated (Max)"; Value = "0.020" (0.50mm)"; VariantName = "[No Variations]"
Add component (AddParameter): Name = "LastUpdated"; Value = "08-02-2024 9.00.29 PM"; VariantName = "[No Variations]"
Add component (AddParameter): Name = "Lifecycle Status"; Value = "Active"; VariantName = "[No Variations]"
Add component (AddParameter): Name = "Manufacturer"; Value = "Vishay Dale"; VariantName = "[No Variations]"
Add component (AddParameter): Name = "Minimum Order"; Value = "1"; VariantName = "[No Variations]"
Add component (AddParameter): Name = "Number of Terminations"; Value = "2"; VariantName = "[No Variations]"
Add component (AddParameter): Name = "Operating Temperature"; Value = "-55°C ~ 155°C"; VariantName = "[No Variations]"
Add component (AddParameter): Name = "Package / Case"; Value = "0805 (2012 Metric)"; VariantName = "[No Variations]"
Add component (AddParameter): Name = "Packaging"; Value = "TapeAndReel"; VariantName = "[No Variations]"
Add component (AddParameter): Name = "Part Number"; Value = "RCC080549R9FKEA"; VariantName = "[No Variations]"
Add component (AddParameter): Name = "Part Status"; Value = "Active"; VariantName = "[No Variations]"
Add component (AddParameter): Name = "PartId"; Value = "60620"; VariantName = "[No Variations]"
Add component (AddParameter): Name = "Power (Watts)"; Value = "0.25W, 1/4W"; VariantName = "[No Variations]"
Add component (AddParameter): Name = "Price"; Value = "0.02"; VariantName = "[No Variations]"
Add component (AddParameter): Name = "Ratings"; Value = "AEC-Q200"; VariantName = "[No Variations]"
Add component (AddParameter): Name = "Resistance"; Value = "49.9 Ohms"; VariantName = "[No Variations]"
Add component (AddParameter): Name = "Series"; Value = "RCC e3"; VariantName = "[No Variations]"
Add component (AddParameter): Name = "Size / Dimension"; Value = "0.079" L x 0.049" W (2.00mm x 1.25mm)"; VariantName = "[No Variations]"
Add component (AddParameter): Name = "Supplier 1"; Value = "DigiKey"; VariantName = "[No Variations]"
Add component (AddParameter): Name = "Supplier Device Package"; Value = "0805"; VariantName = "[No Variations]"
Add component (AddParameter): Name = "Supplier Part Number 1"; Value = "541-RCC080549R9FKEACT-ND"; VariantName = "[No Variations]"
Add component (AddParameter): Name = "Temperature Coefficient"; Value = "±100ppm/°C"; VariantName = "[No Variations]"
Add component (AddParameter): Name = "Tolerance"; Value = "±1%"; VariantName = "[No Variations]"
Add component (AddParameter): Name = "Value"; Value = "49.9 Ohms"; VariantName = "[No Variations]"
Added Component: Designator=R15(RES 0805_2012)
Add component (AddParameter): Name = "ComponentLink1Description"; Value = "Datasheet"; VariantName = "[No Variations]"
Add component (AddParameter): Name = "ComponentLink1URL"; Value = "https://www.vishay.com/docs/20066/rcce3.pdf"; VariantName = "[No Variations]"
Add component (AddParameter): Name = "ComponentLink2Description"; Value = "DigiKey Link"; VariantName = "[No Variations]"
Add component (AddParameter): Name = "ComponentLink2URL"; Value = "https://www.digikey.com/en/products/detail/vishay-dale/RCC080549R9FKEA/12084236"; VariantName = "[No Variations]"
Add component (AddParameter): Name = "Composition"; Value = "Thick Film"; VariantName = "[No Variations]"
Add component (AddParameter): Name = "Device Package"; Value = "0805 (2012 Metric)"; VariantName = "[No Variations]"
Add component (AddParameter): Name = "Features"; Value = "Automotive AEC-Q200"; VariantName = "[No Variations]"
Add component (AddParameter): Name = "Height - Seated (Max)"; Value = "0.020" (0.50mm)"; VariantName = "[No Variations]"
Add component (AddParameter): Name = "LastUpdated"; Value = "08-02-2024 9.00.29 PM"; VariantName = "[No Variations]"
Add component (AddParameter): Name = "Lifecycle Status"; Value = "Active"; VariantName = "[No Variations]"
Add component (AddParameter): Name = "Manufacturer"; Value = "Vishay Dale"; VariantName = "[No Variations]"
Add component (AddParameter): Name = "Minimum Order"; Value = "1"; VariantName = "[No Variations]"
Add component (AddParameter): Name = "Number of Terminations"; Value = "2"; VariantName = "[No Variations]"
Add component (AddParameter): Name = "Operating Temperature"; Value = "-55°C ~ 155°C"; VariantName = "[No Variations]"
Add component (AddParameter): Name = "Package / Case"; Value = "0805 (2012 Metric)"; VariantName = "[No Variations]"
Add component (AddParameter): Name = "Packaging"; Value = "TapeAndReel"; VariantName = "[No Variations]"
Add component (AddParameter): Name = "Part Number"; Value = "RCC080549R9FKEA"; VariantName = "[No Variations]"
Add component (AddParameter): Name = "Part Status"; Value = "Active"; VariantName = "[No Variations]"
Add component (AddParameter): Name = "PartId"; Value = "60620"; VariantName = "[No Variations]"
Add component (AddParameter): Name = "Power (Watts)"; Value = "0.25W, 1/4W"; VariantName = "[No Variations]"
Add component (AddParameter): Name = "Price"; Value = "0.02"; VariantName = "[No Variations]"
Add component (AddParameter): Name = "Ratings"; Value = "AEC-Q200"; VariantName = "[No Variations]"
Add component (AddParameter): Name = "Resistance"; Value = "49.9 Ohms"; VariantName = "[No Variations]"
Add component (AddParameter): Name = "Series"; Value = "RCC e3"; VariantName = "[No Variations]"
Add component (AddParameter): Name = "Size / Dimension"; Value = "0.079" L x 0.049" W (2.00mm x 1.25mm)"; VariantName = "[No Variations]"
Add component (AddParameter): Name = "Supplier 1"; Value = "DigiKey"; VariantName = "[No Variations]"
Add component (AddParameter): Name = "Supplier Device Package"; Value = "0805"; VariantName = "[No Variations]"
Add component (AddParameter): Name = "Supplier Part Number 1"; Value = "541-RCC080549R9FKEACT-ND"; VariantName = "[No Variations]"
Add component (AddParameter): Name = "Temperature Coefficient"; Value = "±100ppm/°C"; VariantName = "[No Variations]"
Add component (AddParameter): Name = "Tolerance"; Value = "±1%"; VariantName = "[No Variations]"
Add component (AddParameter): Name = "Value"; Value = "49.9 Ohms"; VariantName = "[No Variations]"
Added Component: Designator=R16(RES 0805_2012)
Add component (AddParameter): Name = "ComponentLink1Description"; Value = "Datasheet"; VariantName = "[No Variations]"
Add component (AddParameter): Name = "ComponentLink1URL"; Value = "https://www.vishay.com/docs/20066/rcce3.pdf"; VariantName = "[No Variations]"
Add component (AddParameter): Name = "ComponentLink2Description"; Value = "DigiKey Link"; VariantName = "[No Variations]"
Add component (AddParameter): Name = "ComponentLink2URL"; Value = "https://www.digikey.com/en/products/detail/vishay-dale/RCC080549R9FKEA/12084236"; VariantName = "[No Variations]"
Add component (AddParameter): Name = "Composition"; Value = "Thick Film"; VariantName = "[No Variations]"
Add component (AddParameter): Name = "Device Package"; Value = "0805 (2012 Metric)"; VariantName = "[No Variations]"
Add component (AddParameter): Name = "Features"; Value = "Automotive AEC-Q200"; VariantName = "[No Variations]"
Add component (AddParameter): Name = "Height - Seated (Max)"; Value = "0.020" (0.50mm)"; VariantName = "[No Variations]"
Add component (AddParameter): Name = "LastUpdated"; Value = "08-02-2024 9.00.29 PM"; VariantName = "[No Variations]"
Add component (AddParameter): Name = "Lifecycle Status"; Value = "Active"; VariantName = "[No Variations]"
Add component (AddParameter): Name = "Manufacturer"; Value = "Vishay Dale"; VariantName = "[No Variations]"
Add component (AddParameter): Name = "Minimum Order"; Value = "1"; VariantName = "[No Variations]"
Add component (AddParameter): Name = "Number of Terminations"; Value = "2"; VariantName = "[No Variations]"
Add component (AddParameter): Name = "Operating Temperature"; Value = "-55°C ~ 155°C"; VariantName = "[No Variations]"
Add component (AddParameter): Name = "Package / Case"; Value = "0805 (2012 Metric)"; VariantName = "[No Variations]"
Add component (AddParameter): Name = "Packaging"; Value = "TapeAndReel"; VariantName = "[No Variations]"
Add component (AddParameter): Name = "Part Number"; Value = "RCC080549R9FKEA"; VariantName = "[No Variations]"
Add component (AddParameter): Name = "Part Status"; Value = "Active"; VariantName = "[No Variations]"
Add component (AddParameter): Name = "PartId"; Value = "60620"; VariantName = "[No Variations]"
Add component (AddParameter): Name = "Power (Watts)"; Value = "0.25W, 1/4W"; VariantName = "[No Variations]"
Add component (AddParameter): Name = "Price"; Value = "0.02"; VariantName = "[No Variations]"
Add component (AddParameter): Name = "Ratings"; Value = "AEC-Q200"; VariantName = "[No Variations]"
Add component (AddParameter): Name = "Resistance"; Value = "49.9 Ohms"; VariantName = "[No Variations]"
Add component (AddParameter): Name = "Series"; Value = "RCC e3"; VariantName = "[No Variations]"
Add component (AddParameter): Name = "Size / Dimension"; Value = "0.079" L x 0.049" W (2.00mm x 1.25mm)"; VariantName = "[No Variations]"
Add component (AddParameter): Name = "Supplier 1"; Value = "DigiKey"; VariantName = "[No Variations]"
Add component (AddParameter): Name = "Supplier Device Package"; Value = "0805"; VariantName = "[No Variations]"
Add component (AddParameter): Name = "Supplier Part Number 1"; Value = "541-RCC080549R9FKEACT-ND"; VariantName = "[No Variations]"
Add component (AddParameter): Name = "Temperature Coefficient"; Value = "±100ppm/°C"; VariantName = "[No Variations]"
Add component (AddParameter): Name = "Tolerance"; Value = "±1%"; VariantName = "[No Variations]"
Add component (AddParameter): Name = "Value"; Value = "49.9 Ohms"; VariantName = "[No Variations]"
Added Component: Designator=R17(RES 0805_2012)
Add component (AddParameter): Name = "ComponentLink1Description"; Value = "Datasheet"; VariantName = "[No Variations]"
Add component (AddParameter): Name = "ComponentLink1URL"; Value = "https://www.vishay.com/docs/20066/rcce3.pdf"; VariantName = "[No Variations]"
Add component (AddParameter): Name = "ComponentLink2Description"; Value = "DigiKey Link"; VariantName = "[No Variations]"
Add component (AddParameter): Name = "ComponentLink2URL"; Value = "https://www.digikey.com/en/products/detail/vishay-dale/RCC080549R9FKEA/12084236"; VariantName = "[No Variations]"
Add component (AddParameter): Name = "Composition"; Value = "Thick Film"; VariantName = "[No Variations]"
Add component (AddParameter): Name = "Device Package"; Value = "0805 (2012 Metric)"; VariantName = "[No Variations]"
Add component (AddParameter): Name = "Features"; Value = "Automotive AEC-Q200"; VariantName = "[No Variations]"
Add component (AddParameter): Name = "Height - Seated (Max)"; Value = "0.020" (0.50mm)"; VariantName = "[No Variations]"
Add component (AddParameter): Name = "LastUpdated"; Value = "08-02-2024 9.00.29 PM"; VariantName = "[No Variations]"
Add component (AddParameter): Name = "Lifecycle Status"; Value = "Active"; VariantName = "[No Variations]"
Add component (AddParameter): Name = "Manufacturer"; Value = "Vishay Dale"; VariantName = "[No Variations]"
Add component (AddParameter): Name = "Minimum Order"; Value = "1"; VariantName = "[No Variations]"
Add component (AddParameter): Name = "Number of Terminations"; Value = "2"; VariantName = "[No Variations]"
Add component (AddParameter): Name = "Operating Temperature"; Value = "-55°C ~ 155°C"; VariantName = "[No Variations]"
Add component (AddParameter): Name = "Package / Case"; Value = "0805 (2012 Metric)"; VariantName = "[No Variations]"
Add component (AddParameter): Name = "Packaging"; Value = "TapeAndReel"; VariantName = "[No Variations]"
Add component (AddParameter): Name = "Part Number"; Value = "RCC080549R9FKEA"; VariantName = "[No Variations]"
Add component (AddParameter): Name = "Part Status"; Value = "Active"; VariantName = "[No Variations]"
Add component (AddParameter): Name = "PartId"; Value = "60620"; VariantName = "[No Variations]"
Add component (AddParameter): Name = "Power (Watts)"; Value = "0.25W, 1/4W"; VariantName = "[No Variations]"
Add component (AddParameter): Name = "Price"; Value = "0.02"; VariantName = "[No Variations]"
Add component (AddParameter): Name = "Ratings"; Value = "AEC-Q200"; VariantName = "[No Variations]"
Add component (AddParameter): Name = "Resistance"; Value = "49.9 Ohms"; VariantName = "[No Variations]"
Add component (AddParameter): Name = "Series"; Value = "RCC e3"; VariantName = "[No Variations]"
Add component (AddParameter): Name = "Size / Dimension"; Value = "0.079" L x 0.049" W (2.00mm x 1.25mm)"; VariantName = "[No Variations]"
Add component (AddParameter): Name = "Supplier 1"; Value = "DigiKey"; VariantName = "[No Variations]"
Add component (AddParameter): Name = "Supplier Device Package"; Value = "0805"; VariantName = "[No Variations]"
Add component (AddParameter): Name = "Supplier Part Number 1"; Value = "541-RCC080549R9FKEACT-ND"; VariantName = "[No Variations]"
Add component (AddParameter): Name = "Temperature Coefficient"; Value = "±100ppm/°C"; VariantName = "[No Variations]"
Add component (AddParameter): Name = "Tolerance"; Value = "±1%"; VariantName = "[No Variations]"
Add component (AddParameter): Name = "Value"; Value = "49.9 Ohms"; VariantName = "[No Variations]"
Added Component: Designator=R18(RES 0805_2012)
Add component (AddParameter): Name = "ComponentLink1Description"; Value = "Datasheet"; VariantName = "[No Variations]"
Add component (AddParameter): Name = "ComponentLink1URL"; Value = "https://www.rohm.com/datasheet/KTR03EZPF/ktr-e"; VariantName = "[No Variations]"
Add component (AddParameter): Name = "ComponentLink2Description"; Value = "DigiKey Link"; VariantName = "[No Variations]"
Add component (AddParameter): Name = "ComponentLink2URL"; Value = "https://www.digikey.com/en/products/detail/rohm-semiconductor/KTR10EZPF11R0/4051740"; VariantName = "[No Variations]"
Add component (AddParameter): Name = "Composition"; Value = "Thick Film"; VariantName = "[No Variations]"
Add component (AddParameter): Name = "Device Package"; Value = "0805 (2012 Metric)"; VariantName = "[No Variations]"
Add component (AddParameter): Name = "Features"; Value = "Automotive AEC-Q200, High Voltage"; VariantName = "[No Variations]"
Add component (AddParameter): Name = "Height - Seated (Max)"; Value = "0.026" (0.65mm)"; VariantName = "[No Variations]"
Add component (AddParameter): Name = "LastUpdated"; Value = "08-02-2024 9.01.51 PM"; VariantName = "[No Variations]"
Add component (AddParameter): Name = "Lifecycle Status"; Value = "Active"; VariantName = "[No Variations]"
Add component (AddParameter): Name = "Manufacturer"; Value = "Rohm Semiconductor"; VariantName = "[No Variations]"
Add component (AddParameter): Name = "Minimum Order"; Value = "1"; VariantName = "[No Variations]"
Add component (AddParameter): Name = "Number of Terminations"; Value = "2"; VariantName = "[No Variations]"
Add component (AddParameter): Name = "Operating Temperature"; Value = "-55°C ~ 155°C"; VariantName = "[No Variations]"
Add component (AddParameter): Name = "Package / Case"; Value = "0805 (2012 Metric)"; VariantName = "[No Variations]"
Add component (AddParameter): Name = "Packaging"; Value = "TapeAndReel"; VariantName = "[No Variations]"
Add component (AddParameter): Name = "Part Number"; Value = "KTR10EZPF11R0"; VariantName = "[No Variations]"
Add component (AddParameter): Name = "Part Status"; Value = "Active"; VariantName = "[No Variations]"
Add component (AddParameter): Name = "PartId"; Value = "39009"; VariantName = "[No Variations]"
Add component (AddParameter): Name = "Power (Watts)"; Value = "0.125W, 1/8W"; VariantName = "[No Variations]"
Add component (AddParameter): Name = "Price"; Value = "0.02"; VariantName = "[No Variations]"
Add component (AddParameter): Name = "Ratings"; Value = "AEC-Q200"; VariantName = "[No Variations]"
Add component (AddParameter): Name = "Resistance"; Value = "11 Ohms"; VariantName = "[No Variations]"
Add component (AddParameter): Name = "Series"; Value = "KTR"; VariantName = "[No Variations]"
Add component (AddParameter): Name = "Size / Dimension"; Value = "0.079" L x 0.049" W (2.00mm x 1.25mm)"; VariantName = "[No Variations]"
Add component (AddParameter): Name = "Supplier 1"; Value = "DigiKey"; VariantName = "[No Variations]"
Add component (AddParameter): Name = "Supplier Device Package"; Value = "0805"; VariantName = "[No Variations]"
Add component (AddParameter): Name = "Supplier Part Number 1"; Value = "RHM11AHCT-ND"; VariantName = "[No Variations]"
Add component (AddParameter): Name = "Temperature Coefficient"; Value = "±100ppm/°C"; VariantName = "[No Variations]"
Add component (AddParameter): Name = "Tolerance"; Value = "±1%"; VariantName = "[No Variations]"
Add component (AddParameter): Name = "Value"; Value = "11 Ohms"; VariantName = "[No Variations]"
Added Component: Designator=U3(SOIC127P1030X265-16N)
Add component (AddParameter): Name = "Check_prices"; Value = "https://www.snapeda.com/parts/MAX3232CDWG4/Texas+Instruments/view-part/?ref=eda"; VariantName = "[No Variations]"
Add component (AddParameter): Name = "MF"; Value = "Texas Instruments"; VariantName = "[No Variations]"
Add component (AddParameter): Name = "MP"; Value = "MAX3232CDWG4"; VariantName = "[No Variations]"
Add component (AddParameter): Name = "Package"; Value = "SOIC-16 Texas Instruments"; VariantName = "[No Variations]"
Add component (AddParameter): Name = "SnapEDA_Link"; Value = "https://www.snapeda.com/parts/MAX3232CDWG4/Texas+Instruments/view-part/?ref=snap"; VariantName = "[No Variations]"
Add component (AddParameter): Name = "Value"; Value = ""; VariantName = "[No Variations]"
Added Component: Designator=U4(SOIC127P600X175-16N)
Add component (AddParameter): Name = "Check_prices"; Value = "https://www.snapeda.com/parts/CD4052BMT/Texas+Instruments/view-part/?ref=eda"; VariantName = "[No Variations]"
Add component (AddParameter): Name = "MF"; Value = "Texas Instruments"; VariantName = "[No Variations]"
Add component (AddParameter): Name = "MP"; Value = "CD4052BMT"; VariantName = "[No Variations]"
Add component (AddParameter): Name = "Package"; Value = "SOIC-16 Texas Instruments"; VariantName = "[No Variations]"
Add component (AddParameter): Name = "SnapEDA_Link"; Value = "https://www.snapeda.com/parts/CD4052BMT/Texas+Instruments/view-part/?ref=snap"; VariantName = "[No Variations]"
Add component (AddParameter): Name = "Value"; Value = ""; VariantName = "[No Variations]"
Added Component: Designator=U6(SOIC127P600X175-14N)
Add component (AddParameter): Name = "Check_prices"; Value = "https://www.snapeda.com/parts/74HC14D/Toshiba/view-part/?ref=eda"; VariantName = "[No Variations]"
Add component (AddParameter): Name = "MF"; Value = "Toshiba"; VariantName = "[No Variations]"
Add component (AddParameter): Name = "MP"; Value = "74HC14D"; VariantName = "[No Variations]"
Add component (AddParameter): Name = "Package"; Value = "SO14-14 Nexperia USA Inc."; VariantName = "[No Variations]"
Add component (AddParameter): Name = "SnapEDA_Link"; Value = "https://www.snapeda.com/parts/74HC14D/Toshiba/view-part/?ref=snap"; VariantName = "[No Variations]"
Add component (AddParameter): Name = "Value"; Value = ""; VariantName = "[No Variations]"
Added Component: Designator=U7(SOIC127P600X175-8N)
Add component (AddParameter): Name = "Check_prices"; Value = "https://www.snapeda.com/parts/MAX3485EESA+/Analog+Devices/view-part/?ref=eda"; VariantName = "[No Variations]"
Add component (AddParameter): Name = "MF"; Value = "Analog Devices"; VariantName = "[No Variations]"
Add component (AddParameter): Name = "MP"; Value = "MAX3485EESA+"; VariantName = "[No Variations]"
Add component (AddParameter): Name = "Package"; Value = "SOIC-8 Maxim"; VariantName = "[No Variations]"
Add component (AddParameter): Name = "SnapEDA_Link"; Value = "https://www.snapeda.com/parts/MAX3485EESA+/Analog+Devices/view-part/?ref=snap"; VariantName = "[No Variations]"
Add component (AddParameter): Name = "Value"; Value = ""; VariantName = "[No Variations]"
Added Component: Designator=U8(SOIC127P790X216-8N)
Add component (AddParameter): Name = "Check_prices"; Value = "https://www.snapeda.com/parts/W25Q128JVSIQ/Winbond/view-part/?ref=eda"; VariantName = "[No Variations]"
Add component (AddParameter): Name = "MF"; Value = "Winbond Electronics"; VariantName = "[No Variations]"
Add component (AddParameter): Name = "MP"; Value = "W25Q128JVSIQ"; VariantName = "[No Variations]"
Add component (AddParameter): Name = "Package"; Value = "SOIC-8 Winbond Electronics"; VariantName = "[No Variations]"
Add component (AddParameter): Name = "SnapEDA_Link"; Value = "https://www.snapeda.com/parts/W25Q128JVSIQ/Winbond/view-part/?ref=snap"; VariantName = "[No Variations]"
Add component (AddParameter): Name = "Value"; Value = ""; VariantName = "[No Variations]"
Added Component: Designator=U9(SOIC127P600X175-8N)
Add component (AddParameter): Name = "Check_prices"; Value = "https://www.snapeda.com/parts/AT24C512C-SSHM-T/Microchip/view-part/?ref=eda"; VariantName = "[No Variations]"
Add component (AddParameter): Name = "MF"; Value = "Microchip"; VariantName = "[No Variations]"
Add component (AddParameter): Name = "MP"; Value = "AT24C512C-SSHM-T"; VariantName = "[No Variations]"
Add component (AddParameter): Name = "Package"; Value = "SO-8 Microchip"; VariantName = "[No Variations]"
Add component (AddParameter): Name = "SnapEDA_Link"; Value = "https://www.snapeda.com/parts/AT24C512C-SSHM-T/Microchip/view-part/?ref=snap"; VariantName = "[No Variations]"
Add component (AddParameter): Name = "Value"; Value = ""; VariantName = "[No Variations]"
Added Component: Designator=U10(QFP50P900X900X160-48N)
Add component (AddParameter): Name = "Availability"; Value = "Unavailable"; VariantName = "[No Variations]"
Add component (AddParameter): Name = "MF"; Value = ""; VariantName = "[No Variations]"
Add component (AddParameter): Name = "MP"; Value = "W5500"; VariantName = "[No Variations]"
Add component (AddParameter): Name = "Package"; Value = "None"; VariantName = "[No Variations]"
Add component (AddParameter): Name = "Price"; Value = "None"; VariantName = "[No Variations]"
Add component (AddParameter): Name = "Value"; Value = ""; VariantName = "[No Variations]"
Added Component: Designator=Y1(ABRACON ABLS)
Add component (AddParameter): Name = "ComponentLink1Description"; Value = "Datasheet"; VariantName = "[No Variations]"
Add component (AddParameter): Name = "ComponentLink1URL"; Value = "https://abracon.com/Resonators/abls.pdf"; VariantName = "[No Variations]"
Add component (AddParameter): Name = "ComponentLink2Description"; Value = "DigiKey Link"; VariantName = "[No Variations]"
Add component (AddParameter): Name = "ComponentLink2URL"; Value = "https://www.digikey.com/en/products/detail/abracon-llc/ABLS-8-000MHZ-16-A-4-H-T/9997850"; VariantName = "[No Variations]"
Add component (AddParameter): Name = "ESR (Equivalent Series Resistance)"; Value = "80 Ohms"; VariantName = "[No Variations]"
Add component (AddParameter): Name = "Frequency"; Value = "8 MHz"; VariantName = "[No Variations]"
Add component (AddParameter): Name = "Frequency Stability"; Value = "±35ppm"; VariantName = "[No Variations]"
Add component (AddParameter): Name = "Frequency Tolerance"; Value = "±30ppm"; VariantName = "[No Variations]"
Add component (AddParameter): Name = "Height - Seated (Max)"; Value = "0.165" (4.20mm)"; VariantName = "[No Variations]"
Add component (AddParameter): Name = "LastUpdated"; Value = "03-06-2024 8.02.02 PM"; VariantName = "[No Variations]"
Add component (AddParameter): Name = "Lifecycle Status"; Value = "Active"; VariantName = "[No Variations]"
Add component (AddParameter): Name = "Load Capacitance"; Value = "16pF"; VariantName = "[No Variations]"
Add component (AddParameter): Name = "Manufacturer"; Value = "Abracon LLC"; VariantName = "[No Variations]"
Add component (AddParameter): Name = "Minimum Order"; Value = "1"; VariantName = "[No Variations]"
Add component (AddParameter): Name = "Mounting Type"; Value = "Surface Mount"; VariantName = "[No Variations]"
Add component (AddParameter): Name = "Operating Mode"; Value = "Fundamental"; VariantName = "[No Variations]"
Add component (AddParameter): Name = "Operating Temperature"; Value = "-10°C ~ 60°C"; VariantName = "[No Variations]"
Add component (AddParameter): Name = "Package / Case"; Value = "HC-49/US"; VariantName = "[No Variations]"
Add component (AddParameter): Name = "Packaging"; Value = "TapeAndReel"; VariantName = "[No Variations]"
Add component (AddParameter): Name = "Part Number"; Value = "ABLS-8.000MHZ-16-A-4-H-T"; VariantName = "[No Variations]"
Add component (AddParameter): Name = "Part Status"; Value = "Active"; VariantName = "[No Variations]"
Add component (AddParameter): Name = "PartId"; Value = "58"; VariantName = "[No Variations]"
Add component (AddParameter): Name = "Price"; Value = "0.10"; VariantName = "[No Variations]"
Add component (AddParameter): Name = "Series"; Value = "ABLS"; VariantName = "[No Variations]"
Add component (AddParameter): Name = "Size / Dimension"; Value = "0.449" L x 0.185" W (11.40mm x 4.70mm)"; VariantName = "[No Variations]"
Add component (AddParameter): Name = "Supplier 1"; Value = "DigiKey"; VariantName = "[No Variations]"
Add component (AddParameter): Name = "Supplier Part Number 1"; Value = "535-14942-1-ND"; VariantName = "[No Variations]"
Add component (AddParameter): Name = "Type"; Value = "MHz Crystal"; VariantName = "[No Variations]"
Add component (AddParameter): Name = "Value"; Value = "8 MHz"; VariantName = "[No Variations]"
Added Component: Designator=Y2(XTAL_ECS-.327-12.5-13FLX-C)
Add component (AddParameter): Name = "Check_prices"; Value = "https://www.snapeda.com/parts/ECS-.327-12.5-13FLX-C/ECS/view-part/?ref=eda"; VariantName = "[No Variations]"
Add component (AddParameter): Name = "MF"; Value = "ECS Inc."; VariantName = "[No Variations]"
Add component (AddParameter): Name = "MP"; Value = "ECS-.327-12.5-13FLX-C"; VariantName = "[No Variations]"
Add component (AddParameter): Name = "Package"; Value = "ECS-2X6-FLX-13FLX-2 ECS"; VariantName = "[No Variations]"
Add component (AddParameter): Name = "SnapEDA_Link"; Value = "https://www.snapeda.com/parts/ECS-.327-12.5-13FLX-C/ECS/view-part/?ref=snap"; VariantName = "[No Variations]"
Add component (AddParameter): Name = "Value"; Value = ""; VariantName = "[No Variations]"
Added Component: Designator=Y3(ABRACON ABLS)
Add component (AddParameter): Name = "ComponentLink1Description"; Value = "Datasheet"; VariantName = "[No Variations]"
Add component (AddParameter): Name = "ComponentLink1URL"; Value = "https://abracon.com/Resonators/abls.pdf"; VariantName = "[No Variations]"
Add component (AddParameter): Name = "ComponentLink2Description"; Value = "DigiKey Link"; VariantName = "[No Variations]"
Add component (AddParameter): Name = "ComponentLink2URL"; Value = "https://www.digikey.com/en/products/detail/abracon-llc/ABLS-25-000MHZ-12-F-T/8581977"; VariantName = "[No Variations]"
Add component (AddParameter): Name = "ESR (Equivalent Series Resistance)"; Value = "40 Ohms"; VariantName = "[No Variations]"
Add component (AddParameter): Name = "Frequency"; Value = "25 MHz"; VariantName = "[No Variations]"
Add component (AddParameter): Name = "Frequency Stability"; Value = "±50ppm"; VariantName = "[No Variations]"
Add component (AddParameter): Name = "Frequency Tolerance"; Value = "±50ppm"; VariantName = "[No Variations]"
Add component (AddParameter): Name = "Height - Seated (Max)"; Value = "0.165" (4.20mm)"; VariantName = "[No Variations]"
Add component (AddParameter): Name = "LastUpdated"; Value = "03-06-2024 8.02.03 PM"; VariantName = "[No Variations]"
Add component (AddParameter): Name = "Lifecycle Status"; Value = "Active"; VariantName = "[No Variations]"
Add component (AddParameter): Name = "Load Capacitance"; Value = "12pF"; VariantName = "[No Variations]"
Add component (AddParameter): Name = "Manufacturer"; Value = "Abracon LLC"; VariantName = "[No Variations]"
Add component (AddParameter): Name = "Minimum Order"; Value = "1"; VariantName = "[No Variations]"
Add component (AddParameter): Name = "Mounting Type"; Value = "Surface Mount"; VariantName = "[No Variations]"
Add component (AddParameter): Name = "Operating Mode"; Value = "Fundamental"; VariantName = "[No Variations]"
Add component (AddParameter): Name = "Operating Temperature"; Value = "0°C ~ 70°C"; VariantName = "[No Variations]"
Add component (AddParameter): Name = "Package / Case"; Value = "HC-49/US"; VariantName = "[No Variations]"
Add component (AddParameter): Name = "Packaging"; Value = "TapeAndReel"; VariantName = "[No Variations]"
Add component (AddParameter): Name = "Part Number"; Value = "ABLS-25.000MHZ-12-F-T"; VariantName = "[No Variations]"
Add component (AddParameter): Name = "Part Status"; Value = "Active"; VariantName = "[No Variations]"
Add component (AddParameter): Name = "PartId"; Value = "20"; VariantName = "[No Variations]"
Add component (AddParameter): Name = "Price"; Value = "0.16"; VariantName = "[No Variations]"
Add component (AddParameter): Name = "Series"; Value = "ABLS"; VariantName = "[No Variations]"
Add component (AddParameter): Name = "Size / Dimension"; Value = "0.449" L x 0.185" W (11.40mm x 4.70mm)"; VariantName = "[No Variations]"
Add component (AddParameter): Name = "Supplier 1"; Value = "DigiKey"; VariantName = "[No Variations]"
Add component (AddParameter): Name = "Supplier Part Number 1"; Value = "535-14353-1-ND"; VariantName = "[No Variations]"
Add component (AddParameter): Name = "Type"; Value = "MHz Crystal"; VariantName = "[No Variations]"
Add component (AddParameter): Name = "Value"; Value = "25 MHz"; VariantName = "[No Variations]"
Added Pin To Net: NetName=GND Pin=C13-1
Added Pin To Net: NetName=GND Pin=C14-1
Added Pin To Net: NetName=GND Pin=C15-1
Added Pin To Net: NetName=3v3 Pin=C15-2
Added Pin To Net: NetName=GND Pin=C16-1
Added Pin To Net: NetName=3v3 Pin=C16-2
Added Pin To Net: NetName=GND Pin=C17-1
Added Pin To Net: NetName=3v3 Pin=C17-2
Added Pin To Net: NetName=3v3 Pin=C18-1
Added Pin To Net: NetName=GND Pin=C18-2
Added Pin To Net: NetName=3v3 Pin=C19-2
Added Pin To Net: NetName=GND Pin=C20-2
Added Pin To Net: NetName=GND Pin=C21-1
Added Pin To Net: NetName=3v3 Pin=C21-2
Added Pin To Net: NetName=GND Pin=C22-1
Added Pin To Net: NetName=3v3 Pin=C22-2
Added Pin To Net: NetName=GND Pin=C23-1
Added Pin To Net: NetName=GND Pin=C24-1
Added Pin To Net: NetName=GND Pin=C25-2
Added Pin To Net: NetName=GND Pin=C26-2
Added Pin To Net: NetName=GND Pin=C29-1
Added Pin To Net: NetName=GND Pin=C30-2
Added Pin To Net: NetName=GND Pin=C31-1
Added Pin To Net: NetName=GND Pin=C32-1
Added Pin To Net: NetName=3v3 Pin=C32-2
Added Pin To Net: NetName=GND Pin=C33-1
Added Pin To Net: NetName=3v3 Pin=C33-2
Added Pin To Net: NetName=GND Pin=C34-1
Added Pin To Net: NetName=GND Pin=C35-1
Added Pin To Net: NetName=GND Pin=C36-1
Added Pin To Net: NetName=GND Pin=C37-1
Added Pin To Net: NetName=GND Pin=C38-1
Added Pin To Net: NetName=GND Pin=C39-1
Added Pin To Net: NetName=GND Pin=C40-1
Added Pin To Net: NetName=GND Pin=C41-2
Added Pin To Net: NetName=GND Pin=C42-2
Added Pin To Net: NetName=GND Pin=C43-2
Added Pin To Net: NetName=GND Pin=C44-2
Added Pin To Net: NetName=GND Pin=D2-C
Added Pin To Net: NetName=GND Pin=D3-C
Added Pin To Net: NetName=GND Pin=D4-3
Added Pin To Net: NetName=3v3 Pin=FB1-1
Added Pin To Net: NetName=GND Pin=J3-3
Added Pin To Net: NetName=GND Pin=J3-6
Added Pin To Net: NetName=GND Pin=J4-3
Added Pin To Net: NetName=3v3 Pin=J5-4
Added Pin To Net: NetName=GND Pin=J5-6
Added Pin To Net: NetName=GND Pin=J5-12
Added Pin To Net: NetName=GND Pin=J5-13
Added Pin To Net: NetName=GND Pin=J5-14
Added Pin To Net: NetName=GND Pin=J7-1
Added Pin To Net: NetName=GND Pin=J7-4
Added Pin To Net: NetName=3v3 Pin=J8-1
Added Pin To Net: NetName=GND Pin=J8-3
Added Pin To Net: NetName=GND Pin=J9-1
Added Pin To Net: NetName=3v3 Pin=J9-2
Added Pin To Net: NetName=GND Pin=J10-6
Added Pin To Net: NetName=3v3 Pin=R1-2
Added Pin To Net: NetName=3v3 Pin=R5-2
Added Pin To Net: NetName=GND Pin=R6-2
Added Pin To Net: NetName=3v3 Pin=R8-1
Added Pin To Net: NetName=3v3 Pin=R9-1
Added Pin To Net: NetName=3v3 Pin=R10-1
Added Pin To Net: NetName=GND Pin=R11-1
Added Pin To Net: NetName=GND Pin=U3-15
Added Pin To Net: NetName=3v3 Pin=U3-16
Added Pin To Net: NetName=GND Pin=U4-7
Added Pin To Net: NetName=GND Pin=U4-8
Added Pin To Net: NetName=3v3 Pin=U4-16
Added Pin To Net: NetName=UART3_TX Pin=U5-55
Added Pin To Net: NetName=UART3_RX Pin=U5-56
Added Pin To Net: NetName=GND Pin=U6-7
Added Pin To Net: NetName=3v3 Pin=U6-14
Added Pin To Net: NetName=GND Pin=U7-5
Added Pin To Net: NetName=3v3 Pin=U7-8
Added Pin To Net: NetName=GND Pin=U8-4
Added Pin To Net: NetName=3v3 Pin=U8-8
Added Pin To Net: NetName=GND Pin=U9-1
Added Pin To Net: NetName=GND Pin=U9-2
Added Pin To Net: NetName=GND Pin=U9-3
Added Pin To Net: NetName=GND Pin=U9-4
Added Pin To Net: NetName=GND Pin=U9-7
Added Pin To Net: NetName=3v3 Pin=U9-8
Added Pin To Net: NetName=GND Pin=U10-3
Added Pin To Net: NetName=GND Pin=U10-9
Added Pin To Net: NetName=GND Pin=U10-14
Added Pin To Net: NetName=GND Pin=U10-16
Added Pin To Net: NetName=GND Pin=U10-19
Added Pin To Net: NetName=3v3 Pin=U10-28
Added Pin To Net: NetName=GND Pin=U10-29
Added Pin To Net: NetName=GND Pin=U10-48
Added Pin To Net: NetName=GND Pin=Y2-3
Added Pin To Net: NetName=5v Pin=J7-5
Added Pin To Net: NetName=5v Pin=J10-5
Added Net: Name=5v
Added Pin To Net: NetName=A3v3 Pin=C34-2
Added Pin To Net: NetName=A3v3 Pin=C35-2
Added Pin To Net: NetName=A3v3 Pin=C36-2
Added Pin To Net: NetName=A3v3 Pin=C37-2
Added Pin To Net: NetName=A3v3 Pin=C38-2
Added Pin To Net: NetName=A3v3 Pin=C39-2
Added Pin To Net: NetName=A3v3 Pin=C40-2
Added Pin To Net: NetName=A3v3 Pin=FB1-2
Added Pin To Net: NetName=A3v3 Pin=J5-9
Added Pin To Net: NetName=A3v3 Pin=J5-12
Added Pin To Net: NetName=A3v3 Pin=R16-2
Added Pin To Net: NetName=A3v3 Pin=R17-2
Added Pin To Net: NetName=A3v3 Pin=R18-2
Added Pin To Net: NetName=A3v3 Pin=U10-4
Added Pin To Net: NetName=A3v3 Pin=U10-8
Added Pin To Net: NetName=A3v3 Pin=U10-11
Added Pin To Net: NetName=A3v3 Pin=U10-15
Added Pin To Net: NetName=A3v3 Pin=U10-17
Added Pin To Net: NetName=A3v3 Pin=U10-21
Added Net: Name=A3v3
Added Pin To Net: NetName=ACTLED Pin=R12-1
Added Pin To Net: NetName=ACTLED Pin=U10-27
Added Net: Name=ACTLED
Added Pin To Net: NetName=A Pin=C19-1
Added Pin To Net: NetName=A Pin=D4-1
Added Pin To Net: NetName=A Pin=J4-1
Added Pin To Net: NetName=A Pin=R5-1
Added Pin To Net: NetName=A Pin=R7-2
Added Pin To Net: NetName=A Pin=U7-6
Added Net: Name=A
Added Pin To Net: NetName=B Pin=C20-1
Added Pin To Net: NetName=B Pin=D4-2
Added Pin To Net: NetName=B Pin=J4-2
Added Pin To Net: NetName=B Pin=R6-1
Added Pin To Net: NetName=B Pin=R7-1
Added Pin To Net: NetName=B Pin=U7-7
Added Net: Name=B
Added Pin To Net: NetName=CGND Pin=C31-2
Added Pin To Net: NetName=CGND Pin=J5-8
Added Pin To Net: NetName=CGND Pin=J5-15
Added Pin To Net: NetName=CGND Pin=J5-16
Added Net: Name=CGND
Added Pin To Net: NetName=CLK Pin=J5-5
Added Pin To Net: NetName=CLK Pin=U5-37
Added Net: Name=CLK
Added Pin To Net: NetName=CMD Pin=J5-3
Added Pin To Net: NetName=CMD Pin=U5-83
Added Net: Name=CMD
Added Pin To Net: NetName=D0 Pin=J5-7
Added Pin To Net: NetName=D0 Pin=U5-65
Added Net: Name=D0
Added Pin To Net: NetName=D1 Pin=J5-8
Added Pin To Net: NetName=D1 Pin=U5-35
Added Net: Name=D1
Added Pin To Net: NetName=D2 Pin=J5-1
Added Pin To Net: NetName=D2 Pin=U5-36
Added Net: Name=D2
Added Pin To Net: NetName=D3 Pin=J5-2
Added Pin To Net: NetName=D3 Pin=U5-79
Added Net: Name=D3
Added Pin To Net: NetName=D_SCL Pin=J9-3
Added Pin To Net: NetName=D_SCL Pin=U5-95
Added Net: Name=D_SCL
Added Pin To Net: NetName=D_SDA Pin=J9-4
Added Pin To Net: NetName=D_SDA Pin=U5-93
Added Net: Name=D_SDA
Added Pin To Net: NetName=IO0 Pin=U5-58
Added Pin To Net: NetName=IO0 Pin=U8-5
Added Net: Name=IO0
Added Pin To Net: NetName=IO1 Pin=U5-59
Added Pin To Net: NetName=IO1 Pin=U8-2
Added Net: Name=IO1
Added Pin To Net: NetName=IO2 Pin=U5-1
Added Pin To Net: NetName=IO2 Pin=U8-3
Added Net: Name=IO2
Added Pin To Net: NetName=IO3 Pin=U5-60
Added Pin To Net: NetName=IO3 Pin=U8-7
Added Net: Name=IO3
Added Pin To Net: NetName=IO_CLK Pin=U5-84
Added Pin To Net: NetName=IO_CLK Pin=U8-6
Added Net: Name=IO_CLK
Added Pin To Net: NetName=IO_CS Pin=U5-92
Added Pin To Net: NetName=IO_CS Pin=U8-1
Added Net: Name=IO_CS
Added Pin To Net: NetName=LINKLED Pin=R13-1
Added Pin To Net: NetName=LINKLED Pin=U10-25
Added Net: Name=LINKLED
Added Pin To Net: NetName=M_SCL Pin=U9-6
Added Net: Name=M_SCL
Added Pin To Net: NetName=M_SDA Pin=U5-66
Added Pin To Net: NetName=M_SDA Pin=U5-67
Added Pin To Net: NetName=M_SDA Pin=U9-5
Added Net: Name=M_SDA
Added Pin To Net: NetName=NetC11_1 Pin=C11-1
Added Pin To Net: NetName=NetC11_1 Pin=U3-3
Added Net: Name=NetC11_1
Added Pin To Net: NetName=NetC11_2 Pin=C11-2
Added Pin To Net: NetName=NetC11_2 Pin=U3-1
Added Net: Name=NetC11_2
Added Pin To Net: NetName=NetC12_1 Pin=C12-1
Added Pin To Net: NetName=NetC12_1 Pin=U3-5
Added Net: Name=NetC12_1
Added Pin To Net: NetName=NetC12_2 Pin=C12-2
Added Pin To Net: NetName=NetC12_2 Pin=U3-4
Added Net: Name=NetC12_2
Added Pin To Net: NetName=NetC13_2 Pin=C13-2
Added Pin To Net: NetName=NetC13_2 Pin=U3-6
Added Net: Name=NetC13_2
Added Pin To Net: NetName=NetC14_2 Pin=C14-2
Added Pin To Net: NetName=NetC14_2 Pin=U3-2
Added Net: Name=NetC14_2
Added Pin To Net: NetName=NetC23_2 Pin=C23-2
Added Pin To Net: NetName=NetC23_2 Pin=U10-31
Added Pin To Net: NetName=NetC23_2 Pin=Y3-2
Added Net: Name=NetC23_2
Added Pin To Net: NetName=NetC24_2 Pin=C24-2
Added Pin To Net: NetName=NetC24_2 Pin=U10-30
Added Pin To Net: NetName=NetC24_2 Pin=Y3-1
Added Net: Name=NetC24_2
Added Pin To Net: NetName=NetC25_1 Pin=C25-1
Added Pin To Net: NetName=NetC25_1 Pin=U10-20
Added Net: Name=NetC25_1
Added Pin To Net: NetName=NetC26_1 Pin=C26-1
Added Pin To Net: NetName=NetC26_1 Pin=U10-22
Added Net: Name=NetC26_1
Added Pin To Net: NetName=NetC27_1 Pin=C27-1
Added Pin To Net: NetName=NetC27_1 Pin=R14-2
Added Pin To Net: NetName=NetC27_1 Pin=U10-6
Added Net: Name=NetC27_1
Added Pin To Net: NetName=NetC27_2 Pin=C27-2
Added Pin To Net: NetName=NetC27_2 Pin=J5-3
Added Net: Name=NetC27_2
Added Pin To Net: NetName=NetC28_1 Pin=C28-1
Added Pin To Net: NetName=NetC28_1 Pin=R15-2
Added Pin To Net: NetName=NetC28_1 Pin=U10-5
Added Net: Name=NetC28_1
Added Pin To Net: NetName=NetC28_2 Pin=C28-2
Added Pin To Net: NetName=NetC28_2 Pin=J5-6
Added Net: Name=NetC28_2
Added Pin To Net: NetName=NetC29_2 Pin=C29-2
Added Pin To Net: NetName=NetC29_2 Pin=J5-5
Added Pin To Net: NetName=NetC29_2 Pin=R14-1
Added Pin To Net: NetName=NetC29_2 Pin=R15-1
Added Net: Name=NetC29_2
Added Pin To Net: NetName=NetC30_1 Pin=C30-1
Added Pin To Net: NetName=NetC30_1 Pin=J5-4
Added Pin To Net: NetName=NetC30_1 Pin=R18-1
Added Net: Name=NetC30_1
Added Pin To Net: NetName=NetC41_1 Pin=C41-1
Added Pin To Net: NetName=NetC41_1 Pin=U5-8
Added Pin To Net: NetName=NetC41_1 Pin=Y1-2
Added Net: Name=NetC41_1
Added Pin To Net: NetName=NetC42_1 Pin=C42-1
Added Pin To Net: NetName=NetC42_1 Pin=U5-9
Added Pin To Net: NetName=NetC42_1 Pin=Y1-1
Added Net: Name=NetC42_1
Added Pin To Net: NetName=NetC43_1 Pin=C43-1
Added Pin To Net: NetName=NetC43_1 Pin=U5-12
Added Pin To Net: NetName=NetC43_1 Pin=Y2-2
Added Net: Name=NetC43_1
Added Pin To Net: NetName=NetC44_1 Pin=C44-1
Added Pin To Net: NetName=NetC44_1 Pin=U5-13
Added Pin To Net: NetName=NetC44_1 Pin=Y2-1
Added Net: Name=NetC44_1
Added Pin To Net: NetName=NetD1_A Pin=D1-A
Added Pin To Net: NetName=NetD1_A Pin=R2-1
Added Pin To Net: NetName=NetD1_A Pin=U6-11
Added Net: Name=NetD1_A
Added Pin To Net: NetName=NetD1_K Pin=D1-K
Added Pin To Net: NetName=NetD1_K Pin=R2-2
Added Pin To Net: NetName=NetD1_K Pin=U6-8
Added Pin To Net: NetName=NetD1_K Pin=U7-3
Added Net: Name=NetD1_K
Added Pin To Net: NetName=NetD2_A Pin=D2-A
Added Pin To Net: NetName=NetD2_A Pin=R3-2
Added Net: Name=NetD2_A
Added Pin To Net: NetName=NetD3_A Pin=D3-A
Added Pin To Net: NetName=NetD3_A Pin=R4-2
Added Net: Name=NetD3_A
Added Pin To Net: NetName=NetJ5_1 Pin=J5-1
Added Pin To Net: NetName=NetJ5_1 Pin=R16-1
Added Pin To Net: NetName=NetJ5_1 Pin=U10-2
Added Net: Name=NetJ5_1
Added Pin To Net: NetName=NetJ5_2 Pin=J5-2
Added Pin To Net: NetName=NetJ5_2 Pin=R17-1
Added Pin To Net: NetName=NetJ5_2 Pin=U10-1
Added Net: Name=NetJ5_2
Added Pin To Net: NetName=NetJ5_10 Pin=J5-10
Added Pin To Net: NetName=NetJ5_10 Pin=R12-2
Added Net: Name=NetJ5_10
Added Pin To Net: NetName=NetJ5_11 Pin=J5-11
Added Pin To Net: NetName=NetJ5_11 Pin=R13-2
Added Net: Name=NetJ5_11
Added Pin To Net: NetName=NetR3_1 Pin=R3-1
Added Pin To Net: NetName=NetR3_1 Pin=U6-6
Added Pin To Net: NetName=NetR3_1 Pin=U6-9
Added Net: Name=NetR3_1
Added Pin To Net: NetName=NetR4_1 Pin=R4-1
Added Pin To Net: NetName=NetR4_1 Pin=U6-3
Added Pin To Net: NetName=NetR4_1 Pin=U6-12
Added Net: Name=NetR4_1
Added Pin To Net: NetName=NetR8_2 Pin=R8-2
Added Pin To Net: NetName=NetR8_2 Pin=U10-45
Added Net: Name=NetR8_2
Added Pin To Net: NetName=NetR9_2 Pin=R9-2
Added Pin To Net: NetName=NetR9_2 Pin=U10-44
Added Net: Name=NetR9_2
Added Pin To Net: NetName=NetR10_2 Pin=R10-2
Added Pin To Net: NetName=NetR10_2 Pin=U10-43
Added Net: Name=NetR10_2
Added Pin To Net: NetName=NetR11_2 Pin=R11-2
Added Pin To Net: NetName=NetR11_2 Pin=U10-10
Added Net: Name=NetR11_2
Added Pin To Net: NetName=NetU6_10 Pin=U6-10
Added Pin To Net: NetName=NetU6_10 Pin=U7-2
Added Pin To Net: NetName=NetU6_10 Pin=U7-4
Added Net: Name=NetU6_10
Added Pin To Net: NetName=NetU6_13 Pin=U6-13
Added Pin To Net: NetName=NetU6_13 Pin=U7-1
Added Net: Name=NetU6_13
Added Pin To Net: NetName=NRST Pin=J8-5
Added Pin To Net: NetName=NRST Pin=U5-14
Added Net: Name=NRST
Added Pin To Net: NetName=SPI1_CS Pin=U5-29
Added Pin To Net: NetName=SPI1_CS Pin=U10-32
Added Net: Name=SPI1_CS
Added Pin To Net: NetName=SPI1_INT Pin=U5-33
Added Pin To Net: NetName=SPI1_INT Pin=U10-36
Added Net: Name=SPI1_INT
Added Pin To Net: NetName=SPI1_LED Pin=U5-34
Added Net: Name=SPI1_LED
Added Pin To Net: NetName=SPI1_MISO Pin=U5-32
Added Pin To Net: NetName=SPI1_MISO Pin=U10-34
Added Net: Name=SPI1_MISO
Added Pin To Net: NetName=SPI1_MOSI Pin=U5-31
Added Pin To Net: NetName=SPI1_MOSI Pin=U10-35
Added Net: Name=SPI1_MOSI
Added Pin To Net: NetName=SPI1_SCK Pin=U5-30
Added Pin To Net: NetName=SPI1_SCK Pin=U10-33
Added Net: Name=SPI1_SCK
Added Pin To Net: NetName=SPI2_CS Pin=J6-2
Added Pin To Net: NetName=SPI2_CS Pin=U5-51
Added Net: Name=SPI2_CS
Added Pin To Net: NetName=SPI2_INT Pin=J7-2
Added Pin To Net: NetName=SPI2_INT Pin=U5-15
Added Net: Name=SPI2_INT
Added Pin To Net: NetName=SPI2_LED Pin=U5-18
Added Net: Name=SPI2_LED
Added Pin To Net: NetName=SPI2_MISO Pin=J6-4
Added Pin To Net: NetName=SPI2_MISO Pin=U5-17
Added Net: Name=SPI2_MISO
Added Pin To Net: NetName=SPI2_MOSI Pin=J6-3
Added Pin To Net: NetName=SPI2_MOSI Pin=U5-16
Added Net: Name=SPI2_MOSI
Added Pin To Net: NetName=SPI2_SCK Pin=J6-1
Added Pin To Net: NetName=SPI2_SCK Pin=U5-52
Added Net: Name=SPI2_SCK
Added Pin To Net: NetName=SPI3_CS Pin=J10-4
Added Pin To Net: NetName=SPI3_CS Pin=U5-77
Added Net: Name=SPI3_CS
Added Pin To Net: NetName=SPI3_MISO Pin=J10-1
Added Pin To Net: NetName=SPI3_MISO Pin=U5-90
Added Net: Name=SPI3_MISO
Added Pin To Net: NetName=SPI3_MOSI Pin=J10-2
Added Pin To Net: NetName=SPI3_MOSI Pin=U5-80
Added Net: Name=SPI3_MOSI
Added Pin To Net: NetName=SPI3_SCK Pin=J10-3
Added Pin To Net: NetName=SPI3_SCK Pin=U5-78
Added Net: Name=SPI3_SCK
Added Pin To Net: NetName=SWCLK Pin=J8-2
Added Pin To Net: NetName=SWCLK Pin=U5-76
Added Net: Name=SWCLK
Added Pin To Net: NetName=SWDIO Pin=J8-4
Added Pin To Net: NetName=SWDIO Pin=U5-72
Added Net: Name=SWDIO
Added Pin To Net: NetName=UART5_RX Pin=U4-13
Added Pin To Net: NetName=UART5_RX Pin=U5-38
Added Net: Name=UART5_RX
Added Pin To Net: NetName=UART5_TX Pin=U4-3
Added Pin To Net: NetName=UART5_TX Pin=U5-39
Added Net: Name=UART5_TX
Added Pin To Net: NetName=X_RX1 Pin=U3-12
Added Pin To Net: NetName=X_RX1 Pin=U4-12
Added Net: Name=X_RX1
Added Pin To Net: NetName=X_RX2 Pin=U3-9
Added Pin To Net: NetName=X_RX2 Pin=U4-14
Added Net: Name=X_RX2
Added Pin To Net: NetName=X_RX3 Pin=U4-15
Added Pin To Net: NetName=X_RX3 Pin=U6-4
Added Net: Name=X_RX3
Added Pin To Net: NetName=X_TX1 Pin=U3-11
Added Pin To Net: NetName=X_TX1 Pin=U4-1
Added Net: Name=X_TX1
Added Pin To Net: NetName=X_TX2 Pin=U3-10
Added Pin To Net: NetName=X_TX2 Pin=U4-5
Added Net: Name=X_TX2
Added Pin To Net: NetName=X_TX3 Pin=R1-1
Added Pin To Net: NetName=X_TX3 Pin=U4-2
Added Pin To Net: NetName=X_TX3 Pin=U6-5
Added Net: Name=X_TX3
Added Pin To Net: NetName=XA Pin=U4-10
Added Pin To Net: NetName=XA Pin=U5-40
Added Net: Name=XA
Added Pin To Net: NetName=XB Pin=U4-9
Added Pin To Net: NetName=XB Pin=U5-41
Added Net: Name=XB
Added Pin To Net: NetName=Y_RX1 Pin=J3-1
Added Pin To Net: NetName=Y_RX1 Pin=U3-13
Added Net: Name=Y_RX1
Added Pin To Net: NetName=Y_RX2 Pin=J3-4
Added Pin To Net: NetName=Y_RX2 Pin=U3-8
Added Net: Name=Y_RX2
Added Pin To Net: NetName=Y_TX1 Pin=J3-2
Added Pin To Net: NetName=Y_TX1 Pin=U3-14
Added Net: Name=Y_TX1
Added Pin To Net: NetName=Y_TX2 Pin=J3-5
Added Pin To Net: NetName=Y_TX2 Pin=U3-7
Added Net: Name=Y_TX2
Added Class: Name=LAN
Added Class: Name=memory
Added Member To Class: ClassName=commucation Member=Component C11 1µF
Added Member To Class: ClassName=commucation Member=Component C12 1µF
Added Member To Class: ClassName=commucation Member=Component C13 1µF
Added Member To Class: ClassName=commucation Member=Component C14 1µF
Added Member To Class: ClassName=commucation Member=Component C15 1µF
Added Member To Class: ClassName=commucation Member=Component C16 1µF
Added Member To Class: ClassName=commucation Member=Component C17 1µF
Added Member To Class: ClassName=commucation Member=Component C18 1µF
Added Member To Class: ClassName=commucation Member=Component C19 1000 pF
Added Member To Class: ClassName=commucation Member=Component C20 1000 pF
Added Member To Class: ClassName=main Member=Component C41 15pF
Added Member To Class: ClassName=main Member=Component C42 15pF
Added Member To Class: ClassName=main Member=Component C43 15pF
Added Member To Class: ClassName=main Member=Component C44 15pF
Added Member To Class: ClassName=commucation Member=Component D1 1N4148
Added Member To Class: ClassName=commucation Member=Component D2 597-3305-607F
Added Member To Class: ClassName=commucation Member=Component D3 597-3305-607F
Added Member To Class: ClassName=commucation Member=Component D4 SM712.TCT
Added Member To Class: ClassName=commucation Member=Component J3 OQ0632510000G
Added Member To Class: ClassName=commucation Member=Component J4 OQ0332510000G
Added Member To Class: ClassName=main Member=Component J6 NPPN051BFCN-RC
Added Member To Class: ClassName=main Member=Component J7 NPPN051BFCN-RC
Added Member To Class: ClassName=main Member=Component J8 NPPN051BFCN-RC
Added Member To Class: ClassName=main Member=Component J9 NPPN041BFCN-RC
Added Member To Class: ClassName=main Member=Component J10 NPPN061BFCN-RC
Added Member To Class: ClassName=commucation Member=Component R1 10 kOhms
Added Member To Class: ClassName=commucation Member=Component R2 1 kOhms
Added Member To Class: ClassName=commucation Member=Component R3 330 Ohms
Added Member To Class: ClassName=commucation Member=Component R4 330 Ohms
Added Member To Class: ClassName=commucation Member=Component R5 1 kOhms
Added Member To Class: ClassName=commucation Member=Component R6 1 kOhms
Added Member To Class: ClassName=commucation Member=Component R7 120 Ohms
Added Member To Class: ClassName=commucation Member=Component U3 MAX3232CDWG4
Added Member To Class: ClassName=commucation Member=Component U4 CD4052BMT
Added Member To Class: ClassName=commucation Member=Component U6 74HC14D
Added Member To Class: ClassName=commucation Member=Component U7 MAX3485EESA+
Added Member To Class: ClassName=main Member=Component Y1 8 MHz
Added Member To Class: ClassName=main Member=Component Y2 ECS-.327-12.5-13FLX-C
