Removed Pin From Net: NetName=RX2 Pin=J6-1
Removed Pin From Net: NetName=TX2 Pin=J6-2
Removed Pin From Net: NetName=RX4 Pin=J6-4
Removed Pin From Net: NetName=TX4 Pin=J6-5
Removed Pin From Net: NetName=RX3 Pin=J8-1
Removed Pin From Net: NetName=TX3 Pin=J8-2
Removed Pin From Net: NetName=RX6 Pin=J8-4
Removed Pin From Net: NetName=TX6 Pin=J8-5
Removed Pin From Net: NetName=Y_RX1 Pin=J9-1
Removed Pin From Net: NetName=Y_TX1 Pin=J9-2
Removed Pin From Net: NetName=Y_RX2 Pin=J9-4
Removed Pin From Net: NetName=Y_TX2 Pin=J9-5
Removed Pin From Net: NetName=3v3 Pin=U1-11
Removed Pin From Net: NetName=M_SDA Pin=U1-67
Removed Pin From Net: NetName=GND Pin=U2-15
Removed Member From Class: ClassName=LAN Member=C6
Removed Member From Class: ClassName=LAN Member=C9
Removed Member From Class: ClassName=LAN Member=C19
Removed Member From Class: ClassName=main Member=C19
Removed Member From Class: ClassName=commucation Member=C26
Removed Member From Class: ClassName=commucation Member=C36
Removed Member From Class: ClassName=commucation Member=C37
Removed Member From Class: ClassName=commucation Member=C42
Removed Member From Class: ClassName=memory Member=C42
Removed Member From Class: ClassName=LAN Member=J5
Removed Member From Class: ClassName=memory Member=J5
Removed Member From Class: ClassName=main Member=J8
Removed Member From Class: ClassName=main Member=J9
Removed Member From Class: ClassName=commucation Member=U1
Change Component Footprint: Designator=U2 Old Footprint=SOIC127P1030X265-16N New Footprint=SOIC127P600X175-16N
Change Component Footprint: Designator=U5 Old Footprint=SOIC127P1030X265-16N New Footprint=SOIC127P600X175-16N
Change Component Footprint: Designator=U6 Old Footprint=SOIC127P1030X265-16N New Footprint=SOIC127P600X175-16N
Change Component Comment : Designator=U2 Old Comment=MAX3232CDWG4 New Comment=MAX3232ESE
Change Component Comment : Designator=U5 Old Comment=MAX3232CDWG4 New Comment=MAX3232ESE
Change Component Comment : Designator=U6 Old Comment=MAX3232CDWG4 New Comment=MAX3232ESE
Change Component Designator: OldDesignator=C5 NewDesignator=C15
Change Component Designator: OldDesignator=C6 NewDesignator=C16
Change Component Designator: OldDesignator=C7 NewDesignator=C17
Change Component Designator: OldDesignator=C8 NewDesignator=C18
Change Component Designator: OldDesignator=C9 NewDesignator=C19
Change Component Designator: OldDesignator=C10 NewDesignator=C20
Change Component Designator: OldDesignator=C11 NewDesignator=C21
Change Component Designator: OldDesignator=C12 NewDesignator=C22
Change Component Designator: OldDesignator=C13 NewDesignator=C23
Change Component Designator: OldDesignator=C14 NewDesignator=C25
Change Component Designator: OldDesignator=C15 NewDesignator=C26
Change Component Designator: OldDesignator=C16 NewDesignator=C24
Change Component Designator: OldDesignator=C17 NewDesignator=C27
Change Component Designator: OldDesignator=C18 NewDesignator=C28
Change Component Designator: OldDesignator=C19 NewDesignator=C29
Change Component Designator: OldDesignator=C20 NewDesignator=C30
Change Component Designator: OldDesignator=C21 NewDesignator=C31
Change Component Designator: OldDesignator=C22 NewDesignator=C32
Change Component Designator: OldDesignator=C23 NewDesignator=C33
Change Component Designator: OldDesignator=C24 NewDesignator=C34
Change Component Designator: OldDesignator=C25 NewDesignator=C36
Change Component Designator: OldDesignator=C26 NewDesignator=C35
Change Component Designator: OldDesignator=C27 NewDesignator=C37
Change Component Designator: OldDesignator=C28 NewDesignator=C38
Change Component Designator: OldDesignator=C29 NewDesignator=C39
Change Component Designator: OldDesignator=C30 NewDesignator=C40
Change Component Designator: OldDesignator=C31 NewDesignator=C41
Change Component Designator: OldDesignator=C32 NewDesignator=C42
Change Component Designator: OldDesignator=C33 NewDesignator=C43
Change Component Designator: OldDesignator=C34 NewDesignator=C44
Change Component Designator: OldDesignator=C35 NewDesignator=C45
Change Component Designator: OldDesignator=C36 NewDesignator=C46
Change Component Designator: OldDesignator=C37 NewDesignator=C47
Change Component Designator: OldDesignator=C38 NewDesignator=C48
Change Component Designator: OldDesignator=C39 NewDesignator=C49
Change Component Designator: OldDesignator=C40 NewDesignator=C50
Change Component Designator: OldDesignator=C41 NewDesignator=C51
Change Component Designator: OldDesignator=C42 NewDesignator=C52
Change Component Designator: OldDesignator=C43 NewDesignator=C53
Change Component Designator: OldDesignator=C44 NewDesignator=C54
Change Component Designator: OldDesignator=D1 NewDesignator=D5
Change Component Designator: OldDesignator=D2 NewDesignator=D6
Change Component Designator: OldDesignator=D3 NewDesignator=D8
Change Component Designator: OldDesignator=D4 NewDesignator=D9
Change Component Designator: OldDesignator=D5 NewDesignator=D15
Change Component Designator: OldDesignator=D6 NewDesignator=D16
Change Component Designator: OldDesignator=D7 NewDesignator=D19
Change Component Designator: OldDesignator=D8 NewDesignator=D21
Change Component Designator: OldDesignator=D9 NewDesignator=D22
Change Component Designator: OldDesignator=D10 NewDesignator=D25
Change Component Designator: OldDesignator=D11 NewDesignator=D27
Change Component Designator: OldDesignator=D12 NewDesignator=D28
Change Component Designator: OldDesignator=D13 NewDesignator=D30
Change Component Designator: OldDesignator=D14 NewDesignator=D31
Change Component Designator: OldDesignator=D15 NewDesignator=D33
Change Component Designator: OldDesignator=D16 NewDesignator=D34
Change Component Designator: OldDesignator=D17 NewDesignator=D36
Change Component Designator: OldDesignator=D18 NewDesignator=D37
Change Component Designator: OldDesignator=D19 NewDesignator=D39
Change Component Designator: OldDesignator=J6 NewDesignator=J7
Change Component Designator: OldDesignator=J7 NewDesignator=J8
Change Component Designator: OldDesignator=J8 NewDesignator=J9
Change Component Designator: OldDesignator=J9 NewDesignator=J10
Change Component Designator: OldDesignator=J10 NewDesignator=J11
Change Component Designator: OldDesignator=J11 NewDesignator=J12
Change Component Designator: OldDesignator=J12 NewDesignator=J14
Change Component Designator: OldDesignator=J13 NewDesignator=J16
Change Component Designator: OldDesignator=R1 NewDesignator=R4
Change Component Designator: OldDesignator=R2 NewDesignator=R6
Change Component Designator: OldDesignator=R3 NewDesignator=R8
Change Component Designator: OldDesignator=R4 NewDesignator=R10
Change Component Designator: OldDesignator=R5 NewDesignator=R11
Change Component Designator: OldDesignator=R6 NewDesignator=R13
Change Component Designator: OldDesignator=R7 NewDesignator=R15
Change Component Designator: OldDesignator=R8 NewDesignator=R20
Change Component Designator: OldDesignator=R9 NewDesignator=R21
Change Component Designator: OldDesignator=R10 NewDesignator=R22
Change Component Designator: OldDesignator=R11 NewDesignator=R23
Change Component Designator: OldDesignator=R12 NewDesignator=R24
Change Component Designator: OldDesignator=R13 NewDesignator=R25
Change Component Designator: OldDesignator=R14 NewDesignator=R26
Change Component Designator: OldDesignator=R15 NewDesignator=R27
Change Component Designator: OldDesignator=R16 NewDesignator=R28
Change Component Designator: OldDesignator=R17 NewDesignator=R29
Change Component Designator: OldDesignator=R18 NewDesignator=R30
Change Component Designator: OldDesignator=R19 NewDesignator=R34
Change Component Designator: OldDesignator=R20 NewDesignator=R35
Change Component Designator: OldDesignator=R21 NewDesignator=R36
Change Component Designator: OldDesignator=R22 NewDesignator=R38
Change Component Designator: OldDesignator=R23 NewDesignator=R42
Change Component Designator: OldDesignator=R24 NewDesignator=R43
Change Component Designator: OldDesignator=R25 NewDesignator=R44
Change Component Designator: OldDesignator=R26 NewDesignator=R46
Change Component Designator: OldDesignator=R27 NewDesignator=R50
Change Component Designator: OldDesignator=R28 NewDesignator=R51
Change Component Designator: OldDesignator=R29 NewDesignator=R53
Change Component Designator: OldDesignator=R30 NewDesignator=R54
Change Component Designator: OldDesignator=R31 NewDesignator=R55
Change Component Designator: OldDesignator=R32 NewDesignator=R56
Change Component Designator: OldDesignator=R33 NewDesignator=R58
Change Component Designator: OldDesignator=R34 NewDesignator=R60
Change Component Designator: OldDesignator=R35 NewDesignator=R62
Change Component Designator: OldDesignator=R36 NewDesignator=R63
Change Component Designator: OldDesignator=R37 NewDesignator=R65
Change Component Designator: OldDesignator=R38 NewDesignator=R66
Change Component Designator: OldDesignator=U8 NewDesignator=U9
Change Component Designator: OldDesignator=U9 NewDesignator=U8
Change Component Designator: OldDesignator=U10 NewDesignator=U11
Change component parameters: Designator = "U2" ("U2"); Footprint = "SOIC127P1030X265-16N"; UniqueID = "\EJGASBJV" ("\EJGASBJV")
Change component parameters (AddParameter): Name = "Check_prices"; Value = "https://www.snapeda.com/parts/MAX3232ESE+T/Analog+Devices/view-part/?ref=eda"; VariantName = "[No Variations]"
Change component parameters (AddParameter): Name = "MF"; Value = "Analog Devices"; VariantName = "[No Variations]"
Change component parameters (AddParameter): Name = "MP"; Value = "MAX3232ESE+T"; VariantName = "[No Variations]"
Change component parameters (AddParameter): Name = "Package"; Value = "SOIC-16 Maxim Integrated"; VariantName = "[No Variations]"
Change component parameters (AddParameter): Name = "SnapEDA_Link"; Value = "https://www.snapeda.com/parts/MAX3232ESE+T/Analog+Devices/view-part/?ref=snap"; VariantName = "[No Variations]"
Change component parameters (AddParameter): Name = "Value"; Value = ""; VariantName = "[No Variations]"
Change component parameters: Designator = "U5" ("U5"); Footprint = "SOIC127P1030X265-16N"; UniqueID = "\ZXCXRCLG" ("\ZXCXRCLG")
Change component parameters (AddParameter): Name = "Check_prices"; Value = "https://www.snapeda.com/parts/MAX3232ESE+T/Analog+Devices/view-part/?ref=eda"; VariantName = "[No Variations]"
Change component parameters (AddParameter): Name = "MF"; Value = "Analog Devices"; VariantName = "[No Variations]"
Change component parameters (AddParameter): Name = "MP"; Value = "MAX3232ESE+T"; VariantName = "[No Variations]"
Change component parameters (AddParameter): Name = "Package"; Value = "SOIC-16 Maxim Integrated"; VariantName = "[No Variations]"
Change component parameters (AddParameter): Name = "SnapEDA_Link"; Value = "https://www.snapeda.com/parts/MAX3232ESE+T/Analog+Devices/view-part/?ref=snap"; VariantName = "[No Variations]"
Change component parameters (AddParameter): Name = "Value"; Value = ""; VariantName = "[No Variations]"
Change component parameters: Designator = "U6" ("U6"); Footprint = "SOIC127P1030X265-16N"; UniqueID = "\JEWGMBRR" ("\JEWGMBRR")
Change component parameters (AddParameter): Name = "Check_prices"; Value = "https://www.snapeda.com/parts/MAX3232ESE+T/Analog+Devices/view-part/?ref=eda"; VariantName = "[No Variations]"
Change component parameters (AddParameter): Name = "MF"; Value = "Analog Devices"; VariantName = "[No Variations]"
Change component parameters (AddParameter): Name = "MP"; Value = "MAX3232ESE+T"; VariantName = "[No Variations]"
Change component parameters (AddParameter): Name = "Package"; Value = "SOIC-16 Maxim Integrated"; VariantName = "[No Variations]"
Change component parameters (AddParameter): Name = "SnapEDA_Link"; Value = "https://www.snapeda.com/parts/MAX3232ESE+T/Analog+Devices/view-part/?ref=snap"; VariantName = "[No Variations]"
Change component parameters (AddParameter): Name = "Value"; Value = ""; VariantName = "[No Variations]"
Added Component: Designator=C5(CAP 0805_2012)
Add component (AddParameter): Name = "Applications"; Value = "General Purpose"; VariantName = "[No Variations]"
Add component (AddParameter): Name = "Capacitance"; Value = "0.1µF"; VariantName = "[No Variations]"
Add component (AddParameter): Name = "componentlink1description"; Value = "Datasheet"; VariantName = "[No Variations]"
Add component (AddParameter): Name = "componentlink1url"; Value = "http://datasheets.avx.com/X7RDielectric.pdf"; VariantName = "[No Variations]"
Add component (AddParameter): Name = "componentlink2description"; Value = "DigiKey Link"; VariantName = "[No Variations]"
Add component (AddParameter): Name = "componentlink2url"; Value = "http://digikey.com/product-detail/en/avx-corporation/0805ZC105KAT4A/478-7604-1-ND/7536237"; VariantName = "[No Variations]"
Add component (AddParameter): Name = "Device Package"; Value = "0805 (2012 Metric)"; VariantName = "[No Variations]"
Add component (AddParameter): Name = "lastupdated"; Value = "02-09-2020 1.04.40 AM"; VariantName = "[No Variations]"
Add component (AddParameter): Name = "Lifecycle Status"; Value = "Active"; VariantName = "[No Variations]"
Add component (AddParameter): Name = "manufacturer"; Value = "AVX Corporation"; VariantName = "[No Variations]"
Add component (AddParameter): Name = "Minimum Order"; Value = "1"; VariantName = "[No Variations]"
Add component (AddParameter): Name = "Mounting Type"; Value = "Surface Mount, MLCC"; VariantName = "[No Variations]"
Add component (AddParameter): Name = "Operating Temperature"; Value = "-55°C ~ 125°C"; VariantName = "[No Variations]"
Add component (AddParameter): Name = "Package / Case"; Value = "0805 (2012 Metric)"; VariantName = "[No Variations]"
Add component (AddParameter): Name = "packaging"; Value = "TapeAndReel"; VariantName = "[No Variations]"
Add component (AddParameter): Name = "Part Number"; Value = "0805ZC105KAT4A"; VariantName = "[No Variations]"
Add component (AddParameter): Name = "Part Status"; Value = "Active"; VariantName = "[No Variations]"
Add component (AddParameter): Name = "partid"; Value = "3500"; VariantName = "[No Variations]"
Add component (AddParameter): Name = "price"; Value = "0.17"; VariantName = "[No Variations]"
Add component (AddParameter): Name = "series"; Value = "-"; VariantName = "[No Variations]"
Add component (AddParameter): Name = "Size / Dimension"; Value = "0.079" L x 0.049" W (2.00mm x 1.25mm)"; VariantName = "[No Variations]"
Add component (AddParameter): Name = "Supplier 1"; Value = "DigiKey"; VariantName = "[No Variations]"
Add component (AddParameter): Name = "Supplier Part Number 1"; Value = "478-7604-1-ND"; VariantName = "[No Variations]"
Add component (AddParameter): Name = "Temperature Coefficient"; Value = "X7R"; VariantName = "[No Variations]"
Add component (AddParameter): Name = "Thickness (Max)"; Value = "0.037" (0.94mm)"; VariantName = "[No Variations]"
Add component (AddParameter): Name = "Tolerance"; Value = "±10%"; VariantName = "[No Variations]"
Add component (AddParameter): Name = "value"; Value = "1µF"; VariantName = "[No Variations]"
Add component (AddParameter): Name = "Voltage - Rated"; Value = "10V"; VariantName = "[No Variations]"
Added Component: Designator=C6(CAP 0805_2012)
Add component (AddParameter): Name = "Applications"; Value = "General Purpose"; VariantName = "[No Variations]"
Add component (AddParameter): Name = "Capacitance"; Value = "0.1µF"; VariantName = "[No Variations]"
Add component (AddParameter): Name = "componentlink1description"; Value = "Datasheet"; VariantName = "[No Variations]"
Add component (AddParameter): Name = "componentlink1url"; Value = "http://datasheets.avx.com/X7RDielectric.pdf"; VariantName = "[No Variations]"
Add component (AddParameter): Name = "componentlink2description"; Value = "DigiKey Link"; VariantName = "[No Variations]"
Add component (AddParameter): Name = "componentlink2url"; Value = "http://digikey.com/product-detail/en/avx-corporation/0805ZC105KAT4A/478-7604-1-ND/7536237"; VariantName = "[No Variations]"
Add component (AddParameter): Name = "Device Package"; Value = "0805 (2012 Metric)"; VariantName = "[No Variations]"
Add component (AddParameter): Name = "lastupdated"; Value = "02-09-2020 1.04.40 AM"; VariantName = "[No Variations]"
Add component (AddParameter): Name = "Lifecycle Status"; Value = "Active"; VariantName = "[No Variations]"
Add component (AddParameter): Name = "manufacturer"; Value = "AVX Corporation"; VariantName = "[No Variations]"
Add component (AddParameter): Name = "Minimum Order"; Value = "1"; VariantName = "[No Variations]"
Add component (AddParameter): Name = "Mounting Type"; Value = "Surface Mount, MLCC"; VariantName = "[No Variations]"
Add component (AddParameter): Name = "Operating Temperature"; Value = "-55°C ~ 125°C"; VariantName = "[No Variations]"
Add component (AddParameter): Name = "Package / Case"; Value = "0805 (2012 Metric)"; VariantName = "[No Variations]"
Add component (AddParameter): Name = "packaging"; Value = "TapeAndReel"; VariantName = "[No Variations]"
Add component (AddParameter): Name = "Part Number"; Value = "0805ZC105KAT4A"; VariantName = "[No Variations]"
Add component (AddParameter): Name = "Part Status"; Value = "Active"; VariantName = "[No Variations]"
Add component (AddParameter): Name = "partid"; Value = "3500"; VariantName = "[No Variations]"
Add component (AddParameter): Name = "price"; Value = "0.17"; VariantName = "[No Variations]"
Add component (AddParameter): Name = "series"; Value = "-"; VariantName = "[No Variations]"
Add component (AddParameter): Name = "Size / Dimension"; Value = "0.079" L x 0.049" W (2.00mm x 1.25mm)"; VariantName = "[No Variations]"
Add component (AddParameter): Name = "Supplier 1"; Value = "DigiKey"; VariantName = "[No Variations]"
Add component (AddParameter): Name = "Supplier Part Number 1"; Value = "478-7604-1-ND"; VariantName = "[No Variations]"
Add component (AddParameter): Name = "Temperature Coefficient"; Value = "X7R"; VariantName = "[No Variations]"
Add component (AddParameter): Name = "Thickness (Max)"; Value = "0.037" (0.94mm)"; VariantName = "[No Variations]"
Add component (AddParameter): Name = "Tolerance"; Value = "±10%"; VariantName = "[No Variations]"
Add component (AddParameter): Name = "value"; Value = "1µF"; VariantName = "[No Variations]"
Add component (AddParameter): Name = "Voltage - Rated"; Value = "10V"; VariantName = "[No Variations]"
Added Component: Designator=C7(CAP 0805_2012)
Add component (AddParameter): Name = "Applications"; Value = "General Purpose"; VariantName = "[No Variations]"
Add component (AddParameter): Name = "Capacitance"; Value = "0.1µF"; VariantName = "[No Variations]"
Add component (AddParameter): Name = "componentlink1description"; Value = "Datasheet"; VariantName = "[No Variations]"
Add component (AddParameter): Name = "componentlink1url"; Value = "http://datasheets.avx.com/X7RDielectric.pdf"; VariantName = "[No Variations]"
Add component (AddParameter): Name = "componentlink2description"; Value = "DigiKey Link"; VariantName = "[No Variations]"
Add component (AddParameter): Name = "componentlink2url"; Value = "http://digikey.com/product-detail/en/avx-corporation/0805ZC105KAT4A/478-7604-1-ND/7536237"; VariantName = "[No Variations]"
Add component (AddParameter): Name = "Device Package"; Value = "0805 (2012 Metric)"; VariantName = "[No Variations]"
Add component (AddParameter): Name = "lastupdated"; Value = "02-09-2020 1.04.40 AM"; VariantName = "[No Variations]"
Add component (AddParameter): Name = "Lifecycle Status"; Value = "Active"; VariantName = "[No Variations]"
Add component (AddParameter): Name = "manufacturer"; Value = "AVX Corporation"; VariantName = "[No Variations]"
Add component (AddParameter): Name = "Minimum Order"; Value = "1"; VariantName = "[No Variations]"
Add component (AddParameter): Name = "Mounting Type"; Value = "Surface Mount, MLCC"; VariantName = "[No Variations]"
Add component (AddParameter): Name = "Operating Temperature"; Value = "-55°C ~ 125°C"; VariantName = "[No Variations]"
Add component (AddParameter): Name = "Package / Case"; Value = "0805 (2012 Metric)"; VariantName = "[No Variations]"
Add component (AddParameter): Name = "packaging"; Value = "TapeAndReel"; VariantName = "[No Variations]"
Add component (AddParameter): Name = "Part Number"; Value = "0805ZC105KAT4A"; VariantName = "[No Variations]"
Add component (AddParameter): Name = "Part Status"; Value = "Active"; VariantName = "[No Variations]"
Add component (AddParameter): Name = "partid"; Value = "3500"; VariantName = "[No Variations]"
Add component (AddParameter): Name = "price"; Value = "0.17"; VariantName = "[No Variations]"
Add component (AddParameter): Name = "series"; Value = "-"; VariantName = "[No Variations]"
Add component (AddParameter): Name = "Size / Dimension"; Value = "0.079" L x 0.049" W (2.00mm x 1.25mm)"; VariantName = "[No Variations]"
Add component (AddParameter): Name = "Supplier 1"; Value = "DigiKey"; VariantName = "[No Variations]"
Add component (AddParameter): Name = "Supplier Part Number 1"; Value = "478-7604-1-ND"; VariantName = "[No Variations]"
Add component (AddParameter): Name = "Temperature Coefficient"; Value = "X7R"; VariantName = "[No Variations]"
Add component (AddParameter): Name = "Thickness (Max)"; Value = "0.037" (0.94mm)"; VariantName = "[No Variations]"
Add component (AddParameter): Name = "Tolerance"; Value = "±10%"; VariantName = "[No Variations]"
Add component (AddParameter): Name = "value"; Value = "1µF"; VariantName = "[No Variations]"
Add component (AddParameter): Name = "Voltage - Rated"; Value = "10V"; VariantName = "[No Variations]"
Added Component: Designator=C8(CAP 0805_2012)
Add component (AddParameter): Name = "Applications"; Value = "General Purpose"; VariantName = "[No Variations]"
Add component (AddParameter): Name = "Capacitance"; Value = "0.1µF"; VariantName = "[No Variations]"
Add component (AddParameter): Name = "componentlink1description"; Value = "Datasheet"; VariantName = "[No Variations]"
Add component (AddParameter): Name = "componentlink1url"; Value = "http://datasheets.avx.com/X7RDielectric.pdf"; VariantName = "[No Variations]"
Add component (AddParameter): Name = "componentlink2description"; Value = "DigiKey Link"; VariantName = "[No Variations]"
Add component (AddParameter): Name = "componentlink2url"; Value = "http://digikey.com/product-detail/en/avx-corporation/0805ZC105KAT4A/478-7604-1-ND/7536237"; VariantName = "[No Variations]"
Add component (AddParameter): Name = "Device Package"; Value = "0805 (2012 Metric)"; VariantName = "[No Variations]"
Add component (AddParameter): Name = "lastupdated"; Value = "02-09-2020 1.04.40 AM"; VariantName = "[No Variations]"
Add component (AddParameter): Name = "Lifecycle Status"; Value = "Active"; VariantName = "[No Variations]"
Add component (AddParameter): Name = "manufacturer"; Value = "AVX Corporation"; VariantName = "[No Variations]"
Add component (AddParameter): Name = "Minimum Order"; Value = "1"; VariantName = "[No Variations]"
Add component (AddParameter): Name = "Mounting Type"; Value = "Surface Mount, MLCC"; VariantName = "[No Variations]"
Add component (AddParameter): Name = "Operating Temperature"; Value = "-55°C ~ 125°C"; VariantName = "[No Variations]"
Add component (AddParameter): Name = "Package / Case"; Value = "0805 (2012 Metric)"; VariantName = "[No Variations]"
Add component (AddParameter): Name = "packaging"; Value = "TapeAndReel"; VariantName = "[No Variations]"
Add component (AddParameter): Name = "Part Number"; Value = "0805ZC105KAT4A"; VariantName = "[No Variations]"
Add component (AddParameter): Name = "Part Status"; Value = "Active"; VariantName = "[No Variations]"
Add component (AddParameter): Name = "partid"; Value = "3500"; VariantName = "[No Variations]"
Add component (AddParameter): Name = "price"; Value = "0.17"; VariantName = "[No Variations]"
Add component (AddParameter): Name = "series"; Value = "-"; VariantName = "[No Variations]"
Add component (AddParameter): Name = "Size / Dimension"; Value = "0.079" L x 0.049" W (2.00mm x 1.25mm)"; VariantName = "[No Variations]"
Add component (AddParameter): Name = "Supplier 1"; Value = "DigiKey"; VariantName = "[No Variations]"
Add component (AddParameter): Name = "Supplier Part Number 1"; Value = "478-7604-1-ND"; VariantName = "[No Variations]"
Add component (AddParameter): Name = "Temperature Coefficient"; Value = "X7R"; VariantName = "[No Variations]"
Add component (AddParameter): Name = "Thickness (Max)"; Value = "0.037" (0.94mm)"; VariantName = "[No Variations]"
Add component (AddParameter): Name = "Tolerance"; Value = "±10%"; VariantName = "[No Variations]"
Add component (AddParameter): Name = "value"; Value = "1µF"; VariantName = "[No Variations]"
Add component (AddParameter): Name = "Voltage - Rated"; Value = "10V"; VariantName = "[No Variations]"
Added Component: Designator=C9(CAP 0805_2012)
Add component (AddParameter): Name = "Applications"; Value = "General Purpose"; VariantName = "[No Variations]"
Add component (AddParameter): Name = "Capacitance"; Value = "0.1µF"; VariantName = "[No Variations]"
Add component (AddParameter): Name = "componentlink1description"; Value = "Datasheet"; VariantName = "[No Variations]"
Add component (AddParameter): Name = "componentlink1url"; Value = "http://datasheets.avx.com/X7RDielectric.pdf"; VariantName = "[No Variations]"
Add component (AddParameter): Name = "componentlink2description"; Value = "DigiKey Link"; VariantName = "[No Variations]"
Add component (AddParameter): Name = "componentlink2url"; Value = "http://digikey.com/product-detail/en/avx-corporation/0805ZC105KAT4A/478-7604-1-ND/7536237"; VariantName = "[No Variations]"
Add component (AddParameter): Name = "Device Package"; Value = "0805 (2012 Metric)"; VariantName = "[No Variations]"
Add component (AddParameter): Name = "lastupdated"; Value = "02-09-2020 1.04.40 AM"; VariantName = "[No Variations]"
Add component (AddParameter): Name = "Lifecycle Status"; Value = "Active"; VariantName = "[No Variations]"
Add component (AddParameter): Name = "manufacturer"; Value = "AVX Corporation"; VariantName = "[No Variations]"
Add component (AddParameter): Name = "Minimum Order"; Value = "1"; VariantName = "[No Variations]"
Add component (AddParameter): Name = "Mounting Type"; Value = "Surface Mount, MLCC"; VariantName = "[No Variations]"
Add component (AddParameter): Name = "Operating Temperature"; Value = "-55°C ~ 125°C"; VariantName = "[No Variations]"
Add component (AddParameter): Name = "Package / Case"; Value = "0805 (2012 Metric)"; VariantName = "[No Variations]"
Add component (AddParameter): Name = "packaging"; Value = "TapeAndReel"; VariantName = "[No Variations]"
Add component (AddParameter): Name = "Part Number"; Value = "0805ZC105KAT4A"; VariantName = "[No Variations]"
Add component (AddParameter): Name = "Part Status"; Value = "Active"; VariantName = "[No Variations]"
Add component (AddParameter): Name = "partid"; Value = "3500"; VariantName = "[No Variations]"
Add component (AddParameter): Name = "price"; Value = "0.17"; VariantName = "[No Variations]"
Add component (AddParameter): Name = "series"; Value = "-"; VariantName = "[No Variations]"
Add component (AddParameter): Name = "Size / Dimension"; Value = "0.079" L x 0.049" W (2.00mm x 1.25mm)"; VariantName = "[No Variations]"
Add component (AddParameter): Name = "Supplier 1"; Value = "DigiKey"; VariantName = "[No Variations]"
Add component (AddParameter): Name = "Supplier Part Number 1"; Value = "478-7604-1-ND"; VariantName = "[No Variations]"
Add component (AddParameter): Name = "Temperature Coefficient"; Value = "X7R"; VariantName = "[No Variations]"
Add component (AddParameter): Name = "Thickness (Max)"; Value = "0.037" (0.94mm)"; VariantName = "[No Variations]"
Add component (AddParameter): Name = "Tolerance"; Value = "±10%"; VariantName = "[No Variations]"
Add component (AddParameter): Name = "value"; Value = "1µF"; VariantName = "[No Variations]"
Add component (AddParameter): Name = "Voltage - Rated"; Value = "10V"; VariantName = "[No Variations]"
Added Component: Designator=C10(CAP 0805_2012)
Add component (AddParameter): Name = "Applications"; Value = "General Purpose"; VariantName = "[No Variations]"
Add component (AddParameter): Name = "Capacitance"; Value = "0.1µF"; VariantName = "[No Variations]"
Add component (AddParameter): Name = "componentlink1description"; Value = "Datasheet"; VariantName = "[No Variations]"
Add component (AddParameter): Name = "componentlink1url"; Value = "http://datasheets.avx.com/X7RDielectric.pdf"; VariantName = "[No Variations]"
Add component (AddParameter): Name = "componentlink2description"; Value = "DigiKey Link"; VariantName = "[No Variations]"
Add component (AddParameter): Name = "componentlink2url"; Value = "http://digikey.com/product-detail/en/avx-corporation/0805ZC105KAT4A/478-7604-1-ND/7536237"; VariantName = "[No Variations]"
Add component (AddParameter): Name = "Device Package"; Value = "0805 (2012 Metric)"; VariantName = "[No Variations]"
Add component (AddParameter): Name = "lastupdated"; Value = "02-09-2020 1.04.40 AM"; VariantName = "[No Variations]"
Add component (AddParameter): Name = "Lifecycle Status"; Value = "Active"; VariantName = "[No Variations]"
Add component (AddParameter): Name = "manufacturer"; Value = "AVX Corporation"; VariantName = "[No Variations]"
Add component (AddParameter): Name = "Minimum Order"; Value = "1"; VariantName = "[No Variations]"
Add component (AddParameter): Name = "Mounting Type"; Value = "Surface Mount, MLCC"; VariantName = "[No Variations]"
Add component (AddParameter): Name = "Operating Temperature"; Value = "-55°C ~ 125°C"; VariantName = "[No Variations]"
Add component (AddParameter): Name = "Package / Case"; Value = "0805 (2012 Metric)"; VariantName = "[No Variations]"
Add component (AddParameter): Name = "packaging"; Value = "TapeAndReel"; VariantName = "[No Variations]"
Add component (AddParameter): Name = "Part Number"; Value = "0805ZC105KAT4A"; VariantName = "[No Variations]"
Add component (AddParameter): Name = "Part Status"; Value = "Active"; VariantName = "[No Variations]"
Add component (AddParameter): Name = "partid"; Value = "3500"; VariantName = "[No Variations]"
Add component (AddParameter): Name = "price"; Value = "0.17"; VariantName = "[No Variations]"
Add component (AddParameter): Name = "series"; Value = "-"; VariantName = "[No Variations]"
Add component (AddParameter): Name = "Size / Dimension"; Value = "0.079" L x 0.049" W (2.00mm x 1.25mm)"; VariantName = "[No Variations]"
Add component (AddParameter): Name = "Supplier 1"; Value = "DigiKey"; VariantName = "[No Variations]"
Add component (AddParameter): Name = "Supplier Part Number 1"; Value = "478-7604-1-ND"; VariantName = "[No Variations]"
Add component (AddParameter): Name = "Temperature Coefficient"; Value = "X7R"; VariantName = "[No Variations]"
Add component (AddParameter): Name = "Thickness (Max)"; Value = "0.037" (0.94mm)"; VariantName = "[No Variations]"
Add component (AddParameter): Name = "Tolerance"; Value = "±10%"; VariantName = "[No Variations]"
Add component (AddParameter): Name = "value"; Value = "1µF"; VariantName = "[No Variations]"
Add component (AddParameter): Name = "Voltage - Rated"; Value = "10V"; VariantName = "[No Variations]"
Added Component: Designator=C11(CAP 0805_2012)
Add component (AddParameter): Name = "Applications"; Value = "Boardflex Sensitive"; VariantName = "[No Variations]"
Add component (AddParameter): Name = "Capacitance"; Value = "4.7 µF"; VariantName = "[No Variations]"
Add component (AddParameter): Name = "componentlink1description"; Value = "Datasheet"; VariantName = "[No Variations]"
Add component (AddParameter): Name = "componentlink1url"; Value = "https://connect.kemet.com:7667/gateway/IntelliData-ComponentDocumentation/1.0/download/datasheet/C0805X475M3RAC7800"; VariantName = "[No Variations]"
Add component (AddParameter): Name = "componentlink2description"; Value = "DigiKey Link"; VariantName = "[No Variations]"
Add component (AddParameter): Name = "componentlink2url"; Value = "https://www.digikey.com/en/products/detail/kemet/C0805X475M3RAC7800/12082671"; VariantName = "[No Variations]"
Add component (AddParameter): Name = "Device Package"; Value = "0805 (2012 Metric)"; VariantName = "[No Variations]"
Add component (AddParameter): Name = "Features"; Value = "Soft Termination"; VariantName = "[No Variations]"
Add component (AddParameter): Name = "lastupdated"; Value = "29-03-2026 7.18.51 PM"; VariantName = "[No Variations]"
Add component (AddParameter): Name = "Lifecycle Status"; Value = "Active"; VariantName = "[No Variations]"
Add component (AddParameter): Name = "manufacturer"; Value = "KEMET"; VariantName = "[No Variations]"
Add component (AddParameter): Name = "Minimum Order"; Value = "1"; VariantName = "[No Variations]"
Add component (AddParameter): Name = "Mounting Type"; Value = "Surface Mount, MLCC"; VariantName = "[No Variations]"
Add component (AddParameter): Name = "Operating Temperature"; Value = "-55°C ~ 125°C"; VariantName = "[No Variations]"
Add component (AddParameter): Name = "Package / Case"; Value = "0805 (2012 Metric)"; VariantName = "[No Variations]"
Add component (AddParameter): Name = "packaging"; Value = "TapeAndReel"; VariantName = "[No Variations]"
Add component (AddParameter): Name = "Part Number"; Value = "C0805X475M3RAC7800"; VariantName = "[No Variations]"
Add component (AddParameter): Name = "Part Status"; Value = "Active"; VariantName = "[No Variations]"
Add component (AddParameter): Name = "partid"; Value = "46494"; VariantName = "[No Variations]"
Add component (AddParameter): Name = "price"; Value = "0.15"; VariantName = "[No Variations]"
Add component (AddParameter): Name = "series"; Value = "SMD Comm X7R Flex"; VariantName = "[No Variations]"
Add component (AddParameter): Name = "Size / Dimension"; Value = "0.079" L x 0.049" W (2.00mm x 1.25mm)"; VariantName = "[No Variations]"
Add component (AddParameter): Name = "Supplier 1"; Value = "DigiKey"; VariantName = "[No Variations]"
Add component (AddParameter): Name = "Supplier Part Number 1"; Value = "399-C0805X475M3RAC7800CT-ND"; VariantName = "[No Variations]"
Add component (AddParameter): Name = "Temperature Coefficient"; Value = "X7R"; VariantName = "[No Variations]"
Add component (AddParameter): Name = "Thickness (Max)"; Value = "0.057" (1.45mm)"; VariantName = "[No Variations]"
Add component (AddParameter): Name = "Tolerance"; Value = "±20%"; VariantName = "[No Variations]"
Add component (AddParameter): Name = "value"; Value = "4.7 µF"; VariantName = "[No Variations]"
Add component (AddParameter): Name = "Voltage - Rated"; Value = "25V"; VariantName = "[No Variations]"
Added Component: Designator=C12(CAP 0805_2012)
Add component (AddParameter): Name = "Applications"; Value = "Boardflex Sensitive"; VariantName = "[No Variations]"
Add component (AddParameter): Name = "Capacitance"; Value = "4.7 µF"; VariantName = "[No Variations]"
Add component (AddParameter): Name = "componentlink1description"; Value = "Datasheet"; VariantName = "[No Variations]"
Add component (AddParameter): Name = "componentlink1url"; Value = "https://connect.kemet.com:7667/gateway/IntelliData-ComponentDocumentation/1.0/download/datasheet/C0805X475M3RAC7800"; VariantName = "[No Variations]"
Add component (AddParameter): Name = "componentlink2description"; Value = "DigiKey Link"; VariantName = "[No Variations]"
Add component (AddParameter): Name = "componentlink2url"; Value = "https://www.digikey.com/en/products/detail/kemet/C0805X475M3RAC7800/12082671"; VariantName = "[No Variations]"
Add component (AddParameter): Name = "Device Package"; Value = "0805 (2012 Metric)"; VariantName = "[No Variations]"
Add component (AddParameter): Name = "Features"; Value = "Soft Termination"; VariantName = "[No Variations]"
Add component (AddParameter): Name = "lastupdated"; Value = "29-03-2026 7.18.51 PM"; VariantName = "[No Variations]"
Add component (AddParameter): Name = "Lifecycle Status"; Value = "Active"; VariantName = "[No Variations]"
Add component (AddParameter): Name = "manufacturer"; Value = "KEMET"; VariantName = "[No Variations]"
Add component (AddParameter): Name = "Minimum Order"; Value = "1"; VariantName = "[No Variations]"
Add component (AddParameter): Name = "Mounting Type"; Value = "Surface Mount, MLCC"; VariantName = "[No Variations]"
Add component (AddParameter): Name = "Operating Temperature"; Value = "-55°C ~ 125°C"; VariantName = "[No Variations]"
Add component (AddParameter): Name = "Package / Case"; Value = "0805 (2012 Metric)"; VariantName = "[No Variations]"
Add component (AddParameter): Name = "packaging"; Value = "TapeAndReel"; VariantName = "[No Variations]"
Add component (AddParameter): Name = "Part Number"; Value = "C0805X475M3RAC7800"; VariantName = "[No Variations]"
Add component (AddParameter): Name = "Part Status"; Value = "Active"; VariantName = "[No Variations]"
Add component (AddParameter): Name = "partid"; Value = "46494"; VariantName = "[No Variations]"
Add component (AddParameter): Name = "price"; Value = "0.15"; VariantName = "[No Variations]"
Add component (AddParameter): Name = "series"; Value = "SMD Comm X7R Flex"; VariantName = "[No Variations]"
Add component (AddParameter): Name = "Size / Dimension"; Value = "0.079" L x 0.049" W (2.00mm x 1.25mm)"; VariantName = "[No Variations]"
Add component (AddParameter): Name = "Supplier 1"; Value = "DigiKey"; VariantName = "[No Variations]"
Add component (AddParameter): Name = "Supplier Part Number 1"; Value = "399-C0805X475M3RAC7800CT-ND"; VariantName = "[No Variations]"
Add component (AddParameter): Name = "Temperature Coefficient"; Value = "X7R"; VariantName = "[No Variations]"
Add component (AddParameter): Name = "Thickness (Max)"; Value = "0.057" (1.45mm)"; VariantName = "[No Variations]"
Add component (AddParameter): Name = "Tolerance"; Value = "±20%"; VariantName = "[No Variations]"
Add component (AddParameter): Name = "value"; Value = "4.7 µF"; VariantName = "[No Variations]"
Add component (AddParameter): Name = "Voltage - Rated"; Value = "25V"; VariantName = "[No Variations]"
Added Component: Designator=C13(CAP 1206_3216 - 0.8MM)
Add component (AddParameter): Name = "Applications"; Value = "SMPS Filtering"; VariantName = "[No Variations]"
Add component (AddParameter): Name = "Capacitance"; Value = "10 µF"; VariantName = "[No Variations]"
Add component (AddParameter): Name = "componentlink1description"; Value = "Datasheet"; VariantName = "[No Variations]"
Add component (AddParameter): Name = "componentlink1url"; Value = "http://www.yuden.co.jp/productdata/catalog/mlcc06_e.pdf"; VariantName = "[No Variations]"
Add component (AddParameter): Name = "componentlink2description"; Value = "DigiKey Link"; VariantName = "[No Variations]"
Add component (AddParameter): Name = "componentlink2url"; Value = "https://www.digikey.com/en/products/detail/taiyo-yuden/EMK316BJ106MD-T/6563474"; VariantName = "[No Variations]"
Add component (AddParameter): Name = "Device Package"; Value = "1206 (3216 Metric)"; VariantName = "[No Variations]"
Add component (AddParameter): Name = "lastupdated"; Value = "04-06-2024 7.10.41 PM"; VariantName = "[No Variations]"
Add component (AddParameter): Name = "Lifecycle Status"; Value = "Active"; VariantName = "[No Variations]"
Add component (AddParameter): Name = "manufacturer"; Value = "Taiyo Yuden"; VariantName = "[No Variations]"
Add component (AddParameter): Name = "Minimum Order"; Value = "1"; VariantName = "[No Variations]"
Add component (AddParameter): Name = "Mounting Type"; Value = "Surface Mount, MLCC"; VariantName = "[No Variations]"
Add component (AddParameter): Name = "Operating Temperature"; Value = "-55°C ~ 85°C"; VariantName = "[No Variations]"
Add component (AddParameter): Name = "Package / Case"; Value = "1206 (3216 Metric)"; VariantName = "[No Variations]"
Add component (AddParameter): Name = "packaging"; Value = "TapeAndReel"; VariantName = "[No Variations]"
Add component (AddParameter): Name = "Part Number"; Value = "EMK316BJ106MD-T"; VariantName = "[No Variations]"
Add component (AddParameter): Name = "Part Status"; Value = "Active"; VariantName = "[No Variations]"
Add component (AddParameter): Name = "partid"; Value = "18996"; VariantName = "[No Variations]"
Add component (AddParameter): Name = "price"; Value = "0.04"; VariantName = "[No Variations]"
Add component (AddParameter): Name = "series"; Value = "M"; VariantName = "[No Variations]"
Add component (AddParameter): Name = "Size / Dimension"; Value = "0.126" L x 0.063" W (3.20mm x 1.60mm)"; VariantName = "[No Variations]"
Add component (AddParameter): Name = "Supplier 1"; Value = "DigiKey"; VariantName = "[No Variations]"
Add component (AddParameter): Name = "Supplier Part Number 1"; Value = "587-4881-1-ND"; VariantName = "[No Variations]"
Add component (AddParameter): Name = "Temperature Coefficient"; Value = "X5R"; VariantName = "[No Variations]"
Add component (AddParameter): Name = "Thickness (Max)"; Value = "0.037" (0.95mm)"; VariantName = "[No Variations]"
Add component (AddParameter): Name = "Tolerance"; Value = "±20%"; VariantName = "[No Variations]"
Add component (AddParameter): Name = "value"; Value = "10 µF"; VariantName = "[No Variations]"
Add component (AddParameter): Name = "Voltage - Rated"; Value = "16V"; VariantName = "[No Variations]"
Added Component: Designator=C14(CAP 0805_2012)
Add component (AddParameter): Name = "Applications"; Value = "General Purpose"; VariantName = "[No Variations]"
Add component (AddParameter): Name = "Capacitance"; Value = "0.1µF"; VariantName = "[No Variations]"
Add component (AddParameter): Name = "componentlink1description"; Value = "Datasheet"; VariantName = "[No Variations]"
Add component (AddParameter): Name = "componentlink1url"; Value = "http://datasheets.avx.com/X7RDielectric.pdf"; VariantName = "[No Variations]"
Add component (AddParameter): Name = "componentlink2description"; Value = "DigiKey Link"; VariantName = "[No Variations]"
Add component (AddParameter): Name = "componentlink2url"; Value = "http://digikey.com/product-detail/en/avx-corporation/0805ZC105KAT4A/478-7604-1-ND/7536237"; VariantName = "[No Variations]"
Add component (AddParameter): Name = "Device Package"; Value = "0805 (2012 Metric)"; VariantName = "[No Variations]"
Add component (AddParameter): Name = "lastupdated"; Value = "02-09-2020 1.04.40 AM"; VariantName = "[No Variations]"
Add component (AddParameter): Name = "Lifecycle Status"; Value = "Active"; VariantName = "[No Variations]"
Add component (AddParameter): Name = "manufacturer"; Value = "AVX Corporation"; VariantName = "[No Variations]"
Add component (AddParameter): Name = "Minimum Order"; Value = "1"; VariantName = "[No Variations]"
Add component (AddParameter): Name = "Mounting Type"; Value = "Surface Mount, MLCC"; VariantName = "[No Variations]"
Add component (AddParameter): Name = "Operating Temperature"; Value = "-55°C ~ 125°C"; VariantName = "[No Variations]"
Add component (AddParameter): Name = "Package / Case"; Value = "0805 (2012 Metric)"; VariantName = "[No Variations]"
Add component (AddParameter): Name = "packaging"; Value = "TapeAndReel"; VariantName = "[No Variations]"
Add component (AddParameter): Name = "Part Number"; Value = "0805ZC105KAT4A"; VariantName = "[No Variations]"
Add component (AddParameter): Name = "Part Status"; Value = "Active"; VariantName = "[No Variations]"
Add component (AddParameter): Name = "partid"; Value = "3500"; VariantName = "[No Variations]"
Add component (AddParameter): Name = "price"; Value = "0.17"; VariantName = "[No Variations]"
Add component (AddParameter): Name = "series"; Value = "-"; VariantName = "[No Variations]"
Add component (AddParameter): Name = "Size / Dimension"; Value = "0.079" L x 0.049" W (2.00mm x 1.25mm)"; VariantName = "[No Variations]"
Add component (AddParameter): Name = "Supplier 1"; Value = "DigiKey"; VariantName = "[No Variations]"
Add component (AddParameter): Name = "Supplier Part Number 1"; Value = "478-7604-1-ND"; VariantName = "[No Variations]"
Add component (AddParameter): Name = "Temperature Coefficient"; Value = "X7R"; VariantName = "[No Variations]"
Add component (AddParameter): Name = "Thickness (Max)"; Value = "0.037" (0.94mm)"; VariantName = "[No Variations]"
Add component (AddParameter): Name = "Tolerance"; Value = "±10%"; VariantName = "[No Variations]"
Add component (AddParameter): Name = "value"; Value = "1µF"; VariantName = "[No Variations]"
Add component (AddParameter): Name = "Voltage - Rated"; Value = "10V"; VariantName = "[No Variations]"
Added Component: Designator=C55(CAP 0805_2012)
Add component (AddParameter): Name = "Applications"; Value = "General Purpose"; VariantName = "[No Variations]"
Add component (AddParameter): Name = "Capacitance"; Value = "0.1µF"; VariantName = "[No Variations]"
Add component (AddParameter): Name = "componentlink1description"; Value = "Datasheet"; VariantName = "[No Variations]"
Add component (AddParameter): Name = "componentlink1url"; Value = "http://datasheets.avx.com/X7RDielectric.pdf"; VariantName = "[No Variations]"
Add component (AddParameter): Name = "componentlink2description"; Value = "DigiKey Link"; VariantName = "[No Variations]"
Add component (AddParameter): Name = "componentlink2url"; Value = "http://digikey.com/product-detail/en/avx-corporation/0805ZC105KAT4A/478-7604-1-ND/7536237"; VariantName = "[No Variations]"
Add component (AddParameter): Name = "Device Package"; Value = "0805 (2012 Metric)"; VariantName = "[No Variations]"
Add component (AddParameter): Name = "lastupdated"; Value = "02-09-2020 1.04.40 AM"; VariantName = "[No Variations]"
Add component (AddParameter): Name = "Lifecycle Status"; Value = "Active"; VariantName = "[No Variations]"
Add component (AddParameter): Name = "manufacturer"; Value = "AVX Corporation"; VariantName = "[No Variations]"
Add component (AddParameter): Name = "Minimum Order"; Value = "1"; VariantName = "[No Variations]"
Add component (AddParameter): Name = "Mounting Type"; Value = "Surface Mount, MLCC"; VariantName = "[No Variations]"
Add component (AddParameter): Name = "Operating Temperature"; Value = "-55°C ~ 125°C"; VariantName = "[No Variations]"
Add component (AddParameter): Name = "Package / Case"; Value = "0805 (2012 Metric)"; VariantName = "[No Variations]"
Add component (AddParameter): Name = "packaging"; Value = "TapeAndReel"; VariantName = "[No Variations]"
Add component (AddParameter): Name = "Part Number"; Value = "0805ZC105KAT4A"; VariantName = "[No Variations]"
Add component (AddParameter): Name = "Part Status"; Value = "Active"; VariantName = "[No Variations]"
Add component (AddParameter): Name = "partid"; Value = "3500"; VariantName = "[No Variations]"
Add component (AddParameter): Name = "price"; Value = "0.17"; VariantName = "[No Variations]"
Add component (AddParameter): Name = "series"; Value = "-"; VariantName = "[No Variations]"
Add component (AddParameter): Name = "Size / Dimension"; Value = "0.079" L x 0.049" W (2.00mm x 1.25mm)"; VariantName = "[No Variations]"
Add component (AddParameter): Name = "Supplier 1"; Value = "DigiKey"; VariantName = "[No Variations]"
Add component (AddParameter): Name = "Supplier Part Number 1"; Value = "478-7604-1-ND"; VariantName = "[No Variations]"
Add component (AddParameter): Name = "Temperature Coefficient"; Value = "X7R"; VariantName = "[No Variations]"
Add component (AddParameter): Name = "Thickness (Max)"; Value = "0.037" (0.94mm)"; VariantName = "[No Variations]"
Add component (AddParameter): Name = "Tolerance"; Value = "±10%"; VariantName = "[No Variations]"
Add component (AddParameter): Name = "value"; Value = "1µF"; VariantName = "[No Variations]"
Add component (AddParameter): Name = "Voltage - Rated"; Value = "10V"; VariantName = "[No Variations]"
Added Component: Designator=C56(CAP 1206_3216 - 0.8MM)
Add component (AddParameter): Name = "Applications"; Value = "SMPS Filtering"; VariantName = "[No Variations]"
Add component (AddParameter): Name = "Capacitance"; Value = "10 µF"; VariantName = "[No Variations]"
Add component (AddParameter): Name = "componentlink1description"; Value = "Datasheet"; VariantName = "[No Variations]"
Add component (AddParameter): Name = "componentlink1url"; Value = "http://www.yuden.co.jp/productdata/catalog/mlcc06_e.pdf"; VariantName = "[No Variations]"
Add component (AddParameter): Name = "componentlink2description"; Value = "DigiKey Link"; VariantName = "[No Variations]"
Add component (AddParameter): Name = "componentlink2url"; Value = "https://www.digikey.com/en/products/detail/taiyo-yuden/EMK316BJ106MD-T/6563474"; VariantName = "[No Variations]"
Add component (AddParameter): Name = "Device Package"; Value = "1206 (3216 Metric)"; VariantName = "[No Variations]"
Add component (AddParameter): Name = "lastupdated"; Value = "04-06-2024 7.10.41 PM"; VariantName = "[No Variations]"
Add component (AddParameter): Name = "Lifecycle Status"; Value = "Active"; VariantName = "[No Variations]"
Add component (AddParameter): Name = "manufacturer"; Value = "Taiyo Yuden"; VariantName = "[No Variations]"
Add component (AddParameter): Name = "Minimum Order"; Value = "1"; VariantName = "[No Variations]"
Add component (AddParameter): Name = "Mounting Type"; Value = "Surface Mount, MLCC"; VariantName = "[No Variations]"
Add component (AddParameter): Name = "Operating Temperature"; Value = "-55°C ~ 85°C"; VariantName = "[No Variations]"
Add component (AddParameter): Name = "Package / Case"; Value = "1206 (3216 Metric)"; VariantName = "[No Variations]"
Add component (AddParameter): Name = "packaging"; Value = "TapeAndReel"; VariantName = "[No Variations]"
Add component (AddParameter): Name = "Part Number"; Value = "EMK316BJ106MD-T"; VariantName = "[No Variations]"
Add component (AddParameter): Name = "Part Status"; Value = "Active"; VariantName = "[No Variations]"
Add component (AddParameter): Name = "partid"; Value = "18996"; VariantName = "[No Variations]"
Add component (AddParameter): Name = "price"; Value = "0.04"; VariantName = "[No Variations]"
Add component (AddParameter): Name = "series"; Value = "M"; VariantName = "[No Variations]"
Add component (AddParameter): Name = "Size / Dimension"; Value = "0.126" L x 0.063" W (3.20mm x 1.60mm)"; VariantName = "[No Variations]"
Add component (AddParameter): Name = "Supplier 1"; Value = "DigiKey"; VariantName = "[No Variations]"
Add component (AddParameter): Name = "Supplier Part Number 1"; Value = "587-4881-1-ND"; VariantName = "[No Variations]"
Add component (AddParameter): Name = "Temperature Coefficient"; Value = "X5R"; VariantName = "[No Variations]"
Add component (AddParameter): Name = "Thickness (Max)"; Value = "0.037" (0.95mm)"; VariantName = "[No Variations]"
Add component (AddParameter): Name = "Tolerance"; Value = "±20%"; VariantName = "[No Variations]"
Add component (AddParameter): Name = "value"; Value = "10 µF"; VariantName = "[No Variations]"
Add component (AddParameter): Name = "Voltage - Rated"; Value = "16V"; VariantName = "[No Variations]"
Added Component: Designator=C57(CAP 1206_3216 - 0.8MM)
Add component (AddParameter): Name = "Applications"; Value = "SMPS Filtering"; VariantName = "[No Variations]"
Add component (AddParameter): Name = "Capacitance"; Value = "10 µF"; VariantName = "[No Variations]"
Add component (AddParameter): Name = "componentlink1description"; Value = "Datasheet"; VariantName = "[No Variations]"
Add component (AddParameter): Name = "componentlink1url"; Value = "http://www.yuden.co.jp/productdata/catalog/mlcc06_e.pdf"; VariantName = "[No Variations]"
Add component (AddParameter): Name = "componentlink2description"; Value = "DigiKey Link"; VariantName = "[No Variations]"
Add component (AddParameter): Name = "componentlink2url"; Value = "https://www.digikey.com/en/products/detail/taiyo-yuden/EMK316BJ106MD-T/6563474"; VariantName = "[No Variations]"
Add component (AddParameter): Name = "Device Package"; Value = "1206 (3216 Metric)"; VariantName = "[No Variations]"
Add component (AddParameter): Name = "lastupdated"; Value = "04-06-2024 7.10.41 PM"; VariantName = "[No Variations]"
Add component (AddParameter): Name = "Lifecycle Status"; Value = "Active"; VariantName = "[No Variations]"
Add component (AddParameter): Name = "manufacturer"; Value = "Taiyo Yuden"; VariantName = "[No Variations]"
Add component (AddParameter): Name = "Minimum Order"; Value = "1"; VariantName = "[No Variations]"
Add component (AddParameter): Name = "Mounting Type"; Value = "Surface Mount, MLCC"; VariantName = "[No Variations]"
Add component (AddParameter): Name = "Operating Temperature"; Value = "-55°C ~ 85°C"; VariantName = "[No Variations]"
Add component (AddParameter): Name = "Package / Case"; Value = "1206 (3216 Metric)"; VariantName = "[No Variations]"
Add component (AddParameter): Name = "packaging"; Value = "TapeAndReel"; VariantName = "[No Variations]"
Add component (AddParameter): Name = "Part Number"; Value = "EMK316BJ106MD-T"; VariantName = "[No Variations]"
Add component (AddParameter): Name = "Part Status"; Value = "Active"; VariantName = "[No Variations]"
Add component (AddParameter): Name = "partid"; Value = "18996"; VariantName = "[No Variations]"
Add component (AddParameter): Name = "price"; Value = "0.04"; VariantName = "[No Variations]"
Add component (AddParameter): Name = "series"; Value = "M"; VariantName = "[No Variations]"
Add component (AddParameter): Name = "Size / Dimension"; Value = "0.126" L x 0.063" W (3.20mm x 1.60mm)"; VariantName = "[No Variations]"
Add component (AddParameter): Name = "Supplier 1"; Value = "DigiKey"; VariantName = "[No Variations]"
Add component (AddParameter): Name = "Supplier Part Number 1"; Value = "587-4881-1-ND"; VariantName = "[No Variations]"
Add component (AddParameter): Name = "Temperature Coefficient"; Value = "X5R"; VariantName = "[No Variations]"
Add component (AddParameter): Name = "Thickness (Max)"; Value = "0.037" (0.95mm)"; VariantName = "[No Variations]"
Add component (AddParameter): Name = "Tolerance"; Value = "±20%"; VariantName = "[No Variations]"
Add component (AddParameter): Name = "value"; Value = "10 µF"; VariantName = "[No Variations]"
Add component (AddParameter): Name = "Voltage - Rated"; Value = "16V"; VariantName = "[No Variations]"
Added Component: Designator=C58(CAP 0805_2012)
Add component (AddParameter): Name = "Applications"; Value = "General Purpose"; VariantName = "[No Variations]"
Add component (AddParameter): Name = "Capacitance"; Value = "0.1µF"; VariantName = "[No Variations]"
Add component (AddParameter): Name = "componentlink1description"; Value = "Datasheet"; VariantName = "[No Variations]"
Add component (AddParameter): Name = "componentlink1url"; Value = "http://datasheets.avx.com/X7RDielectric.pdf"; VariantName = "[No Variations]"
Add component (AddParameter): Name = "componentlink2description"; Value = "DigiKey Link"; VariantName = "[No Variations]"
Add component (AddParameter): Name = "componentlink2url"; Value = "http://digikey.com/product-detail/en/avx-corporation/0805ZC105KAT4A/478-7604-1-ND/7536237"; VariantName = "[No Variations]"
Add component (AddParameter): Name = "Device Package"; Value = "0805 (2012 Metric)"; VariantName = "[No Variations]"
Add component (AddParameter): Name = "lastupdated"; Value = "02-09-2020 1.04.40 AM"; VariantName = "[No Variations]"
Add component (AddParameter): Name = "Lifecycle Status"; Value = "Active"; VariantName = "[No Variations]"
Add component (AddParameter): Name = "manufacturer"; Value = "AVX Corporation"; VariantName = "[No Variations]"
Add component (AddParameter): Name = "Minimum Order"; Value = "1"; VariantName = "[No Variations]"
Add component (AddParameter): Name = "Mounting Type"; Value = "Surface Mount, MLCC"; VariantName = "[No Variations]"
Add component (AddParameter): Name = "Operating Temperature"; Value = "-55°C ~ 125°C"; VariantName = "[No Variations]"
Add component (AddParameter): Name = "Package / Case"; Value = "0805 (2012 Metric)"; VariantName = "[No Variations]"
Add component (AddParameter): Name = "packaging"; Value = "TapeAndReel"; VariantName = "[No Variations]"
Add component (AddParameter): Name = "Part Number"; Value = "0805ZC105KAT4A"; VariantName = "[No Variations]"
Add component (AddParameter): Name = "Part Status"; Value = "Active"; VariantName = "[No Variations]"
Add component (AddParameter): Name = "partid"; Value = "3500"; VariantName = "[No Variations]"
Add component (AddParameter): Name = "price"; Value = "0.17"; VariantName = "[No Variations]"
Add component (AddParameter): Name = "series"; Value = "-"; VariantName = "[No Variations]"
Add component (AddParameter): Name = "Size / Dimension"; Value = "0.079" L x 0.049" W (2.00mm x 1.25mm)"; VariantName = "[No Variations]"
Add component (AddParameter): Name = "Supplier 1"; Value = "DigiKey"; VariantName = "[No Variations]"
Add component (AddParameter): Name = "Supplier Part Number 1"; Value = "478-7604-1-ND"; VariantName = "[No Variations]"
Add component (AddParameter): Name = "Temperature Coefficient"; Value = "X7R"; VariantName = "[No Variations]"
Add component (AddParameter): Name = "Thickness (Max)"; Value = "0.037" (0.94mm)"; VariantName = "[No Variations]"
Add component (AddParameter): Name = "Tolerance"; Value = "±10%"; VariantName = "[No Variations]"
Add component (AddParameter): Name = "value"; Value = "1µF"; VariantName = "[No Variations]"
Add component (AddParameter): Name = "Voltage - Rated"; Value = "10V"; VariantName = "[No Variations]"
Added Component: Designator=C59(CAP 0805_2012)
Add component (AddParameter): Name = "Applications"; Value = "General Purpose"; VariantName = "[No Variations]"
Add component (AddParameter): Name = "Capacitance"; Value = "0.1µF"; VariantName = "[No Variations]"
Add component (AddParameter): Name = "componentlink1description"; Value = "Datasheet"; VariantName = "[No Variations]"
Add component (AddParameter): Name = "componentlink1url"; Value = "http://datasheets.avx.com/X7RDielectric.pdf"; VariantName = "[No Variations]"
Add component (AddParameter): Name = "componentlink2description"; Value = "DigiKey Link"; VariantName = "[No Variations]"
Add component (AddParameter): Name = "componentlink2url"; Value = "http://digikey.com/product-detail/en/avx-corporation/0805ZC105KAT4A/478-7604-1-ND/7536237"; VariantName = "[No Variations]"
Add component (AddParameter): Name = "Device Package"; Value = "0805 (2012 Metric)"; VariantName = "[No Variations]"
Add component (AddParameter): Name = "lastupdated"; Value = "02-09-2020 1.04.40 AM"; VariantName = "[No Variations]"
Add component (AddParameter): Name = "Lifecycle Status"; Value = "Active"; VariantName = "[No Variations]"
Add component (AddParameter): Name = "manufacturer"; Value = "AVX Corporation"; VariantName = "[No Variations]"
Add component (AddParameter): Name = "Minimum Order"; Value = "1"; VariantName = "[No Variations]"
Add component (AddParameter): Name = "Mounting Type"; Value = "Surface Mount, MLCC"; VariantName = "[No Variations]"
Add component (AddParameter): Name = "Operating Temperature"; Value = "-55°C ~ 125°C"; VariantName = "[No Variations]"
Add component (AddParameter): Name = "Package / Case"; Value = "0805 (2012 Metric)"; VariantName = "[No Variations]"
Add component (AddParameter): Name = "packaging"; Value = "TapeAndReel"; VariantName = "[No Variations]"
Add component (AddParameter): Name = "Part Number"; Value = "0805ZC105KAT4A"; VariantName = "[No Variations]"
Add component (AddParameter): Name = "Part Status"; Value = "Active"; VariantName = "[No Variations]"
Add component (AddParameter): Name = "partid"; Value = "3500"; VariantName = "[No Variations]"
Add component (AddParameter): Name = "price"; Value = "0.17"; VariantName = "[No Variations]"
Add component (AddParameter): Name = "series"; Value = "-"; VariantName = "[No Variations]"
Add component (AddParameter): Name = "Size / Dimension"; Value = "0.079" L x 0.049" W (2.00mm x 1.25mm)"; VariantName = "[No Variations]"
Add component (AddParameter): Name = "Supplier 1"; Value = "DigiKey"; VariantName = "[No Variations]"
Add component (AddParameter): Name = "Supplier Part Number 1"; Value = "478-7604-1-ND"; VariantName = "[No Variations]"
Add component (AddParameter): Name = "Temperature Coefficient"; Value = "X7R"; VariantName = "[No Variations]"
Add component (AddParameter): Name = "Thickness (Max)"; Value = "0.037" (0.94mm)"; VariantName = "[No Variations]"
Add component (AddParameter): Name = "Tolerance"; Value = "±10%"; VariantName = "[No Variations]"
Add component (AddParameter): Name = "value"; Value = "1µF"; VariantName = "[No Variations]"
Add component (AddParameter): Name = "Voltage - Rated"; Value = "10V"; VariantName = "[No Variations]"
Added Component: Designator=C60(CAP ALSMD ELEC 8.3MM H11MM)
Add component (AddParameter): Name = "Applications"; Value = "Automotive"; VariantName = "[No Variations]"
Add component (AddParameter): Name = "Capacitance"; Value = "220 µF"; VariantName = "[No Variations]"
Add component (AddParameter): Name = "componentlink1description"; Value = "Datasheet"; VariantName = "[No Variations]"
Add component (AddParameter): Name = "componentlink1url"; Value = "https://www.nichicon.co.jp/english/series_items/catalog_pdf/e-uch.pdf"; VariantName = "[No Variations]"
Add component (AddParameter): Name = "componentlink2description"; Value = "DigiKey Link"; VariantName = "[No Variations]"
Add component (AddParameter): Name = "componentlink2url"; Value = "https://www.digikey.com/en/products/detail/nichicon/UCH1V221MCS1GS/13402772"; VariantName = "[No Variations]"
Add component (AddParameter): Name = "ESR (Equivalent Series Resistance)"; Value = "200mOhm @ 100kHz"; VariantName = "[No Variations]"
Add component (AddParameter): Name = "Height - Seated (Max)"; Value = "0.433" (11.00mm)"; VariantName = "[No Variations]"
Add component (AddParameter): Name = "lastupdated"; Value = "03-06-2024 8.26.59 PM"; VariantName = "[No Variations]"
Add component (AddParameter): Name = "Lifecycle Status"; Value = "Active"; VariantName = "[No Variations]"
Add component (AddParameter): Name = "Lifetime @ Temp."; Value = "2000 Hrs @ 125°C"; VariantName = "[No Variations]"
Add component (AddParameter): Name = "manufacturer"; Value = "Nichicon"; VariantName = "[No Variations]"
Add component (AddParameter): Name = "Minimum Order"; Value = "1"; VariantName = "[No Variations]"
Add component (AddParameter): Name = "Mounting Type"; Value = "Surface Mount"; VariantName = "[No Variations]"
Add component (AddParameter): Name = "Operating Temperature"; Value = "-40°C ~ 125°C"; VariantName = "[No Variations]"
Add component (AddParameter): Name = "packaging"; Value = "TapeAndReel"; VariantName = "[No Variations]"
Add component (AddParameter): Name = "Part Number"; Value = "UCH1V221MCS1GS"; VariantName = "[No Variations]"
Add component (AddParameter): Name = "partid"; Value = "28619"; VariantName = "[No Variations]"
Add component (AddParameter): Name = "Polarization"; Value = "Polar"; VariantName = "[No Variations]"
Add component (AddParameter): Name = "price"; Value = "0.47"; VariantName = "[No Variations]"
Add component (AddParameter): Name = "Ratings"; Value = "AEC-Q200"; VariantName = "[No Variations]"
Add component (AddParameter): Name = "Ripple Current @ High Frequency"; Value = "270 mA @ 100 kHz"; VariantName = "[No Variations]"
Add component (AddParameter): Name = "Ripple Current @ Low Frequency"; Value = "135 mA @ 120 Hz"; VariantName = "[No Variations]"
Add component (AddParameter): Name = "series"; Value = "UCH"; VariantName = "[No Variations]"
Add component (AddParameter): Name = "Size / Dimension"; Value = "0.315" Dia (8.00mm)"; VariantName = "[No Variations]"
Add component (AddParameter): Name = "Supplier 1"; Value = "DigiKey"; VariantName = "[No Variations]"
Add component (AddParameter): Name = "Supplier Part Number 1"; Value = "UCH1V221MCS1CT-ND"; VariantName = "[No Variations]"
Add component (AddParameter): Name = "Surface Mount Land Size"; Value = "0.327" L x 0.327" W (8.30mm x 8.30mm)"; VariantName = "[No Variations]"
Add component (AddParameter): Name = "Tolerance"; Value = "±20%"; VariantName = "[No Variations]"
Add component (AddParameter): Name = "value"; Value = "220 µF"; VariantName = "[No Variations]"
Add component (AddParameter): Name = "Voltage - Rated"; Value = "35 V"; VariantName = "[No Variations]"
Added Component: Designator=C61(CAP ALSMD 8.3MM H10.5MM)
Add component (AddParameter): Name = "Applications"; Value = "Automotive"; VariantName = "[No Variations]"
Add component (AddParameter): Name = "Capacitance"; Value = "470 µF"; VariantName = "[No Variations]"
Add component (AddParameter): Name = "componentlink1description"; Value = "Datasheet"; VariantName = "[No Variations]"
Add component (AddParameter): Name = "componentlink1url"; Value = "https://www.chemi-con.co.jp/products/relatedfiles/capacitor/catalog/MZLRA-e.PDF"; VariantName = "[No Variations]"
Add component (AddParameter): Name = "componentlink2description"; Value = "DigiKey Link"; VariantName = "[No Variations]"
Add component (AddParameter): Name = "componentlink2url"; Value = "https://www.digikey.com/en/products/detail/chemi-con/EMZL100ARA471MHA0G/17728433"; VariantName = "[No Variations]"
Add component (AddParameter): Name = "ESR (Equivalent Series Resistance)"; Value = "160mOhm @ 100kHz"; VariantName = "[No Variations]"
Add component (AddParameter): Name = "Height - Seated (Max)"; Value = "0.413" (10.50mm)"; VariantName = "[No Variations]"
Add component (AddParameter): Name = "lastupdated"; Value = "03-06-2024 8.15.40 PM"; VariantName = "[No Variations]"
Add component (AddParameter): Name = "Lifecycle Status"; Value = "Active"; VariantName = "[No Variations]"
Add component (AddParameter): Name = "Lifetime @ Temp."; Value = "5000 Hrs @ 105°C"; VariantName = "[No Variations]"
Add component (AddParameter): Name = "manufacturer"; Value = "Chemi-Con"; VariantName = "[No Variations]"
Add component (AddParameter): Name = "Minimum Order"; Value = "1"; VariantName = "[No Variations]"
Add component (AddParameter): Name = "Mounting Type"; Value = "Surface Mount"; VariantName = "[No Variations]"
Add component (AddParameter): Name = "Operating Temperature"; Value = "-55°C ~ 105°C"; VariantName = "[No Variations]"
Add component (AddParameter): Name = "packaging"; Value = "TapeAndReel"; VariantName = "[No Variations]"
Add component (AddParameter): Name = "Part Number"; Value = "EMZL100ARA471MHA0G"; VariantName = "[No Variations]"
Add component (AddParameter): Name = "partid"; Value = "28535"; VariantName = "[No Variations]"
Add component (AddParameter): Name = "Polarization"; Value = "Polar"; VariantName = "[No Variations]"
Add component (AddParameter): Name = "price"; Value = "0.15"; VariantName = "[No Variations]"
Add component (AddParameter): Name = "Ratings"; Value = "AEC-Q200"; VariantName = "[No Variations]"
Add component (AddParameter): Name = "Ripple Current @ High Frequency"; Value = "600 mA @ 100 kHz"; VariantName = "[No Variations]"
Add component (AddParameter): Name = "Ripple Current @ Low Frequency"; Value = "300 mA @ 120 Hz"; VariantName = "[No Variations]"
Add component (AddParameter): Name = "series"; Value = "Alchip™- MZL"; VariantName = "[No Variations]"
Add component (AddParameter): Name = "Size / Dimension"; Value = "0.315" Dia (8.00mm)"; VariantName = "[No Variations]"
Add component (AddParameter): Name = "Supplier 1"; Value = "DigiKey"; VariantName = "[No Variations]"
Add component (AddParameter): Name = "Supplier Part Number 1"; Value = "565-EMZL100ARA471MHA0GCT-ND"; VariantName = "[No Variations]"
Add component (AddParameter): Name = "Surface Mount Land Size"; Value = "0.327" L x 0.327" W (8.30mm x 8.30mm)"; VariantName = "[No Variations]"
Add component (AddParameter): Name = "Tolerance"; Value = "±20%"; VariantName = "[No Variations]"
Add component (AddParameter): Name = "value"; Value = "470 µF"; VariantName = "[No Variations]"
Add component (AddParameter): Name = "Voltage - Rated"; Value = "10 V"; VariantName = "[No Variations]"
Added Component: Designator=C62(CAP 0805_2012)
Add component (AddParameter): Name = "Applications"; Value = "General Purpose"; VariantName = "[No Variations]"
Add component (AddParameter): Name = "Capacitance"; Value = "0.1µF"; VariantName = "[No Variations]"
Add component (AddParameter): Name = "componentlink1description"; Value = "Datasheet"; VariantName = "[No Variations]"
Add component (AddParameter): Name = "componentlink1url"; Value = "http://datasheets.avx.com/X7RDielectric.pdf"; VariantName = "[No Variations]"
Add component (AddParameter): Name = "componentlink2description"; Value = "DigiKey Link"; VariantName = "[No Variations]"
Add component (AddParameter): Name = "componentlink2url"; Value = "http://digikey.com/product-detail/en/avx-corporation/0805ZC105KAT4A/478-7604-1-ND/7536237"; VariantName = "[No Variations]"
Add component (AddParameter): Name = "Device Package"; Value = "0805 (2012 Metric)"; VariantName = "[No Variations]"
Add component (AddParameter): Name = "lastupdated"; Value = "02-09-2020 1.04.40 AM"; VariantName = "[No Variations]"
Add component (AddParameter): Name = "Lifecycle Status"; Value = "Active"; VariantName = "[No Variations]"
Add component (AddParameter): Name = "manufacturer"; Value = "AVX Corporation"; VariantName = "[No Variations]"
Add component (AddParameter): Name = "Minimum Order"; Value = "1"; VariantName = "[No Variations]"
Add component (AddParameter): Name = "Mounting Type"; Value = "Surface Mount, MLCC"; VariantName = "[No Variations]"
Add component (AddParameter): Name = "Operating Temperature"; Value = "-55°C ~ 125°C"; VariantName = "[No Variations]"
Add component (AddParameter): Name = "Package / Case"; Value = "0805 (2012 Metric)"; VariantName = "[No Variations]"
Add component (AddParameter): Name = "packaging"; Value = "TapeAndReel"; VariantName = "[No Variations]"
Add component (AddParameter): Name = "Part Number"; Value = "0805ZC105KAT4A"; VariantName = "[No Variations]"
Add component (AddParameter): Name = "Part Status"; Value = "Active"; VariantName = "[No Variations]"
Add component (AddParameter): Name = "partid"; Value = "3500"; VariantName = "[No Variations]"
Add component (AddParameter): Name = "price"; Value = "0.17"; VariantName = "[No Variations]"
Add component (AddParameter): Name = "series"; Value = "-"; VariantName = "[No Variations]"
Add component (AddParameter): Name = "Size / Dimension"; Value = "0.079" L x 0.049" W (2.00mm x 1.25mm)"; VariantName = "[No Variations]"
Add component (AddParameter): Name = "Supplier 1"; Value = "DigiKey"; VariantName = "[No Variations]"
Add component (AddParameter): Name = "Supplier Part Number 1"; Value = "478-7604-1-ND"; VariantName = "[No Variations]"
Add component (AddParameter): Name = "Temperature Coefficient"; Value = "X7R"; VariantName = "[No Variations]"
Add component (AddParameter): Name = "Thickness (Max)"; Value = "0.037" (0.94mm)"; VariantName = "[No Variations]"
Add component (AddParameter): Name = "Tolerance"; Value = "±10%"; VariantName = "[No Variations]"
Add component (AddParameter): Name = "value"; Value = "1µF"; VariantName = "[No Variations]"
Add component (AddParameter): Name = "Voltage - Rated"; Value = "10V"; VariantName = "[No Variations]"
Added Component: Designator=C63(CAPRR1500W80L1750T700H1250)
Add component (AddParameter): Name = "Availability"; Value = "Unavailable"; VariantName = "[No Variations]"
Add component (AddParameter): Name = "MF"; Value = ""; VariantName = "[No Variations]"
Add component (AddParameter): Name = "MP"; Value = "ECWFE2W105JA"; VariantName = "[No Variations]"
Add component (AddParameter): Name = "Package"; Value = "None"; VariantName = "[No Variations]"
Add component (AddParameter): Name = "Price"; Value = "None"; VariantName = "[No Variations]"
Add component (AddParameter): Name = "Value"; Value = ""; VariantName = "[No Variations]"
Added Component: Designator=C64(CAP 0805_2012)
Add component (AddParameter): Name = "Applications"; Value = "General Purpose"; VariantName = "[No Variations]"
Add component (AddParameter): Name = "Capacitance"; Value = "0.1µF"; VariantName = "[No Variations]"
Add component (AddParameter): Name = "componentlink1description"; Value = "Datasheet"; VariantName = "[No Variations]"
Add component (AddParameter): Name = "componentlink1url"; Value = "http://datasheets.avx.com/X7RDielectric.pdf"; VariantName = "[No Variations]"
Add component (AddParameter): Name = "componentlink2description"; Value = "DigiKey Link"; VariantName = "[No Variations]"
Add component (AddParameter): Name = "componentlink2url"; Value = "http://digikey.com/product-detail/en/avx-corporation/0805ZC105KAT4A/478-7604-1-ND/7536237"; VariantName = "[No Variations]"
Add component (AddParameter): Name = "Device Package"; Value = "0805 (2012 Metric)"; VariantName = "[No Variations]"
Add component (AddParameter): Name = "lastupdated"; Value = "02-09-2020 1.04.40 AM"; VariantName = "[No Variations]"
Add component (AddParameter): Name = "Lifecycle Status"; Value = "Active"; VariantName = "[No Variations]"
Add component (AddParameter): Name = "manufacturer"; Value = "AVX Corporation"; VariantName = "[No Variations]"
Add component (AddParameter): Name = "Minimum Order"; Value = "1"; VariantName = "[No Variations]"
Add component (AddParameter): Name = "Mounting Type"; Value = "Surface Mount, MLCC"; VariantName = "[No Variations]"
Add component (AddParameter): Name = "Operating Temperature"; Value = "-55°C ~ 125°C"; VariantName = "[No Variations]"
Add component (AddParameter): Name = "Package / Case"; Value = "0805 (2012 Metric)"; VariantName = "[No Variations]"
Add component (AddParameter): Name = "packaging"; Value = "TapeAndReel"; VariantName = "[No Variations]"
Add component (AddParameter): Name = "Part Number"; Value = "0805ZC105KAT4A"; VariantName = "[No Variations]"
Add component (AddParameter): Name = "Part Status"; Value = "Active"; VariantName = "[No Variations]"
Add component (AddParameter): Name = "partid"; Value = "3500"; VariantName = "[No Variations]"
Add component (AddParameter): Name = "price"; Value = "0.17"; VariantName = "[No Variations]"
Add component (AddParameter): Name = "series"; Value = "-"; VariantName = "[No Variations]"
Add component (AddParameter): Name = "Size / Dimension"; Value = "0.079" L x 0.049" W (2.00mm x 1.25mm)"; VariantName = "[No Variations]"
Add component (AddParameter): Name = "Supplier 1"; Value = "DigiKey"; VariantName = "[No Variations]"
Add component (AddParameter): Name = "Supplier Part Number 1"; Value = "478-7604-1-ND"; VariantName = "[No Variations]"
Add component (AddParameter): Name = "Temperature Coefficient"; Value = "X7R"; VariantName = "[No Variations]"
Add component (AddParameter): Name = "Thickness (Max)"; Value = "0.037" (0.94mm)"; VariantName = "[No Variations]"
Add component (AddParameter): Name = "Tolerance"; Value = "±10%"; VariantName = "[No Variations]"
Add component (AddParameter): Name = "value"; Value = "1µF"; VariantName = "[No Variations]"
Add component (AddParameter): Name = "Voltage - Rated"; Value = "10V"; VariantName = "[No Variations]"
Added Component: Designator=C65(CAP ALSMD ELEC 8.3MM H11MM)
Add component (AddParameter): Name = "Applications"; Value = "Automotive"; VariantName = "[No Variations]"
Add component (AddParameter): Name = "Capacitance"; Value = "220 µF"; VariantName = "[No Variations]"
Add component (AddParameter): Name = "componentlink1description"; Value = "Datasheet"; VariantName = "[No Variations]"
Add component (AddParameter): Name = "componentlink1url"; Value = "https://www.nichicon.co.jp/english/series_items/catalog_pdf/e-uch.pdf"; VariantName = "[No Variations]"
Add component (AddParameter): Name = "componentlink2description"; Value = "DigiKey Link"; VariantName = "[No Variations]"
Add component (AddParameter): Name = "componentlink2url"; Value = "https://www.digikey.com/en/products/detail/nichicon/UCH1V221MCS1GS/13402772"; VariantName = "[No Variations]"
Add component (AddParameter): Name = "ESR (Equivalent Series Resistance)"; Value = "200mOhm @ 100kHz"; VariantName = "[No Variations]"
Add component (AddParameter): Name = "Height - Seated (Max)"; Value = "0.433" (11.00mm)"; VariantName = "[No Variations]"
Add component (AddParameter): Name = "lastupdated"; Value = "03-06-2024 8.26.59 PM"; VariantName = "[No Variations]"
Add component (AddParameter): Name = "Lifecycle Status"; Value = "Active"; VariantName = "[No Variations]"
Add component (AddParameter): Name = "Lifetime @ Temp."; Value = "2000 Hrs @ 125°C"; VariantName = "[No Variations]"
Add component (AddParameter): Name = "manufacturer"; Value = "Nichicon"; VariantName = "[No Variations]"
Add component (AddParameter): Name = "Minimum Order"; Value = "1"; VariantName = "[No Variations]"
Add component (AddParameter): Name = "Mounting Type"; Value = "Surface Mount"; VariantName = "[No Variations]"
Add component (AddParameter): Name = "Operating Temperature"; Value = "-40°C ~ 125°C"; VariantName = "[No Variations]"
Add component (AddParameter): Name = "packaging"; Value = "TapeAndReel"; VariantName = "[No Variations]"
Add component (AddParameter): Name = "Part Number"; Value = "UCH1V221MCS1GS"; VariantName = "[No Variations]"
Add component (AddParameter): Name = "partid"; Value = "28619"; VariantName = "[No Variations]"
Add component (AddParameter): Name = "Polarization"; Value = "Polar"; VariantName = "[No Variations]"
Add component (AddParameter): Name = "price"; Value = "0.47"; VariantName = "[No Variations]"
Add component (AddParameter): Name = "Ratings"; Value = "AEC-Q200"; VariantName = "[No Variations]"
Add component (AddParameter): Name = "Ripple Current @ High Frequency"; Value = "270 mA @ 100 kHz"; VariantName = "[No Variations]"
Add component (AddParameter): Name = "Ripple Current @ Low Frequency"; Value = "135 mA @ 120 Hz"; VariantName = "[No Variations]"
Add component (AddParameter): Name = "series"; Value = "UCH"; VariantName = "[No Variations]"
Add component (AddParameter): Name = "Size / Dimension"; Value = "0.315" Dia (8.00mm)"; VariantName = "[No Variations]"
Add component (AddParameter): Name = "Supplier 1"; Value = "DigiKey"; VariantName = "[No Variations]"
Add component (AddParameter): Name = "Supplier Part Number 1"; Value = "UCH1V221MCS1CT-ND"; VariantName = "[No Variations]"
Add component (AddParameter): Name = "Surface Mount Land Size"; Value = "0.327" L x 0.327" W (8.30mm x 8.30mm)"; VariantName = "[No Variations]"
Add component (AddParameter): Name = "Tolerance"; Value = "±20%"; VariantName = "[No Variations]"
Add component (AddParameter): Name = "value"; Value = "220 µF"; VariantName = "[No Variations]"
Add component (AddParameter): Name = "Voltage - Rated"; Value = "35 V"; VariantName = "[No Variations]"
Added Component: Designator=C66(CAP ALSMD 8.3MM H10.5MM)
Add component (AddParameter): Name = "Applications"; Value = "Automotive"; VariantName = "[No Variations]"
Add component (AddParameter): Name = "Capacitance"; Value = "470 µF"; VariantName = "[No Variations]"
Add component (AddParameter): Name = "componentlink1description"; Value = "Datasheet"; VariantName = "[No Variations]"
Add component (AddParameter): Name = "componentlink1url"; Value = "https://www.chemi-con.co.jp/products/relatedfiles/capacitor/catalog/MZLRA-e.PDF"; VariantName = "[No Variations]"
Add component (AddParameter): Name = "componentlink2description"; Value = "DigiKey Link"; VariantName = "[No Variations]"
Add component (AddParameter): Name = "componentlink2url"; Value = "https://www.digikey.com/en/products/detail/chemi-con/EMZL100ARA471MHA0G/17728433"; VariantName = "[No Variations]"
Add component (AddParameter): Name = "ESR (Equivalent Series Resistance)"; Value = "160mOhm @ 100kHz"; VariantName = "[No Variations]"
Add component (AddParameter): Name = "Height - Seated (Max)"; Value = "0.413" (10.50mm)"; VariantName = "[No Variations]"
Add component (AddParameter): Name = "lastupdated"; Value = "03-06-2024 8.15.40 PM"; VariantName = "[No Variations]"
Add component (AddParameter): Name = "Lifecycle Status"; Value = "Active"; VariantName = "[No Variations]"
Add component (AddParameter): Name = "Lifetime @ Temp."; Value = "5000 Hrs @ 105°C"; VariantName = "[No Variations]"
Add component (AddParameter): Name = "manufacturer"; Value = "Chemi-Con"; VariantName = "[No Variations]"
Add component (AddParameter): Name = "Minimum Order"; Value = "1"; VariantName = "[No Variations]"
Add component (AddParameter): Name = "Mounting Type"; Value = "Surface Mount"; VariantName = "[No Variations]"
Add component (AddParameter): Name = "Operating Temperature"; Value = "-55°C ~ 105°C"; VariantName = "[No Variations]"
Add component (AddParameter): Name = "packaging"; Value = "TapeAndReel"; VariantName = "[No Variations]"
Add component (AddParameter): Name = "Part Number"; Value = "EMZL100ARA471MHA0G"; VariantName = "[No Variations]"
Add component (AddParameter): Name = "partid"; Value = "28535"; VariantName = "[No Variations]"
Add component (AddParameter): Name = "Polarization"; Value = "Polar"; VariantName = "[No Variations]"
Add component (AddParameter): Name = "price"; Value = "0.15"; VariantName = "[No Variations]"
Add component (AddParameter): Name = "Ratings"; Value = "AEC-Q200"; VariantName = "[No Variations]"
Add component (AddParameter): Name = "Ripple Current @ High Frequency"; Value = "600 mA @ 100 kHz"; VariantName = "[No Variations]"
Add component (AddParameter): Name = "Ripple Current @ Low Frequency"; Value = "300 mA @ 120 Hz"; VariantName = "[No Variations]"
Add component (AddParameter): Name = "series"; Value = "Alchip™- MZL"; VariantName = "[No Variations]"
Add component (AddParameter): Name = "Size / Dimension"; Value = "0.315" Dia (8.00mm)"; VariantName = "[No Variations]"
Add component (AddParameter): Name = "Supplier 1"; Value = "DigiKey"; VariantName = "[No Variations]"
Add component (AddParameter): Name = "Supplier Part Number 1"; Value = "565-EMZL100ARA471MHA0GCT-ND"; VariantName = "[No Variations]"
Add component (AddParameter): Name = "Surface Mount Land Size"; Value = "0.327" L x 0.327" W (8.30mm x 8.30mm)"; VariantName = "[No Variations]"
Add component (AddParameter): Name = "Tolerance"; Value = "±20%"; VariantName = "[No Variations]"
Add component (AddParameter): Name = "value"; Value = "470 µF"; VariantName = "[No Variations]"
Add component (AddParameter): Name = "Voltage - Rated"; Value = "10 V"; VariantName = "[No Variations]"
Added Component: Designator=C67(CAP 0805_2012)
Add component (AddParameter): Name = "Applications"; Value = "General Purpose"; VariantName = "[No Variations]"
Add component (AddParameter): Name = "Capacitance"; Value = "0.1µF"; VariantName = "[No Variations]"
Add component (AddParameter): Name = "componentlink1description"; Value = "Datasheet"; VariantName = "[No Variations]"
Add component (AddParameter): Name = "componentlink1url"; Value = "http://datasheets.avx.com/X7RDielectric.pdf"; VariantName = "[No Variations]"
Add component (AddParameter): Name = "componentlink2description"; Value = "DigiKey Link"; VariantName = "[No Variations]"
Add component (AddParameter): Name = "componentlink2url"; Value = "http://digikey.com/product-detail/en/avx-corporation/0805ZC105KAT4A/478-7604-1-ND/7536237"; VariantName = "[No Variations]"
Add component (AddParameter): Name = "Device Package"; Value = "0805 (2012 Metric)"; VariantName = "[No Variations]"
Add component (AddParameter): Name = "lastupdated"; Value = "02-09-2020 1.04.40 AM"; VariantName = "[No Variations]"
Add component (AddParameter): Name = "Lifecycle Status"; Value = "Active"; VariantName = "[No Variations]"
Add component (AddParameter): Name = "manufacturer"; Value = "AVX Corporation"; VariantName = "[No Variations]"
Add component (AddParameter): Name = "Minimum Order"; Value = "1"; VariantName = "[No Variations]"
Add component (AddParameter): Name = "Mounting Type"; Value = "Surface Mount, MLCC"; VariantName = "[No Variations]"
Add component (AddParameter): Name = "Operating Temperature"; Value = "-55°C ~ 125°C"; VariantName = "[No Variations]"
Add component (AddParameter): Name = "Package / Case"; Value = "0805 (2012 Metric)"; VariantName = "[No Variations]"
Add component (AddParameter): Name = "packaging"; Value = "TapeAndReel"; VariantName = "[No Variations]"
Add component (AddParameter): Name = "Part Number"; Value = "0805ZC105KAT4A"; VariantName = "[No Variations]"
Add component (AddParameter): Name = "Part Status"; Value = "Active"; VariantName = "[No Variations]"
Add component (AddParameter): Name = "partid"; Value = "3500"; VariantName = "[No Variations]"
Add component (AddParameter): Name = "price"; Value = "0.17"; VariantName = "[No Variations]"
Add component (AddParameter): Name = "series"; Value = "-"; VariantName = "[No Variations]"
Add component (AddParameter): Name = "Size / Dimension"; Value = "0.079" L x 0.049" W (2.00mm x 1.25mm)"; VariantName = "[No Variations]"
Add component (AddParameter): Name = "Supplier 1"; Value = "DigiKey"; VariantName = "[No Variations]"
Add component (AddParameter): Name = "Supplier Part Number 1"; Value = "478-7604-1-ND"; VariantName = "[No Variations]"
Add component (AddParameter): Name = "Temperature Coefficient"; Value = "X7R"; VariantName = "[No Variations]"
Add component (AddParameter): Name = "Thickness (Max)"; Value = "0.037" (0.94mm)"; VariantName = "[No Variations]"
Add component (AddParameter): Name = "Tolerance"; Value = "±10%"; VariantName = "[No Variations]"
Add component (AddParameter): Name = "value"; Value = "1µF"; VariantName = "[No Variations]"
Add component (AddParameter): Name = "Voltage - Rated"; Value = "10V"; VariantName = "[No Variations]"
Added Component: Designator=C68(MURATA CAP GRM31C 1206_3216)
Add component (AddParameter): Name = "Applications"; Value = "General Purpose"; VariantName = "[No Variations]"
Add component (AddParameter): Name = "Capacitance"; Value = "10 µF"; VariantName = "[No Variations]"
Add component (AddParameter): Name = "componentlink1description"; Value = "Datasheet"; VariantName = "[No Variations]"
Add component (AddParameter): Name = "componentlink1url"; Value = "https://search.murata.co.jp/Ceramy/image/img/A01X/G101/ENG/GRM31CR71E106KA12-01.pdf"; VariantName = "[No Variations]"
Add component (AddParameter): Name = "componentlink2description"; Value = "DigiKey Link"; VariantName = "[No Variations]"
Add component (AddParameter): Name = "componentlink2url"; Value = "https://www.digikey.com/en/products/detail/murata-electronics/GRM31CR71E106KA12K/4905618"; VariantName = "[No Variations]"
Add component (AddParameter): Name = "Device Package"; Value = "1206 (3216 Metric)"; VariantName = "[No Variations]"
Add component (AddParameter): Name = "lastupdated"; Value = "29-03-2026 9.05.15 PM"; VariantName = "[No Variations]"
Add component (AddParameter): Name = "Lifecycle Status"; Value = "Active"; VariantName = "[No Variations]"
Add component (AddParameter): Name = "manufacturer"; Value = "Murata Electronics"; VariantName = "[No Variations]"
Add component (AddParameter): Name = "Minimum Order"; Value = "1"; VariantName = "[No Variations]"
Add component (AddParameter): Name = "Mounting Type"; Value = "Surface Mount, MLCC"; VariantName = "[No Variations]"
Add component (AddParameter): Name = "Operating Temperature"; Value = "-55°C ~ 125°C"; VariantName = "[No Variations]"
Add component (AddParameter): Name = "Package / Case"; Value = "1206 (3216 Metric)"; VariantName = "[No Variations]"
Add component (AddParameter): Name = "packaging"; Value = "TapeAndReel"; VariantName = "[No Variations]"
Add component (AddParameter): Name = "Part Number"; Value = "GRM31CR71E106KA12K"; VariantName = "[No Variations]"
Add component (AddParameter): Name = "Part Status"; Value = "Active"; VariantName = "[No Variations]"
Add component (AddParameter): Name = "partid"; Value = "19493"; VariantName = "[No Variations]"
Add component (AddParameter): Name = "price"; Value = "0.07"; VariantName = "[No Variations]"
Add component (AddParameter): Name = "series"; Value = "GRM"; VariantName = "[No Variations]"
Add component (AddParameter): Name = "Size / Dimension"; Value = "0.126" L x 0.063" W (3.20mm x 1.60mm)"; VariantName = "[No Variations]"
Add component (AddParameter): Name = "Supplier 1"; Value = "DigiKey"; VariantName = "[No Variations]"
Add component (AddParameter): Name = "Supplier Part Number 1"; Value = "490-14678-1-ND"; VariantName = "[No Variations]"
Add component (AddParameter): Name = "Temperature Coefficient"; Value = "X7R"; VariantName = "[No Variations]"
Add component (AddParameter): Name = "Thickness (Max)"; Value = "0.071" (1.80mm)"; VariantName = "[No Variations]"
Add component (AddParameter): Name = "Tolerance"; Value = "±10%"; VariantName = "[No Variations]"
Add component (AddParameter): Name = "value"; Value = "10 µF"; VariantName = "[No Variations]"
Add component (AddParameter): Name = "Voltage - Rated"; Value = "25V"; VariantName = "[No Variations]"
Added Component: Designator=C69(MURATA CAP GRM31C 1206_3216)
Add component (AddParameter): Name = "Applications"; Value = "General Purpose"; VariantName = "[No Variations]"
Add component (AddParameter): Name = "Capacitance"; Value = "10 µF"; VariantName = "[No Variations]"
Add component (AddParameter): Name = "componentlink1description"; Value = "Datasheet"; VariantName = "[No Variations]"
Add component (AddParameter): Name = "componentlink1url"; Value = "https://search.murata.co.jp/Ceramy/image/img/A01X/G101/ENG/GRM31CR71E106KA12-01.pdf"; VariantName = "[No Variations]"
Add component (AddParameter): Name = "componentlink2description"; Value = "DigiKey Link"; VariantName = "[No Variations]"
Add component (AddParameter): Name = "componentlink2url"; Value = "https://www.digikey.com/en/products/detail/murata-electronics/GRM31CR71E106KA12K/4905618"; VariantName = "[No Variations]"
Add component (AddParameter): Name = "Device Package"; Value = "1206 (3216 Metric)"; VariantName = "[No Variations]"
Add component (AddParameter): Name = "lastupdated"; Value = "29-03-2026 9.05.15 PM"; VariantName = "[No Variations]"
Add component (AddParameter): Name = "Lifecycle Status"; Value = "Active"; VariantName = "[No Variations]"
Add component (AddParameter): Name = "manufacturer"; Value = "Murata Electronics"; VariantName = "[No Variations]"
Add component (AddParameter): Name = "Minimum Order"; Value = "1"; VariantName = "[No Variations]"
Add component (AddParameter): Name = "Mounting Type"; Value = "Surface Mount, MLCC"; VariantName = "[No Variations]"
Add component (AddParameter): Name = "Operating Temperature"; Value = "-55°C ~ 125°C"; VariantName = "[No Variations]"
Add component (AddParameter): Name = "Package / Case"; Value = "1206 (3216 Metric)"; VariantName = "[No Variations]"
Add component (AddParameter): Name = "packaging"; Value = "TapeAndReel"; VariantName = "[No Variations]"
Add component (AddParameter): Name = "Part Number"; Value = "GRM31CR71E106KA12K"; VariantName = "[No Variations]"
Add component (AddParameter): Name = "Part Status"; Value = "Active"; VariantName = "[No Variations]"
Add component (AddParameter): Name = "partid"; Value = "19493"; VariantName = "[No Variations]"
Add component (AddParameter): Name = "price"; Value = "0.07"; VariantName = "[No Variations]"
Add component (AddParameter): Name = "series"; Value = "GRM"; VariantName = "[No Variations]"
Add component (AddParameter): Name = "Size / Dimension"; Value = "0.126" L x 0.063" W (3.20mm x 1.60mm)"; VariantName = "[No Variations]"
Add component (AddParameter): Name = "Supplier 1"; Value = "DigiKey"; VariantName = "[No Variations]"
Add component (AddParameter): Name = "Supplier Part Number 1"; Value = "490-14678-1-ND"; VariantName = "[No Variations]"
Add component (AddParameter): Name = "Temperature Coefficient"; Value = "X7R"; VariantName = "[No Variations]"
Add component (AddParameter): Name = "Thickness (Max)"; Value = "0.071" (1.80mm)"; VariantName = "[No Variations]"
Add component (AddParameter): Name = "Tolerance"; Value = "±10%"; VariantName = "[No Variations]"
Add component (AddParameter): Name = "value"; Value = "10 µF"; VariantName = "[No Variations]"
Add component (AddParameter): Name = "Voltage - Rated"; Value = "25V"; VariantName = "[No Variations]"
Added Component: Designator=C70(CAP 0805_2012)
Add component (AddParameter): Name = "Applications"; Value = "General Purpose"; VariantName = "[No Variations]"
Add component (AddParameter): Name = "Capacitance"; Value = "0.1µF"; VariantName = "[No Variations]"
Add component (AddParameter): Name = "componentlink1description"; Value = "Datasheet"; VariantName = "[No Variations]"
Add component (AddParameter): Name = "componentlink1url"; Value = "http://datasheets.avx.com/X7RDielectric.pdf"; VariantName = "[No Variations]"
Add component (AddParameter): Name = "componentlink2description"; Value = "DigiKey Link"; VariantName = "[No Variations]"
Add component (AddParameter): Name = "componentlink2url"; Value = "http://digikey.com/product-detail/en/avx-corporation/0805ZC105KAT4A/478-7604-1-ND/7536237"; VariantName = "[No Variations]"
Add component (AddParameter): Name = "Device Package"; Value = "0805 (2012 Metric)"; VariantName = "[No Variations]"
Add component (AddParameter): Name = "lastupdated"; Value = "02-09-2020 1.04.40 AM"; VariantName = "[No Variations]"
Add component (AddParameter): Name = "Lifecycle Status"; Value = "Active"; VariantName = "[No Variations]"
Add component (AddParameter): Name = "manufacturer"; Value = "AVX Corporation"; VariantName = "[No Variations]"
Add component (AddParameter): Name = "Minimum Order"; Value = "1"; VariantName = "[No Variations]"
Add component (AddParameter): Name = "Mounting Type"; Value = "Surface Mount, MLCC"; VariantName = "[No Variations]"
Add component (AddParameter): Name = "Operating Temperature"; Value = "-55°C ~ 125°C"; VariantName = "[No Variations]"
Add component (AddParameter): Name = "Package / Case"; Value = "0805 (2012 Metric)"; VariantName = "[No Variations]"
Add component (AddParameter): Name = "packaging"; Value = "TapeAndReel"; VariantName = "[No Variations]"
Add component (AddParameter): Name = "Part Number"; Value = "0805ZC105KAT4A"; VariantName = "[No Variations]"
Add component (AddParameter): Name = "Part Status"; Value = "Active"; VariantName = "[No Variations]"
Add component (AddParameter): Name = "partid"; Value = "3500"; VariantName = "[No Variations]"
Add component (AddParameter): Name = "price"; Value = "0.17"; VariantName = "[No Variations]"
Add component (AddParameter): Name = "series"; Value = "-"; VariantName = "[No Variations]"
Add component (AddParameter): Name = "Size / Dimension"; Value = "0.079" L x 0.049" W (2.00mm x 1.25mm)"; VariantName = "[No Variations]"
Add component (AddParameter): Name = "Supplier 1"; Value = "DigiKey"; VariantName = "[No Variations]"
Add component (AddParameter): Name = "Supplier Part Number 1"; Value = "478-7604-1-ND"; VariantName = "[No Variations]"
Add component (AddParameter): Name = "Temperature Coefficient"; Value = "X7R"; VariantName = "[No Variations]"
Add component (AddParameter): Name = "Thickness (Max)"; Value = "0.037" (0.94mm)"; VariantName = "[No Variations]"
Add component (AddParameter): Name = "Tolerance"; Value = "±10%"; VariantName = "[No Variations]"
Add component (AddParameter): Name = "value"; Value = "1µF"; VariantName = "[No Variations]"
Add component (AddParameter): Name = "Voltage - Rated"; Value = "10V"; VariantName = "[No Variations]"
Added Component: Designator=D1(DO214AC SMA)
Add component (AddParameter): Name = "ComponentLink1Description"; Value = "Datasheet"; VariantName = "[No Variations]"
Add component (AddParameter): Name = "ComponentLink1URL"; Value = "http://www.comchiptech.com/admin/files/product/CGRA4001-G Thru647907. CGRA4007-G RevE.pdf"; VariantName = "[No Variations]"
Add component (AddParameter): Name = "ComponentLink2Description"; Value = "DigiKey Link"; VariantName = "[No Variations]"
Add component (AddParameter): Name = "ComponentLink2URL"; Value = "https://www.digikey.com/en/products/detail/comchip-technology/CGRA4007-G/1121050"; VariantName = "[No Variations]"
Add component (AddParameter): Name = "Current - Average Rectified (Io)"; Value = "1A"; VariantName = "[No Variations]"
Add component (AddParameter): Name = "Current - Reverse Leakage @ Vr"; Value = "5 µA @ 1000 V"; VariantName = "[No Variations]"
Add component (AddParameter): Name = "Diode Type"; Value = "Standard"; VariantName = "[No Variations]"
Add component (AddParameter): Name = "LastUpdated"; Value = "03-06-2024 7.54.36 PM"; VariantName = "[No Variations]"
Add component (AddParameter): Name = "Lifecycle Status"; Value = "Active"; VariantName = "[No Variations]"
Add component (AddParameter): Name = "Manufacturer"; Value = "Comchip Technology"; VariantName = "[No Variations]"
Add component (AddParameter): Name = "Minimum Order"; Value = "1"; VariantName = "[No Variations]"
Add component (AddParameter): Name = "Mounting Type"; Value = "Surface Mount"; VariantName = "[No Variations]"
Add component (AddParameter): Name = "Operating Temperature - Junction"; Value = "-55°C ~ 150°C"; VariantName = "[No Variations]"
Add component (AddParameter): Name = "Package / Case"; Value = "DO-214AC, SMA"; VariantName = "[No Variations]"
Add component (AddParameter): Name = "Packaging"; Value = "TapeAndReel"; VariantName = "[No Variations]"
Add component (AddParameter): Name = "Part Number"; Value = "CGRA4007-G"; VariantName = "[No Variations]"
Add component (AddParameter): Name = "Part Status"; Value = "Active"; VariantName = "[No Variations]"
Add component (AddParameter): Name = "PartId"; Value = "670"; VariantName = "[No Variations]"
Add component (AddParameter): Name = "Price"; Value = "0.04"; VariantName = "[No Variations]"
Add component (AddParameter): Name = "Series"; Value = "-"; VariantName = "[No Variations]"
Add component (AddParameter): Name = "Speed"; Value = "Standard Recovery >500ns, > 200mA (Io)"; VariantName = "[No Variations]"
Add component (AddParameter): Name = "Supplier 1"; Value = "DigiKey"; VariantName = "[No Variations]"
Add component (AddParameter): Name = "Supplier Device Package"; Value = "DO-214AC (SMA)"; VariantName = "[No Variations]"
Add component (AddParameter): Name = "Supplier Part Number 1"; Value = "641-1018-1-ND"; VariantName = "[No Variations]"
Add component (AddParameter): Name = "Voltage - DC Reverse (Vr) (Max)"; Value = "1000 V"; VariantName = "[No Variations]"
Add component (AddParameter): Name = "Voltage - Forward (Vf) (Max) @ If"; Value = "1.1 V @ 1 A"; VariantName = "[No Variations]"
Added Component: Designator=D2(DO214AC SMA)
Add component (AddParameter): Name = "ComponentLink1Description"; Value = "Datasheet"; VariantName = "[No Variations]"
Add component (AddParameter): Name = "ComponentLink1URL"; Value = "http://www.comchiptech.com/admin/files/product/CGRA4001-G Thru647907. CGRA4007-G RevE.pdf"; VariantName = "[No Variations]"
Add component (AddParameter): Name = "ComponentLink2Description"; Value = "DigiKey Link"; VariantName = "[No Variations]"
Add component (AddParameter): Name = "ComponentLink2URL"; Value = "https://www.digikey.com/en/products/detail/comchip-technology/CGRA4007-G/1121050"; VariantName = "[No Variations]"
Add component (AddParameter): Name = "Current - Average Rectified (Io)"; Value = "1A"; VariantName = "[No Variations]"
Add component (AddParameter): Name = "Current - Reverse Leakage @ Vr"; Value = "5 µA @ 1000 V"; VariantName = "[No Variations]"
Add component (AddParameter): Name = "Diode Type"; Value = "Standard"; VariantName = "[No Variations]"
Add component (AddParameter): Name = "LastUpdated"; Value = "03-06-2024 7.54.36 PM"; VariantName = "[No Variations]"
Add component (AddParameter): Name = "Lifecycle Status"; Value = "Active"; VariantName = "[No Variations]"
Add component (AddParameter): Name = "Manufacturer"; Value = "Comchip Technology"; VariantName = "[No Variations]"
Add component (AddParameter): Name = "Minimum Order"; Value = "1"; VariantName = "[No Variations]"
Add component (AddParameter): Name = "Mounting Type"; Value = "Surface Mount"; VariantName = "[No Variations]"
Add component (AddParameter): Name = "Operating Temperature - Junction"; Value = "-55°C ~ 150°C"; VariantName = "[No Variations]"
Add component (AddParameter): Name = "Package / Case"; Value = "DO-214AC, SMA"; VariantName = "[No Variations]"
Add component (AddParameter): Name = "Packaging"; Value = "TapeAndReel"; VariantName = "[No Variations]"
Add component (AddParameter): Name = "Part Number"; Value = "CGRA4007-G"; VariantName = "[No Variations]"
Add component (AddParameter): Name = "Part Status"; Value = "Active"; VariantName = "[No Variations]"
Add component (AddParameter): Name = "PartId"; Value = "670"; VariantName = "[No Variations]"
Add component (AddParameter): Name = "Price"; Value = "0.04"; VariantName = "[No Variations]"
Add component (AddParameter): Name = "Series"; Value = "-"; VariantName = "[No Variations]"
Add component (AddParameter): Name = "Speed"; Value = "Standard Recovery >500ns, > 200mA (Io)"; VariantName = "[No Variations]"
Add component (AddParameter): Name = "Supplier 1"; Value = "DigiKey"; VariantName = "[No Variations]"
Add component (AddParameter): Name = "Supplier Device Package"; Value = "DO-214AC (SMA)"; VariantName = "[No Variations]"
Add component (AddParameter): Name = "Supplier Part Number 1"; Value = "641-1018-1-ND"; VariantName = "[No Variations]"
Add component (AddParameter): Name = "Voltage - DC Reverse (Vr) (Max)"; Value = "1000 V"; VariantName = "[No Variations]"
Add component (AddParameter): Name = "Voltage - Forward (Vf) (Max) @ If"; Value = "1.1 V @ 1 A"; VariantName = "[No Variations]"
Added Component: Designator=D3(SM712.TCT)
Add component (AddParameter): Name = "Check_prices"; Value = "https://www.snapeda.com/parts/SM712.TCT/Semtech/view-part/?ref=eda"; VariantName = "[No Variations]"
Add component (AddParameter): Name = "MF"; Value = "Semtech Corporation"; VariantName = "[No Variations]"
Add component (AddParameter): Name = "MP"; Value = "SM712.TCT"; VariantName = "[No Variations]"
Add component (AddParameter): Name = "Package"; Value = "SOT-23 Semtech"; VariantName = "[No Variations]"
Add component (AddParameter): Name = "SnapEDA_Link"; Value = "https://www.snapeda.com/parts/SM712.TCT/Semtech/view-part/?ref=snap"; VariantName = "[No Variations]"
Add component (AddParameter): Name = "Value"; Value = ""; VariantName = "[No Variations]"
Added Component: Designator=D4(SM712.TCT)
Add component (AddParameter): Name = "Check_prices"; Value = "https://www.snapeda.com/parts/SM712.TCT/Semtech/view-part/?ref=eda"; VariantName = "[No Variations]"
Add component (AddParameter): Name = "MF"; Value = "Semtech Corporation"; VariantName = "[No Variations]"
Add component (AddParameter): Name = "MP"; Value = "SM712.TCT"; VariantName = "[No Variations]"
Add component (AddParameter): Name = "Package"; Value = "SOT-23 Semtech"; VariantName = "[No Variations]"
Add component (AddParameter): Name = "SnapEDA_Link"; Value = "https://www.snapeda.com/parts/SM712.TCT/Semtech/view-part/?ref=snap"; VariantName = "[No Variations]"
Add component (AddParameter): Name = "Value"; Value = ""; VariantName = "[No Variations]"
Added Component: Designator=D7(SM712.TCT)
Add component (AddParameter): Name = "Check_prices"; Value = "https://www.snapeda.com/parts/SM712.TCT/Semtech/view-part/?ref=eda"; VariantName = "[No Variations]"
Add component (AddParameter): Name = "MF"; Value = "Semtech Corporation"; VariantName = "[No Variations]"
Add component (AddParameter): Name = "MP"; Value = "SM712.TCT"; VariantName = "[No Variations]"
Add component (AddParameter): Name = "Package"; Value = "SOT-23 Semtech"; VariantName = "[No Variations]"
Add component (AddParameter): Name = "SnapEDA_Link"; Value = "https://www.snapeda.com/parts/SM712.TCT/Semtech/view-part/?ref=snap"; VariantName = "[No Variations]"
Add component (AddParameter): Name = "Value"; Value = ""; VariantName = "[No Variations]"
Added Component: Designator=D10(SM712.TCT)
Add component (AddParameter): Name = "Check_prices"; Value = "https://www.snapeda.com/parts/SM712.TCT/Semtech/view-part/?ref=eda"; VariantName = "[No Variations]"
Add component (AddParameter): Name = "MF"; Value = "Semtech Corporation"; VariantName = "[No Variations]"
Add component (AddParameter): Name = "MP"; Value = "SM712.TCT"; VariantName = "[No Variations]"
Add component (AddParameter): Name = "Package"; Value = "SOT-23 Semtech"; VariantName = "[No Variations]"
Add component (AddParameter): Name = "SnapEDA_Link"; Value = "https://www.snapeda.com/parts/SM712.TCT/Semtech/view-part/?ref=snap"; VariantName = "[No Variations]"
Add component (AddParameter): Name = "Value"; Value = ""; VariantName = "[No Variations]"
Added Component: Designator=D11(SM712.TCT)
Add component (AddParameter): Name = "Check_prices"; Value = "https://www.snapeda.com/parts/SM712.TCT/Semtech/view-part/?ref=eda"; VariantName = "[No Variations]"
Add component (AddParameter): Name = "MF"; Value = "Semtech Corporation"; VariantName = "[No Variations]"
Add component (AddParameter): Name = "MP"; Value = "SM712.TCT"; VariantName = "[No Variations]"
Add component (AddParameter): Name = "Package"; Value = "SOT-23 Semtech"; VariantName = "[No Variations]"
Add component (AddParameter): Name = "SnapEDA_Link"; Value = "https://www.snapeda.com/parts/SM712.TCT/Semtech/view-part/?ref=snap"; VariantName = "[No Variations]"
Add component (AddParameter): Name = "Value"; Value = ""; VariantName = "[No Variations]"
Added Component: Designator=D12(SM712.TCT)
Add component (AddParameter): Name = "Check_prices"; Value = "https://www.snapeda.com/parts/SM712.TCT/Semtech/view-part/?ref=eda"; VariantName = "[No Variations]"
Add component (AddParameter): Name = "MF"; Value = "Semtech Corporation"; VariantName = "[No Variations]"
Add component (AddParameter): Name = "MP"; Value = "SM712.TCT"; VariantName = "[No Variations]"
Add component (AddParameter): Name = "Package"; Value = "SOT-23 Semtech"; VariantName = "[No Variations]"
Add component (AddParameter): Name = "SnapEDA_Link"; Value = "https://www.snapeda.com/parts/SM712.TCT/Semtech/view-part/?ref=snap"; VariantName = "[No Variations]"
Add component (AddParameter): Name = "Value"; Value = ""; VariantName = "[No Variations]"
Added Component: Designator=D13(LEDC2012X70N)
Add component (AddParameter): Name = "Availability"; Value = "Unavailable"; VariantName = "[No Variations]"
Add component (AddParameter): Name = "MF"; Value = ""; VariantName = "[No Variations]"
Add component (AddParameter): Name = "MP"; Value = "597-3305-607F"; VariantName = "[No Variations]"
Add component (AddParameter): Name = "Package"; Value = "None"; VariantName = "[No Variations]"
Add component (AddParameter): Name = "Price"; Value = "None"; VariantName = "[No Variations]"
Add component (AddParameter): Name = "Value"; Value = ""; VariantName = "[No Variations]"
Added Component: Designator=D14(LITEON LTV-817)
Add component (AddParameter): Name = "ComponentLink1Description"; Value = "Datasheet"; VariantName = "[No Variations]"
Add component (AddParameter): Name = "ComponentLink1URL"; Value = "http://optoelectronics.liteon.com/upload/download/DS-70-96-0016/LTV-8X7%20series%20201610%20.pdf"; VariantName = "[No Variations]"
Add component (AddParameter): Name = "ComponentLink2Description"; Value = "DigiKey Link"; VariantName = "[No Variations]"
Add component (AddParameter): Name = "ComponentLink2URL"; Value = "http://digikey.com/product-detail/en/lite-on-inc/LTV-817S-TA1/160-1893-1-ND/3306757"; VariantName = "[No Variations]"
Add component (AddParameter): Name = "Current - DC Forward (If) (Max)"; Value = "50mA"; VariantName = "[No Variations]"
Add component (AddParameter): Name = "Current - Output / Channel"; Value = "50mA"; VariantName = "[No Variations]"
Add component (AddParameter): Name = "Current Transfer Ratio (Max)"; Value = "600% @ 5mA"; VariantName = "[No Variations]"
Add component (AddParameter): Name = "Current Transfer Ratio (Min)"; Value = "50% @ 5mA"; VariantName = "[No Variations]"
Add component (AddParameter): Name = "Device Package"; Value = "4-SMD, Gull Wing"; VariantName = "[No Variations]"
Add component (AddParameter): Name = "Input Type"; Value = "DC"; VariantName = "[No Variations]"
Add component (AddParameter): Name = "LastUpdated"; Value = "12-01-2020 9.58.48 PM"; VariantName = "[No Variations]"
Add component (AddParameter): Name = "Lifecycle Status"; Value = "Active"; VariantName = "[No Variations]"
Add component (AddParameter): Name = "Manufacturer"; Value = "Lite-On Inc."; VariantName = "[No Variations]"
Add component (AddParameter): Name = "Minimum Order"; Value = "1"; VariantName = "[No Variations]"
Add component (AddParameter): Name = "Mounting Type"; Value = "Surface Mount"; VariantName = "[No Variations]"
Add component (AddParameter): Name = "Number of Channels"; Value = "1"; VariantName = "[No Variations]"
Add component (AddParameter): Name = "Operating Temperature"; Value = "-30°C ~ 110°C"; VariantName = "[No Variations]"
Add component (AddParameter): Name = "Output Type"; Value = "Transistor"; VariantName = "[No Variations]"
Add component (AddParameter): Name = "Package / Case"; Value = "4-SMD, Gull Wing"; VariantName = "[No Variations]"
Add component (AddParameter): Name = "Packaging"; Value = "TapeAndReel"; VariantName = "[No Variations]"
Add component (AddParameter): Name = "Part Number"; Value = "LTV-817S-TA1"; VariantName = "[No Variations]"
Add component (AddParameter): Name = "Part Status"; Value = "Active"; VariantName = "[No Variations]"
Add component (AddParameter): Name = "Price"; Value = "0.12"; VariantName = "[No Variations]"
Add component (AddParameter): Name = "Rise / Fall Time (Typ)"; Value = "4µs, 3µs"; VariantName = "[No Variations]"
Add component (AddParameter): Name = "Series"; Value = "-"; VariantName = "[No Variations]"
Add component (AddParameter): Name = "Supplier 1"; Value = "DigiKey"; VariantName = "[No Variations]"
Add component (AddParameter): Name = "Supplier Device Package"; Value = "4-SMD"; VariantName = "[No Variations]"
Add component (AddParameter): Name = "Supplier Part Number 1"; Value = "160-1893-1-ND"; VariantName = "[No Variations]"
Add component (AddParameter): Name = "Vce Saturation (Max)"; Value = "200mV"; VariantName = "[No Variations]"
Add component (AddParameter): Name = "Voltage - Forward (Vf) (Typ)"; Value = "1.2V"; VariantName = "[No Variations]"
Add component (AddParameter): Name = "Voltage - Isolation"; Value = "5000Vrms"; VariantName = "[No Variations]"
Add component (AddParameter): Name = "Voltage - Output (Max)"; Value = "35V"; VariantName = "[No Variations]"
Added Component: Designator=D17(LEDC2012X70N)
Add component (AddParameter): Name = "Availability"; Value = "Unavailable"; VariantName = "[No Variations]"
Add component (AddParameter): Name = "MF"; Value = ""; VariantName = "[No Variations]"
Add component (AddParameter): Name = "MP"; Value = "597-3305-607F"; VariantName = "[No Variations]"
Add component (AddParameter): Name = "Package"; Value = "None"; VariantName = "[No Variations]"
Add component (AddParameter): Name = "Price"; Value = "None"; VariantName = "[No Variations]"
Add component (AddParameter): Name = "Value"; Value = ""; VariantName = "[No Variations]"
Added Component: Designator=D18(LEDC2012X70N)
Add component (AddParameter): Name = "Availability"; Value = "Unavailable"; VariantName = "[No Variations]"
Add component (AddParameter): Name = "MF"; Value = ""; VariantName = "[No Variations]"
Add component (AddParameter): Name = "MP"; Value = "597-3305-607F"; VariantName = "[No Variations]"
Add component (AddParameter): Name = "Package"; Value = "None"; VariantName = "[No Variations]"
Add component (AddParameter): Name = "Price"; Value = "None"; VariantName = "[No Variations]"
Add component (AddParameter): Name = "Value"; Value = ""; VariantName = "[No Variations]"
Added Component: Designator=D20(LITEON LTV-817)
Add component (AddParameter): Name = "ComponentLink1Description"; Value = "Datasheet"; VariantName = "[No Variations]"
Add component (AddParameter): Name = "ComponentLink1URL"; Value = "http://optoelectronics.liteon.com/upload/download/DS-70-96-0016/LTV-8X7%20series%20201610%20.pdf"; VariantName = "[No Variations]"
Add component (AddParameter): Name = "ComponentLink2Description"; Value = "DigiKey Link"; VariantName = "[No Variations]"
Add component (AddParameter): Name = "ComponentLink2URL"; Value = "http://digikey.com/product-detail/en/lite-on-inc/LTV-817S-TA1/160-1893-1-ND/3306757"; VariantName = "[No Variations]"
Add component (AddParameter): Name = "Current - DC Forward (If) (Max)"; Value = "50mA"; VariantName = "[No Variations]"
Add component (AddParameter): Name = "Current - Output / Channel"; Value = "50mA"; VariantName = "[No Variations]"
Add component (AddParameter): Name = "Current Transfer Ratio (Max)"; Value = "600% @ 5mA"; VariantName = "[No Variations]"
Add component (AddParameter): Name = "Current Transfer Ratio (Min)"; Value = "50% @ 5mA"; VariantName = "[No Variations]"
Add component (AddParameter): Name = "Device Package"; Value = "4-SMD, Gull Wing"; VariantName = "[No Variations]"
Add component (AddParameter): Name = "Input Type"; Value = "DC"; VariantName = "[No Variations]"
Add component (AddParameter): Name = "LastUpdated"; Value = "12-01-2020 9.58.48 PM"; VariantName = "[No Variations]"
Add component (AddParameter): Name = "Lifecycle Status"; Value = "Active"; VariantName = "[No Variations]"
Add component (AddParameter): Name = "Manufacturer"; Value = "Lite-On Inc."; VariantName = "[No Variations]"
Add component (AddParameter): Name = "Minimum Order"; Value = "1"; VariantName = "[No Variations]"
Add component (AddParameter): Name = "Mounting Type"; Value = "Surface Mount"; VariantName = "[No Variations]"
Add component (AddParameter): Name = "Number of Channels"; Value = "1"; VariantName = "[No Variations]"
Add component (AddParameter): Name = "Operating Temperature"; Value = "-30°C ~ 110°C"; VariantName = "[No Variations]"
Add component (AddParameter): Name = "Output Type"; Value = "Transistor"; VariantName = "[No Variations]"
Add component (AddParameter): Name = "Package / Case"; Value = "4-SMD, Gull Wing"; VariantName = "[No Variations]"
Add component (AddParameter): Name = "Packaging"; Value = "TapeAndReel"; VariantName = "[No Variations]"
Add component (AddParameter): Name = "Part Number"; Value = "LTV-817S-TA1"; VariantName = "[No Variations]"
Add component (AddParameter): Name = "Part Status"; Value = "Active"; VariantName = "[No Variations]"
Add component (AddParameter): Name = "Price"; Value = "0.12"; VariantName = "[No Variations]"
Add component (AddParameter): Name = "Rise / Fall Time (Typ)"; Value = "4µs, 3µs"; VariantName = "[No Variations]"
Add component (AddParameter): Name = "Series"; Value = "-"; VariantName = "[No Variations]"
Add component (AddParameter): Name = "Supplier 1"; Value = "DigiKey"; VariantName = "[No Variations]"
Add component (AddParameter): Name = "Supplier Device Package"; Value = "4-SMD"; VariantName = "[No Variations]"
Add component (AddParameter): Name = "Supplier Part Number 1"; Value = "160-1893-1-ND"; VariantName = "[No Variations]"
Add component (AddParameter): Name = "Vce Saturation (Max)"; Value = "200mV"; VariantName = "[No Variations]"
Add component (AddParameter): Name = "Voltage - Forward (Vf) (Typ)"; Value = "1.2V"; VariantName = "[No Variations]"
Add component (AddParameter): Name = "Voltage - Isolation"; Value = "5000Vrms"; VariantName = "[No Variations]"
Add component (AddParameter): Name = "Voltage - Output (Max)"; Value = "35V"; VariantName = "[No Variations]"
Added Component: Designator=D23(LEDC2012X70N)
Add component (AddParameter): Name = "Availability"; Value = "Unavailable"; VariantName = "[No Variations]"
Add component (AddParameter): Name = "MF"; Value = ""; VariantName = "[No Variations]"
Add component (AddParameter): Name = "MP"; Value = "597-3305-607F"; VariantName = "[No Variations]"
Add component (AddParameter): Name = "Package"; Value = "None"; VariantName = "[No Variations]"
Add component (AddParameter): Name = "Price"; Value = "None"; VariantName = "[No Variations]"
Add component (AddParameter): Name = "Value"; Value = ""; VariantName = "[No Variations]"
Added Component: Designator=D24(LEDC2012X70N)
Add component (AddParameter): Name = "Availability"; Value = "Unavailable"; VariantName = "[No Variations]"
Add component (AddParameter): Name = "MF"; Value = ""; VariantName = "[No Variations]"
Add component (AddParameter): Name = "MP"; Value = "597-3305-607F"; VariantName = "[No Variations]"
Add component (AddParameter): Name = "Package"; Value = "None"; VariantName = "[No Variations]"
Add component (AddParameter): Name = "Price"; Value = "None"; VariantName = "[No Variations]"
Add component (AddParameter): Name = "Value"; Value = ""; VariantName = "[No Variations]"
Added Component: Designator=D26(LITEON LTV-817)
Add component (AddParameter): Name = "ComponentLink1Description"; Value = "Datasheet"; VariantName = "[No Variations]"
Add component (AddParameter): Name = "ComponentLink1URL"; Value = "http://optoelectronics.liteon.com/upload/download/DS-70-96-0016/LTV-8X7%20series%20201610%20.pdf"; VariantName = "[No Variations]"
Add component (AddParameter): Name = "ComponentLink2Description"; Value = "DigiKey Link"; VariantName = "[No Variations]"
Add component (AddParameter): Name = "ComponentLink2URL"; Value = "http://digikey.com/product-detail/en/lite-on-inc/LTV-817S-TA1/160-1893-1-ND/3306757"; VariantName = "[No Variations]"
Add component (AddParameter): Name = "Current - DC Forward (If) (Max)"; Value = "50mA"; VariantName = "[No Variations]"
Add component (AddParameter): Name = "Current - Output / Channel"; Value = "50mA"; VariantName = "[No Variations]"
Add component (AddParameter): Name = "Current Transfer Ratio (Max)"; Value = "600% @ 5mA"; VariantName = "[No Variations]"
Add component (AddParameter): Name = "Current Transfer Ratio (Min)"; Value = "50% @ 5mA"; VariantName = "[No Variations]"
Add component (AddParameter): Name = "Device Package"; Value = "4-SMD, Gull Wing"; VariantName = "[No Variations]"
Add component (AddParameter): Name = "Input Type"; Value = "DC"; VariantName = "[No Variations]"
Add component (AddParameter): Name = "LastUpdated"; Value = "12-01-2020 9.58.48 PM"; VariantName = "[No Variations]"
Add component (AddParameter): Name = "Lifecycle Status"; Value = "Active"; VariantName = "[No Variations]"
Add component (AddParameter): Name = "Manufacturer"; Value = "Lite-On Inc."; VariantName = "[No Variations]"
Add component (AddParameter): Name = "Minimum Order"; Value = "1"; VariantName = "[No Variations]"
Add component (AddParameter): Name = "Mounting Type"; Value = "Surface Mount"; VariantName = "[No Variations]"
Add component (AddParameter): Name = "Number of Channels"; Value = "1"; VariantName = "[No Variations]"
Add component (AddParameter): Name = "Operating Temperature"; Value = "-30°C ~ 110°C"; VariantName = "[No Variations]"
Add component (AddParameter): Name = "Output Type"; Value = "Transistor"; VariantName = "[No Variations]"
Add component (AddParameter): Name = "Package / Case"; Value = "4-SMD, Gull Wing"; VariantName = "[No Variations]"
Add component (AddParameter): Name = "Packaging"; Value = "TapeAndReel"; VariantName = "[No Variations]"
Add component (AddParameter): Name = "Part Number"; Value = "LTV-817S-TA1"; VariantName = "[No Variations]"
Add component (AddParameter): Name = "Part Status"; Value = "Active"; VariantName = "[No Variations]"
Add component (AddParameter): Name = "Price"; Value = "0.12"; VariantName = "[No Variations]"
Add component (AddParameter): Name = "Rise / Fall Time (Typ)"; Value = "4µs, 3µs"; VariantName = "[No Variations]"
Add component (AddParameter): Name = "Series"; Value = "-"; VariantName = "[No Variations]"
Add component (AddParameter): Name = "Supplier 1"; Value = "DigiKey"; VariantName = "[No Variations]"
Add component (AddParameter): Name = "Supplier Device Package"; Value = "4-SMD"; VariantName = "[No Variations]"
Add component (AddParameter): Name = "Supplier Part Number 1"; Value = "160-1893-1-ND"; VariantName = "[No Variations]"
Add component (AddParameter): Name = "Vce Saturation (Max)"; Value = "200mV"; VariantName = "[No Variations]"
Add component (AddParameter): Name = "Voltage - Forward (Vf) (Typ)"; Value = "1.2V"; VariantName = "[No Variations]"
Add component (AddParameter): Name = "Voltage - Isolation"; Value = "5000Vrms"; VariantName = "[No Variations]"
Add component (AddParameter): Name = "Voltage - Output (Max)"; Value = "35V"; VariantName = "[No Variations]"
Added Component: Designator=D29(LEDC2012X70N)
Add component (AddParameter): Name = "Availability"; Value = "Unavailable"; VariantName = "[No Variations]"
Add component (AddParameter): Name = "MF"; Value = ""; VariantName = "[No Variations]"
Add component (AddParameter): Name = "MP"; Value = "597-3305-607F"; VariantName = "[No Variations]"
Add component (AddParameter): Name = "Package"; Value = "None"; VariantName = "[No Variations]"
Add component (AddParameter): Name = "Price"; Value = "None"; VariantName = "[No Variations]"
Add component (AddParameter): Name = "Value"; Value = ""; VariantName = "[No Variations]"
Added Component: Designator=D32(LITEON LTV-817)
Add component (AddParameter): Name = "ComponentLink1Description"; Value = "Datasheet"; VariantName = "[No Variations]"
Add component (AddParameter): Name = "ComponentLink1URL"; Value = "http://optoelectronics.liteon.com/upload/download/DS-70-96-0016/LTV-8X7%20series%20201610%20.pdf"; VariantName = "[No Variations]"
Add component (AddParameter): Name = "ComponentLink2Description"; Value = "DigiKey Link"; VariantName = "[No Variations]"
Add component (AddParameter): Name = "ComponentLink2URL"; Value = "http://digikey.com/product-detail/en/lite-on-inc/LTV-817S-TA1/160-1893-1-ND/3306757"; VariantName = "[No Variations]"
Add component (AddParameter): Name = "Current - DC Forward (If) (Max)"; Value = "50mA"; VariantName = "[No Variations]"
Add component (AddParameter): Name = "Current - Output / Channel"; Value = "50mA"; VariantName = "[No Variations]"
Add component (AddParameter): Name = "Current Transfer Ratio (Max)"; Value = "600% @ 5mA"; VariantName = "[No Variations]"
Add component (AddParameter): Name = "Current Transfer Ratio (Min)"; Value = "50% @ 5mA"; VariantName = "[No Variations]"
Add component (AddParameter): Name = "Device Package"; Value = "4-SMD, Gull Wing"; VariantName = "[No Variations]"
Add component (AddParameter): Name = "Input Type"; Value = "DC"; VariantName = "[No Variations]"
Add component (AddParameter): Name = "LastUpdated"; Value = "12-01-2020 9.58.48 PM"; VariantName = "[No Variations]"
Add component (AddParameter): Name = "Lifecycle Status"; Value = "Active"; VariantName = "[No Variations]"
Add component (AddParameter): Name = "Manufacturer"; Value = "Lite-On Inc."; VariantName = "[No Variations]"
Add component (AddParameter): Name = "Minimum Order"; Value = "1"; VariantName = "[No Variations]"
Add component (AddParameter): Name = "Mounting Type"; Value = "Surface Mount"; VariantName = "[No Variations]"
Add component (AddParameter): Name = "Number of Channels"; Value = "1"; VariantName = "[No Variations]"
Add component (AddParameter): Name = "Operating Temperature"; Value = "-30°C ~ 110°C"; VariantName = "[No Variations]"
Add component (AddParameter): Name = "Output Type"; Value = "Transistor"; VariantName = "[No Variations]"
Add component (AddParameter): Name = "Package / Case"; Value = "4-SMD, Gull Wing"; VariantName = "[No Variations]"
Add component (AddParameter): Name = "Packaging"; Value = "TapeAndReel"; VariantName = "[No Variations]"
Add component (AddParameter): Name = "Part Number"; Value = "LTV-817S-TA1"; VariantName = "[No Variations]"
Add component (AddParameter): Name = "Part Status"; Value = "Active"; VariantName = "[No Variations]"
Add component (AddParameter): Name = "Price"; Value = "0.12"; VariantName = "[No Variations]"
Add component (AddParameter): Name = "Rise / Fall Time (Typ)"; Value = "4µs, 3µs"; VariantName = "[No Variations]"
Add component (AddParameter): Name = "Series"; Value = "-"; VariantName = "[No Variations]"
Add component (AddParameter): Name = "Supplier 1"; Value = "DigiKey"; VariantName = "[No Variations]"
Add component (AddParameter): Name = "Supplier Device Package"; Value = "4-SMD"; VariantName = "[No Variations]"
Add component (AddParameter): Name = "Supplier Part Number 1"; Value = "160-1893-1-ND"; VariantName = "[No Variations]"
Add component (AddParameter): Name = "Vce Saturation (Max)"; Value = "200mV"; VariantName = "[No Variations]"
Add component (AddParameter): Name = "Voltage - Forward (Vf) (Typ)"; Value = "1.2V"; VariantName = "[No Variations]"
Add component (AddParameter): Name = "Voltage - Isolation"; Value = "5000Vrms"; VariantName = "[No Variations]"
Add component (AddParameter): Name = "Voltage - Output (Max)"; Value = "35V"; VariantName = "[No Variations]"
Added Component: Designator=D35(LEDC2012X70N)
Add component (AddParameter): Name = "Availability"; Value = "Unavailable"; VariantName = "[No Variations]"
Add component (AddParameter): Name = "MF"; Value = ""; VariantName = "[No Variations]"
Add component (AddParameter): Name = "MP"; Value = "597-3305-607F"; VariantName = "[No Variations]"
Add component (AddParameter): Name = "Package"; Value = "None"; VariantName = "[No Variations]"
Add component (AddParameter): Name = "Price"; Value = "None"; VariantName = "[No Variations]"
Add component (AddParameter): Name = "Value"; Value = ""; VariantName = "[No Variations]"
Added Component: Designator=D38(LITEON LTV-817)
Add component (AddParameter): Name = "ComponentLink1Description"; Value = "Datasheet"; VariantName = "[No Variations]"
Add component (AddParameter): Name = "ComponentLink1URL"; Value = "http://optoelectronics.liteon.com/upload/download/DS-70-96-0016/LTV-8X7%20series%20201610%20.pdf"; VariantName = "[No Variations]"
Add component (AddParameter): Name = "ComponentLink2Description"; Value = "DigiKey Link"; VariantName = "[No Variations]"
Add component (AddParameter): Name = "ComponentLink2URL"; Value = "http://digikey.com/product-detail/en/lite-on-inc/LTV-817S-TA1/160-1893-1-ND/3306757"; VariantName = "[No Variations]"
Add component (AddParameter): Name = "Current - DC Forward (If) (Max)"; Value = "50mA"; VariantName = "[No Variations]"
Add component (AddParameter): Name = "Current - Output / Channel"; Value = "50mA"; VariantName = "[No Variations]"
Add component (AddParameter): Name = "Current Transfer Ratio (Max)"; Value = "600% @ 5mA"; VariantName = "[No Variations]"
Add component (AddParameter): Name = "Current Transfer Ratio (Min)"; Value = "50% @ 5mA"; VariantName = "[No Variations]"
Add component (AddParameter): Name = "Device Package"; Value = "4-SMD, Gull Wing"; VariantName = "[No Variations]"
Add component (AddParameter): Name = "Input Type"; Value = "DC"; VariantName = "[No Variations]"
Add component (AddParameter): Name = "LastUpdated"; Value = "12-01-2020 9.58.48 PM"; VariantName = "[No Variations]"
Add component (AddParameter): Name = "Lifecycle Status"; Value = "Active"; VariantName = "[No Variations]"
Add component (AddParameter): Name = "Manufacturer"; Value = "Lite-On Inc."; VariantName = "[No Variations]"
Add component (AddParameter): Name = "Minimum Order"; Value = "1"; VariantName = "[No Variations]"
Add component (AddParameter): Name = "Mounting Type"; Value = "Surface Mount"; VariantName = "[No Variations]"
Add component (AddParameter): Name = "Number of Channels"; Value = "1"; VariantName = "[No Variations]"
Add component (AddParameter): Name = "Operating Temperature"; Value = "-30°C ~ 110°C"; VariantName = "[No Variations]"
Add component (AddParameter): Name = "Output Type"; Value = "Transistor"; VariantName = "[No Variations]"
Add component (AddParameter): Name = "Package / Case"; Value = "4-SMD, Gull Wing"; VariantName = "[No Variations]"
Add component (AddParameter): Name = "Packaging"; Value = "TapeAndReel"; VariantName = "[No Variations]"
Add component (AddParameter): Name = "Part Number"; Value = "LTV-817S-TA1"; VariantName = "[No Variations]"
Add component (AddParameter): Name = "Part Status"; Value = "Active"; VariantName = "[No Variations]"
Add component (AddParameter): Name = "Price"; Value = "0.12"; VariantName = "[No Variations]"
Add component (AddParameter): Name = "Rise / Fall Time (Typ)"; Value = "4µs, 3µs"; VariantName = "[No Variations]"
Add component (AddParameter): Name = "Series"; Value = "-"; VariantName = "[No Variations]"
Add component (AddParameter): Name = "Supplier 1"; Value = "DigiKey"; VariantName = "[No Variations]"
Add component (AddParameter): Name = "Supplier Device Package"; Value = "4-SMD"; VariantName = "[No Variations]"
Add component (AddParameter): Name = "Supplier Part Number 1"; Value = "160-1893-1-ND"; VariantName = "[No Variations]"
Add component (AddParameter): Name = "Vce Saturation (Max)"; Value = "200mV"; VariantName = "[No Variations]"
Add component (AddParameter): Name = "Voltage - Forward (Vf) (Typ)"; Value = "1.2V"; VariantName = "[No Variations]"
Add component (AddParameter): Name = "Voltage - Isolation"; Value = "5000Vrms"; VariantName = "[No Variations]"
Add component (AddParameter): Name = "Voltage - Output (Max)"; Value = "35V"; VariantName = "[No Variations]"
Added Component: Designator=D40(LEDC2012X70N)
Add component (AddParameter): Name = "Availability"; Value = "Unavailable"; VariantName = "[No Variations]"
Add component (AddParameter): Name = "MF"; Value = ""; VariantName = "[No Variations]"
Add component (AddParameter): Name = "MP"; Value = "597-3305-607F"; VariantName = "[No Variations]"
Add component (AddParameter): Name = "Package"; Value = "None"; VariantName = "[No Variations]"
Add component (AddParameter): Name = "Price"; Value = "None"; VariantName = "[No Variations]"
Add component (AddParameter): Name = "Value"; Value = ""; VariantName = "[No Variations]"
Added Component: Designator=D41(LITEON LTV-817)
Add component (AddParameter): Name = "ComponentLink1Description"; Value = "Datasheet"; VariantName = "[No Variations]"
Add component (AddParameter): Name = "ComponentLink1URL"; Value = "http://optoelectronics.liteon.com/upload/download/DS-70-96-0016/LTV-8X7%20series%20201610%20.pdf"; VariantName = "[No Variations]"
Add component (AddParameter): Name = "ComponentLink2Description"; Value = "DigiKey Link"; VariantName = "[No Variations]"
Add component (AddParameter): Name = "ComponentLink2URL"; Value = "http://digikey.com/product-detail/en/lite-on-inc/LTV-817S-TA1/160-1893-1-ND/3306757"; VariantName = "[No Variations]"
Add component (AddParameter): Name = "Current - DC Forward (If) (Max)"; Value = "50mA"; VariantName = "[No Variations]"
Add component (AddParameter): Name = "Current - Output / Channel"; Value = "50mA"; VariantName = "[No Variations]"
Add component (AddParameter): Name = "Current Transfer Ratio (Max)"; Value = "600% @ 5mA"; VariantName = "[No Variations]"
Add component (AddParameter): Name = "Current Transfer Ratio (Min)"; Value = "50% @ 5mA"; VariantName = "[No Variations]"
Add component (AddParameter): Name = "Device Package"; Value = "4-SMD, Gull Wing"; VariantName = "[No Variations]"
Add component (AddParameter): Name = "Input Type"; Value = "DC"; VariantName = "[No Variations]"
Add component (AddParameter): Name = "LastUpdated"; Value = "12-01-2020 9.58.48 PM"; VariantName = "[No Variations]"
Add component (AddParameter): Name = "Lifecycle Status"; Value = "Active"; VariantName = "[No Variations]"
Add component (AddParameter): Name = "Manufacturer"; Value = "Lite-On Inc."; VariantName = "[No Variations]"
Add component (AddParameter): Name = "Minimum Order"; Value = "1"; VariantName = "[No Variations]"
Add component (AddParameter): Name = "Mounting Type"; Value = "Surface Mount"; VariantName = "[No Variations]"
Add component (AddParameter): Name = "Number of Channels"; Value = "1"; VariantName = "[No Variations]"
Add component (AddParameter): Name = "Operating Temperature"; Value = "-30°C ~ 110°C"; VariantName = "[No Variations]"
Add component (AddParameter): Name = "Output Type"; Value = "Transistor"; VariantName = "[No Variations]"
Add component (AddParameter): Name = "Package / Case"; Value = "4-SMD, Gull Wing"; VariantName = "[No Variations]"
Add component (AddParameter): Name = "Packaging"; Value = "TapeAndReel"; VariantName = "[No Variations]"
Add component (AddParameter): Name = "Part Number"; Value = "LTV-817S-TA1"; VariantName = "[No Variations]"
Add component (AddParameter): Name = "Part Status"; Value = "Active"; VariantName = "[No Variations]"
Add component (AddParameter): Name = "Price"; Value = "0.12"; VariantName = "[No Variations]"
Add component (AddParameter): Name = "Rise / Fall Time (Typ)"; Value = "4µs, 3µs"; VariantName = "[No Variations]"
Add component (AddParameter): Name = "Series"; Value = "-"; VariantName = "[No Variations]"
Add component (AddParameter): Name = "Supplier 1"; Value = "DigiKey"; VariantName = "[No Variations]"
Add component (AddParameter): Name = "Supplier Device Package"; Value = "4-SMD"; VariantName = "[No Variations]"
Add component (AddParameter): Name = "Supplier Part Number 1"; Value = "160-1893-1-ND"; VariantName = "[No Variations]"
Add component (AddParameter): Name = "Vce Saturation (Max)"; Value = "200mV"; VariantName = "[No Variations]"
Add component (AddParameter): Name = "Voltage - Forward (Vf) (Typ)"; Value = "1.2V"; VariantName = "[No Variations]"
Add component (AddParameter): Name = "Voltage - Isolation"; Value = "5000Vrms"; VariantName = "[No Variations]"
Add component (AddParameter): Name = "Voltage - Output (Max)"; Value = "35V"; VariantName = "[No Variations]"
Added Component: Designator=D42(LEDC2012X70N)
Add component (AddParameter): Name = "Availability"; Value = "Unavailable"; VariantName = "[No Variations]"
Add component (AddParameter): Name = "MF"; Value = ""; VariantName = "[No Variations]"
Add component (AddParameter): Name = "MP"; Value = "597-3305-607F"; VariantName = "[No Variations]"
Add component (AddParameter): Name = "Package"; Value = "None"; VariantName = "[No Variations]"
Add component (AddParameter): Name = "Price"; Value = "None"; VariantName = "[No Variations]"
Add component (AddParameter): Name = "Value"; Value = ""; VariantName = "[No Variations]"
Added Component: Designator=D43(LEDC2012X70N)
Add component (AddParameter): Name = "Availability"; Value = "Unavailable"; VariantName = "[No Variations]"
Add component (AddParameter): Name = "MF"; Value = ""; VariantName = "[No Variations]"
Add component (AddParameter): Name = "MP"; Value = "597-3305-607F"; VariantName = "[No Variations]"
Add component (AddParameter): Name = "Package"; Value = "None"; VariantName = "[No Variations]"
Add component (AddParameter): Name = "Price"; Value = "None"; VariantName = "[No Variations]"
Add component (AddParameter): Name = "Value"; Value = ""; VariantName = "[No Variations]"
Added Component: Designator=D44(LITEON LTV-817)
Add component (AddParameter): Name = "ComponentLink1Description"; Value = "Datasheet"; VariantName = "[No Variations]"
Add component (AddParameter): Name = "ComponentLink1URL"; Value = "http://optoelectronics.liteon.com/upload/download/DS-70-96-0016/LTV-8X7%20series%20201610%20.pdf"; VariantName = "[No Variations]"
Add component (AddParameter): Name = "ComponentLink2Description"; Value = "DigiKey Link"; VariantName = "[No Variations]"
Add component (AddParameter): Name = "ComponentLink2URL"; Value = "http://digikey.com/product-detail/en/lite-on-inc/LTV-817S-TA1/160-1893-1-ND/3306757"; VariantName = "[No Variations]"
Add component (AddParameter): Name = "Current - DC Forward (If) (Max)"; Value = "50mA"; VariantName = "[No Variations]"
Add component (AddParameter): Name = "Current - Output / Channel"; Value = "50mA"; VariantName = "[No Variations]"
Add component (AddParameter): Name = "Current Transfer Ratio (Max)"; Value = "600% @ 5mA"; VariantName = "[No Variations]"
Add component (AddParameter): Name = "Current Transfer Ratio (Min)"; Value = "50% @ 5mA"; VariantName = "[No Variations]"
Add component (AddParameter): Name = "Device Package"; Value = "4-SMD, Gull Wing"; VariantName = "[No Variations]"
Add component (AddParameter): Name = "Input Type"; Value = "DC"; VariantName = "[No Variations]"
Add component (AddParameter): Name = "LastUpdated"; Value = "12-01-2020 9.58.48 PM"; VariantName = "[No Variations]"
Add component (AddParameter): Name = "Lifecycle Status"; Value = "Active"; VariantName = "[No Variations]"
Add component (AddParameter): Name = "Manufacturer"; Value = "Lite-On Inc."; VariantName = "[No Variations]"
Add component (AddParameter): Name = "Minimum Order"; Value = "1"; VariantName = "[No Variations]"
Add component (AddParameter): Name = "Mounting Type"; Value = "Surface Mount"; VariantName = "[No Variations]"
Add component (AddParameter): Name = "Number of Channels"; Value = "1"; VariantName = "[No Variations]"
Add component (AddParameter): Name = "Operating Temperature"; Value = "-30°C ~ 110°C"; VariantName = "[No Variations]"
Add component (AddParameter): Name = "Output Type"; Value = "Transistor"; VariantName = "[No Variations]"
Add component (AddParameter): Name = "Package / Case"; Value = "4-SMD, Gull Wing"; VariantName = "[No Variations]"
Add component (AddParameter): Name = "Packaging"; Value = "TapeAndReel"; VariantName = "[No Variations]"
Add component (AddParameter): Name = "Part Number"; Value = "LTV-817S-TA1"; VariantName = "[No Variations]"
Add component (AddParameter): Name = "Part Status"; Value = "Active"; VariantName = "[No Variations]"
Add component (AddParameter): Name = "Price"; Value = "0.12"; VariantName = "[No Variations]"
Add component (AddParameter): Name = "Rise / Fall Time (Typ)"; Value = "4µs, 3µs"; VariantName = "[No Variations]"
Add component (AddParameter): Name = "Series"; Value = "-"; VariantName = "[No Variations]"
Add component (AddParameter): Name = "Supplier 1"; Value = "DigiKey"; VariantName = "[No Variations]"
Add component (AddParameter): Name = "Supplier Device Package"; Value = "4-SMD"; VariantName = "[No Variations]"
Add component (AddParameter): Name = "Supplier Part Number 1"; Value = "160-1893-1-ND"; VariantName = "[No Variations]"
Add component (AddParameter): Name = "Vce Saturation (Max)"; Value = "200mV"; VariantName = "[No Variations]"
Add component (AddParameter): Name = "Voltage - Forward (Vf) (Typ)"; Value = "1.2V"; VariantName = "[No Variations]"
Add component (AddParameter): Name = "Voltage - Isolation"; Value = "5000Vrms"; VariantName = "[No Variations]"
Add component (AddParameter): Name = "Voltage - Output (Max)"; Value = "35V"; VariantName = "[No Variations]"
Added Component: Designator=D45(LEDC2012X70N)
Add component (AddParameter): Name = "Availability"; Value = "Unavailable"; VariantName = "[No Variations]"
Add component (AddParameter): Name = "MF"; Value = ""; VariantName = "[No Variations]"
Add component (AddParameter): Name = "MP"; Value = "597-3305-607F"; VariantName = "[No Variations]"
Add component (AddParameter): Name = "Package"; Value = "None"; VariantName = "[No Variations]"
Add component (AddParameter): Name = "Price"; Value = "None"; VariantName = "[No Variations]"
Add component (AddParameter): Name = "Value"; Value = ""; VariantName = "[No Variations]"
Added Component: Designator=D46(LEDC2012X70N)
Add component (AddParameter): Name = "Availability"; Value = "Unavailable"; VariantName = "[No Variations]"
Add component (AddParameter): Name = "MF"; Value = ""; VariantName = "[No Variations]"
Add component (AddParameter): Name = "MP"; Value = "597-3305-607F"; VariantName = "[No Variations]"
Add component (AddParameter): Name = "Package"; Value = "None"; VariantName = "[No Variations]"
Add component (AddParameter): Name = "Price"; Value = "None"; VariantName = "[No Variations]"
Add component (AddParameter): Name = "Value"; Value = ""; VariantName = "[No Variations]"
Added Component: Designator=D47(DO214AC SMA)
Add component (AddParameter): Name = "ComponentLink1Description"; Value = "Datasheet"; VariantName = "[No Variations]"
Add component (AddParameter): Name = "ComponentLink1URL"; Value = "http://www.comchiptech.com/admin/files/product/CGRA4001-G Thru647907. CGRA4007-G RevE.pdf"; VariantName = "[No Variations]"
Add component (AddParameter): Name = "ComponentLink2Description"; Value = "DigiKey Link"; VariantName = "[No Variations]"
Add component (AddParameter): Name = "ComponentLink2URL"; Value = "https://www.digikey.com/en/products/detail/comchip-technology/CGRA4007-G/1121050"; VariantName = "[No Variations]"
Add component (AddParameter): Name = "Current - Average Rectified (Io)"; Value = "1A"; VariantName = "[No Variations]"
Add component (AddParameter): Name = "Current - Reverse Leakage @ Vr"; Value = "5 µA @ 1000 V"; VariantName = "[No Variations]"
Add component (AddParameter): Name = "Diode Type"; Value = "Standard"; VariantName = "[No Variations]"
Add component (AddParameter): Name = "LastUpdated"; Value = "03-06-2024 7.54.36 PM"; VariantName = "[No Variations]"
Add component (AddParameter): Name = "Lifecycle Status"; Value = "Active"; VariantName = "[No Variations]"
Add component (AddParameter): Name = "Manufacturer"; Value = "Comchip Technology"; VariantName = "[No Variations]"
Add component (AddParameter): Name = "Minimum Order"; Value = "1"; VariantName = "[No Variations]"
Add component (AddParameter): Name = "Mounting Type"; Value = "Surface Mount"; VariantName = "[No Variations]"
Add component (AddParameter): Name = "Operating Temperature - Junction"; Value = "-55°C ~ 150°C"; VariantName = "[No Variations]"
Add component (AddParameter): Name = "Package / Case"; Value = "DO-214AC, SMA"; VariantName = "[No Variations]"
Add component (AddParameter): Name = "Packaging"; Value = "TapeAndReel"; VariantName = "[No Variations]"
Add component (AddParameter): Name = "Part Number"; Value = "CGRA4007-G"; VariantName = "[No Variations]"
Add component (AddParameter): Name = "Part Status"; Value = "Active"; VariantName = "[No Variations]"
Add component (AddParameter): Name = "PartId"; Value = "670"; VariantName = "[No Variations]"
Add component (AddParameter): Name = "Price"; Value = "0.04"; VariantName = "[No Variations]"
Add component (AddParameter): Name = "Series"; Value = "-"; VariantName = "[No Variations]"
Add component (AddParameter): Name = "Speed"; Value = "Standard Recovery >500ns, > 200mA (Io)"; VariantName = "[No Variations]"
Add component (AddParameter): Name = "Supplier 1"; Value = "DigiKey"; VariantName = "[No Variations]"
Add component (AddParameter): Name = "Supplier Device Package"; Value = "DO-214AC (SMA)"; VariantName = "[No Variations]"
Add component (AddParameter): Name = "Supplier Part Number 1"; Value = "641-1018-1-ND"; VariantName = "[No Variations]"
Add component (AddParameter): Name = "Voltage - DC Reverse (Vr) (Max)"; Value = "1000 V"; VariantName = "[No Variations]"
Add component (AddParameter): Name = "Voltage - Forward (Vf) (Max) @ If"; Value = "1.1 V @ 1 A"; VariantName = "[No Variations]"
Added Component: Designator=D48(LEDC2012X70N)
Add component (AddParameter): Name = "Availability"; Value = "Unavailable"; VariantName = "[No Variations]"
Add component (AddParameter): Name = "MF"; Value = ""; VariantName = "[No Variations]"
Add component (AddParameter): Name = "MP"; Value = "597-3305-607F"; VariantName = "[No Variations]"
Add component (AddParameter): Name = "Package"; Value = "None"; VariantName = "[No Variations]"
Add component (AddParameter): Name = "Price"; Value = "None"; VariantName = "[No Variations]"
Add component (AddParameter): Name = "Value"; Value = ""; VariantName = "[No Variations]"
Added Component: Designator=D49(DO214AC SMA)
Add component (AddParameter): Name = "ComponentLink1Description"; Value = "Datasheet"; VariantName = "[No Variations]"
Add component (AddParameter): Name = "ComponentLink1URL"; Value = "http://www.comchiptech.com/admin/files/product/CGRA4001-G Thru647907. CGRA4007-G RevE.pdf"; VariantName = "[No Variations]"
Add component (AddParameter): Name = "ComponentLink2Description"; Value = "DigiKey Link"; VariantName = "[No Variations]"
Add component (AddParameter): Name = "ComponentLink2URL"; Value = "https://www.digikey.com/en/products/detail/comchip-technology/CGRA4007-G/1121050"; VariantName = "[No Variations]"
Add component (AddParameter): Name = "Current - Average Rectified (Io)"; Value = "1A"; VariantName = "[No Variations]"
Add component (AddParameter): Name = "Current - Reverse Leakage @ Vr"; Value = "5 µA @ 1000 V"; VariantName = "[No Variations]"
Add component (AddParameter): Name = "Diode Type"; Value = "Standard"; VariantName = "[No Variations]"
Add component (AddParameter): Name = "LastUpdated"; Value = "03-06-2024 7.54.36 PM"; VariantName = "[No Variations]"
Add component (AddParameter): Name = "Lifecycle Status"; Value = "Active"; VariantName = "[No Variations]"
Add component (AddParameter): Name = "Manufacturer"; Value = "Comchip Technology"; VariantName = "[No Variations]"
Add component (AddParameter): Name = "Minimum Order"; Value = "1"; VariantName = "[No Variations]"
Add component (AddParameter): Name = "Mounting Type"; Value = "Surface Mount"; VariantName = "[No Variations]"
Add component (AddParameter): Name = "Operating Temperature - Junction"; Value = "-55°C ~ 150°C"; VariantName = "[No Variations]"
Add component (AddParameter): Name = "Package / Case"; Value = "DO-214AC, SMA"; VariantName = "[No Variations]"
Add component (AddParameter): Name = "Packaging"; Value = "TapeAndReel"; VariantName = "[No Variations]"
Add component (AddParameter): Name = "Part Number"; Value = "CGRA4007-G"; VariantName = "[No Variations]"
Add component (AddParameter): Name = "Part Status"; Value = "Active"; VariantName = "[No Variations]"
Add component (AddParameter): Name = "PartId"; Value = "670"; VariantName = "[No Variations]"
Add component (AddParameter): Name = "Price"; Value = "0.04"; VariantName = "[No Variations]"
Add component (AddParameter): Name = "Series"; Value = "-"; VariantName = "[No Variations]"
Add component (AddParameter): Name = "Speed"; Value = "Standard Recovery >500ns, > 200mA (Io)"; VariantName = "[No Variations]"
Add component (AddParameter): Name = "Supplier 1"; Value = "DigiKey"; VariantName = "[No Variations]"
Add component (AddParameter): Name = "Supplier Device Package"; Value = "DO-214AC (SMA)"; VariantName = "[No Variations]"
Add component (AddParameter): Name = "Supplier Part Number 1"; Value = "641-1018-1-ND"; VariantName = "[No Variations]"
Add component (AddParameter): Name = "Voltage - DC Reverse (Vr) (Max)"; Value = "1000 V"; VariantName = "[No Variations]"
Add component (AddParameter): Name = "Voltage - Forward (Vf) (Max) @ If"; Value = "1.1 V @ 1 A"; VariantName = "[No Variations]"
Added Component: Designator=D50(LEDC2012X70N)
Add component (AddParameter): Name = "Availability"; Value = "Unavailable"; VariantName = "[No Variations]"
Add component (AddParameter): Name = "MF"; Value = ""; VariantName = "[No Variations]"
Add component (AddParameter): Name = "MP"; Value = "597-3305-607F"; VariantName = "[No Variations]"
Add component (AddParameter): Name = "Package"; Value = "None"; VariantName = "[No Variations]"
Add component (AddParameter): Name = "Price"; Value = "None"; VariantName = "[No Variations]"
Add component (AddParameter): Name = "Value"; Value = ""; VariantName = "[No Variations]"
Added Component: Designator=D51(DO214AC SMA)
Add component (AddParameter): Name = "ComponentLink1Description"; Value = "Datasheet"; VariantName = "[No Variations]"
Add component (AddParameter): Name = "ComponentLink1URL"; Value = "http://www.comchiptech.com/admin/files/product/CGRA4001-G Thru647907. CGRA4007-G RevE.pdf"; VariantName = "[No Variations]"
Add component (AddParameter): Name = "ComponentLink2Description"; Value = "DigiKey Link"; VariantName = "[No Variations]"
Add component (AddParameter): Name = "ComponentLink2URL"; Value = "https://www.digikey.com/en/products/detail/comchip-technology/CGRA4007-G/1121050"; VariantName = "[No Variations]"
Add component (AddParameter): Name = "Current - Average Rectified (Io)"; Value = "1A"; VariantName = "[No Variations]"
Add component (AddParameter): Name = "Current - Reverse Leakage @ Vr"; Value = "5 µA @ 1000 V"; VariantName = "[No Variations]"
Add component (AddParameter): Name = "Diode Type"; Value = "Standard"; VariantName = "[No Variations]"
Add component (AddParameter): Name = "LastUpdated"; Value = "03-06-2024 7.54.36 PM"; VariantName = "[No Variations]"
Add component (AddParameter): Name = "Lifecycle Status"; Value = "Active"; VariantName = "[No Variations]"
Add component (AddParameter): Name = "Manufacturer"; Value = "Comchip Technology"; VariantName = "[No Variations]"
Add component (AddParameter): Name = "Minimum Order"; Value = "1"; VariantName = "[No Variations]"
Add component (AddParameter): Name = "Mounting Type"; Value = "Surface Mount"; VariantName = "[No Variations]"
Add component (AddParameter): Name = "Operating Temperature - Junction"; Value = "-55°C ~ 150°C"; VariantName = "[No Variations]"
Add component (AddParameter): Name = "Package / Case"; Value = "DO-214AC, SMA"; VariantName = "[No Variations]"
Add component (AddParameter): Name = "Packaging"; Value = "TapeAndReel"; VariantName = "[No Variations]"
Add component (AddParameter): Name = "Part Number"; Value = "CGRA4007-G"; VariantName = "[No Variations]"
Add component (AddParameter): Name = "Part Status"; Value = "Active"; VariantName = "[No Variations]"
Add component (AddParameter): Name = "PartId"; Value = "670"; VariantName = "[No Variations]"
Add component (AddParameter): Name = "Price"; Value = "0.04"; VariantName = "[No Variations]"
Add component (AddParameter): Name = "Series"; Value = "-"; VariantName = "[No Variations]"
Add component (AddParameter): Name = "Speed"; Value = "Standard Recovery >500ns, > 200mA (Io)"; VariantName = "[No Variations]"
Add component (AddParameter): Name = "Supplier 1"; Value = "DigiKey"; VariantName = "[No Variations]"
Add component (AddParameter): Name = "Supplier Device Package"; Value = "DO-214AC (SMA)"; VariantName = "[No Variations]"
Add component (AddParameter): Name = "Supplier Part Number 1"; Value = "641-1018-1-ND"; VariantName = "[No Variations]"
Add component (AddParameter): Name = "Voltage - DC Reverse (Vr) (Max)"; Value = "1000 V"; VariantName = "[No Variations]"
Add component (AddParameter): Name = "Voltage - Forward (Vf) (Max) @ If"; Value = "1.1 V @ 1 A"; VariantName = "[No Variations]"
Added Component: Designator=D52(LEDC2012X70N)
Add component (AddParameter): Name = "Availability"; Value = "Unavailable"; VariantName = "[No Variations]"
Add component (AddParameter): Name = "MF"; Value = ""; VariantName = "[No Variations]"
Add component (AddParameter): Name = "MP"; Value = "597-3305-607F"; VariantName = "[No Variations]"
Add component (AddParameter): Name = "Package"; Value = "None"; VariantName = "[No Variations]"
Add component (AddParameter): Name = "Price"; Value = "None"; VariantName = "[No Variations]"
Add component (AddParameter): Name = "Value"; Value = ""; VariantName = "[No Variations]"
Added Component: Designator=D53(DO214AC SMA)
Add component (AddParameter): Name = "ComponentLink1Description"; Value = "Datasheet"; VariantName = "[No Variations]"
Add component (AddParameter): Name = "ComponentLink1URL"; Value = "http://www.comchiptech.com/admin/files/product/CGRA4001-G Thru647907. CGRA4007-G RevE.pdf"; VariantName = "[No Variations]"
Add component (AddParameter): Name = "ComponentLink2Description"; Value = "DigiKey Link"; VariantName = "[No Variations]"
Add component (AddParameter): Name = "ComponentLink2URL"; Value = "https://www.digikey.com/en/products/detail/comchip-technology/CGRA4007-G/1121050"; VariantName = "[No Variations]"
Add component (AddParameter): Name = "Current - Average Rectified (Io)"; Value = "1A"; VariantName = "[No Variations]"
Add component (AddParameter): Name = "Current - Reverse Leakage @ Vr"; Value = "5 µA @ 1000 V"; VariantName = "[No Variations]"
Add component (AddParameter): Name = "Diode Type"; Value = "Standard"; VariantName = "[No Variations]"
Add component (AddParameter): Name = "LastUpdated"; Value = "03-06-2024 7.54.36 PM"; VariantName = "[No Variations]"
Add component (AddParameter): Name = "Lifecycle Status"; Value = "Active"; VariantName = "[No Variations]"
Add component (AddParameter): Name = "Manufacturer"; Value = "Comchip Technology"; VariantName = "[No Variations]"
Add component (AddParameter): Name = "Minimum Order"; Value = "1"; VariantName = "[No Variations]"
Add component (AddParameter): Name = "Mounting Type"; Value = "Surface Mount"; VariantName = "[No Variations]"
Add component (AddParameter): Name = "Operating Temperature - Junction"; Value = "-55°C ~ 150°C"; VariantName = "[No Variations]"
Add component (AddParameter): Name = "Package / Case"; Value = "DO-214AC, SMA"; VariantName = "[No Variations]"
Add component (AddParameter): Name = "Packaging"; Value = "TapeAndReel"; VariantName = "[No Variations]"
Add component (AddParameter): Name = "Part Number"; Value = "CGRA4007-G"; VariantName = "[No Variations]"
Add component (AddParameter): Name = "Part Status"; Value = "Active"; VariantName = "[No Variations]"
Add component (AddParameter): Name = "PartId"; Value = "670"; VariantName = "[No Variations]"
Add component (AddParameter): Name = "Price"; Value = "0.04"; VariantName = "[No Variations]"
Add component (AddParameter): Name = "Series"; Value = "-"; VariantName = "[No Variations]"
Add component (AddParameter): Name = "Speed"; Value = "Standard Recovery >500ns, > 200mA (Io)"; VariantName = "[No Variations]"
Add component (AddParameter): Name = "Supplier 1"; Value = "DigiKey"; VariantName = "[No Variations]"
Add component (AddParameter): Name = "Supplier Device Package"; Value = "DO-214AC (SMA)"; VariantName = "[No Variations]"
Add component (AddParameter): Name = "Supplier Part Number 1"; Value = "641-1018-1-ND"; VariantName = "[No Variations]"
Add component (AddParameter): Name = "Voltage - DC Reverse (Vr) (Max)"; Value = "1000 V"; VariantName = "[No Variations]"
Add component (AddParameter): Name = "Voltage - Forward (Vf) (Max) @ If"; Value = "1.1 V @ 1 A"; VariantName = "[No Variations]"
Added Component: Designator=D54(LEDC2012X70N)
Add component (AddParameter): Name = "Availability"; Value = "Unavailable"; VariantName = "[No Variations]"
Add component (AddParameter): Name = "MF"; Value = ""; VariantName = "[No Variations]"
Add component (AddParameter): Name = "MP"; Value = "597-3305-607F"; VariantName = "[No Variations]"
Add component (AddParameter): Name = "Package"; Value = "None"; VariantName = "[No Variations]"
Add component (AddParameter): Name = "Price"; Value = "None"; VariantName = "[No Variations]"
Add component (AddParameter): Name = "Value"; Value = ""; VariantName = "[No Variations]"
Added Component: Designator=D55(DO214AC SMA)
Add component (AddParameter): Name = "ComponentLink1Description"; Value = "Datasheet"; VariantName = "[No Variations]"
Add component (AddParameter): Name = "ComponentLink1URL"; Value = "http://www.comchiptech.com/admin/files/product/CGRA4001-G Thru647907. CGRA4007-G RevE.pdf"; VariantName = "[No Variations]"
Add component (AddParameter): Name = "ComponentLink2Description"; Value = "DigiKey Link"; VariantName = "[No Variations]"
Add component (AddParameter): Name = "ComponentLink2URL"; Value = "https://www.digikey.com/en/products/detail/comchip-technology/CGRA4007-G/1121050"; VariantName = "[No Variations]"
Add component (AddParameter): Name = "Current - Average Rectified (Io)"; Value = "1A"; VariantName = "[No Variations]"
Add component (AddParameter): Name = "Current - Reverse Leakage @ Vr"; Value = "5 µA @ 1000 V"; VariantName = "[No Variations]"
Add component (AddParameter): Name = "Diode Type"; Value = "Standard"; VariantName = "[No Variations]"
Add component (AddParameter): Name = "LastUpdated"; Value = "03-06-2024 7.54.36 PM"; VariantName = "[No Variations]"
Add component (AddParameter): Name = "Lifecycle Status"; Value = "Active"; VariantName = "[No Variations]"
Add component (AddParameter): Name = "Manufacturer"; Value = "Comchip Technology"; VariantName = "[No Variations]"
Add component (AddParameter): Name = "Minimum Order"; Value = "1"; VariantName = "[No Variations]"
Add component (AddParameter): Name = "Mounting Type"; Value = "Surface Mount"; VariantName = "[No Variations]"
Add component (AddParameter): Name = "Operating Temperature - Junction"; Value = "-55°C ~ 150°C"; VariantName = "[No Variations]"
Add component (AddParameter): Name = "Package / Case"; Value = "DO-214AC, SMA"; VariantName = "[No Variations]"
Add component (AddParameter): Name = "Packaging"; Value = "TapeAndReel"; VariantName = "[No Variations]"
Add component (AddParameter): Name = "Part Number"; Value = "CGRA4007-G"; VariantName = "[No Variations]"
Add component (AddParameter): Name = "Part Status"; Value = "Active"; VariantName = "[No Variations]"
Add component (AddParameter): Name = "PartId"; Value = "670"; VariantName = "[No Variations]"
Add component (AddParameter): Name = "Price"; Value = "0.04"; VariantName = "[No Variations]"
Add component (AddParameter): Name = "Series"; Value = "-"; VariantName = "[No Variations]"
Add component (AddParameter): Name = "Speed"; Value = "Standard Recovery >500ns, > 200mA (Io)"; VariantName = "[No Variations]"
Add component (AddParameter): Name = "Supplier 1"; Value = "DigiKey"; VariantName = "[No Variations]"
Add component (AddParameter): Name = "Supplier Device Package"; Value = "DO-214AC (SMA)"; VariantName = "[No Variations]"
Add component (AddParameter): Name = "Supplier Part Number 1"; Value = "641-1018-1-ND"; VariantName = "[No Variations]"
Add component (AddParameter): Name = "Voltage - DC Reverse (Vr) (Max)"; Value = "1000 V"; VariantName = "[No Variations]"
Add component (AddParameter): Name = "Voltage - Forward (Vf) (Max) @ If"; Value = "1.1 V @ 1 A"; VariantName = "[No Variations]"
Added Component: Designator=D56(SOIC245P670X290-4N)
Add component (AddParameter): Name = "Check_prices"; Value = "https://www.snapeda.com/parts/MB10S/Diotec/view-part/?ref=eda"; VariantName = "[No Variations]"
Add component (AddParameter): Name = "MF"; Value = "Diotec Semiconductor"; VariantName = "[No Variations]"
Add component (AddParameter): Name = "MP"; Value = "MB10S"; VariantName = "[No Variations]"
Add component (AddParameter): Name = "Package"; Value = "TO-269AA Diotec"; VariantName = "[No Variations]"
Add component (AddParameter): Name = "SnapEDA_Link"; Value = "https://www.snapeda.com/parts/MB10S/Diotec/view-part/?ref=snap"; VariantName = "[No Variations]"
Add component (AddParameter): Name = "Value"; Value = ""; VariantName = "[No Variations]"
Added Component: Designator=D57(DIO_SZMMSZ5227BT1G)
Add component (AddParameter): Name = "Availability"; Value = "Unavailable"; VariantName = "[No Variations]"
Add component (AddParameter): Name = "MF"; Value = ""; VariantName = "[No Variations]"
Add component (AddParameter): Name = "MP"; Value = "SZMMSZ5227BT1G"; VariantName = "[No Variations]"
Add component (AddParameter): Name = "Package"; Value = "None"; VariantName = "[No Variations]"
Add component (AddParameter): Name = "Price"; Value = "None"; VariantName = "[No Variations]"
Add component (AddParameter): Name = "Value"; Value = ""; VariantName = "[No Variations]"
Added Component: Designator=D58(SODFL4725X110N)
Add component (AddParameter): Name = "Check_prices"; Value = "https://www.snapeda.com/parts/SS54FSH%20M2G/taiwan/view-part/?ref=eda"; VariantName = "[No Variations]"
Add component (AddParameter): Name = "MF"; Value = "Taiwan Semiconductor"; VariantName = "[No Variations]"
Add component (AddParameter): Name = "MP"; Value = "SS54FSH M2G"; VariantName = "[No Variations]"
Add component (AddParameter): Name = "Package"; Value = "None"; VariantName = "[No Variations]"
Add component (AddParameter): Name = "SnapEDA_Link"; Value = "https://www.snapeda.com/parts/SS54FSH%20M2G/taiwan/view-part/?ref=snap"; VariantName = "[No Variations]"
Add component (AddParameter): Name = "Value"; Value = ""; VariantName = "[No Variations]"
Added Component: Designator=D59(LEDC2012X70N)
Add component (AddParameter): Name = "Availability"; Value = "Unavailable"; VariantName = "[No Variations]"
Add component (AddParameter): Name = "MF"; Value = ""; VariantName = "[No Variations]"
Add component (AddParameter): Name = "MP"; Value = "597-3305-607F"; VariantName = "[No Variations]"
Add component (AddParameter): Name = "Package"; Value = "None"; VariantName = "[No Variations]"
Add component (AddParameter): Name = "Price"; Value = "None"; VariantName = "[No Variations]"
Add component (AddParameter): Name = "Value"; Value = ""; VariantName = "[No Variations]"
Added Component: Designator=D60(DIOM5226X220N)
Add component (AddParameter): Name = "Check_prices"; Value = "https://www.snapeda.com/parts/SZ1SMA5918BT3G/Onsemi/view-part/?ref=eda"; VariantName = "[No Variations]"
Add component (AddParameter): Name = "MF"; Value = "ON Semiconductor"; VariantName = "[No Variations]"
Add component (AddParameter): Name = "MP"; Value = "SZ1SMA5918BT3G"; VariantName = "[No Variations]"
Add component (AddParameter): Name = "Package"; Value = "SMA-2 ON Semiconductor"; VariantName = "[No Variations]"
Add component (AddParameter): Name = "SnapEDA_Link"; Value = "https://www.snapeda.com/parts/SZ1SMA5918BT3G/Onsemi/view-part/?ref=snap"; VariantName = "[No Variations]"
Add component (AddParameter): Name = "Value"; Value = ""; VariantName = "[No Variations]"
Added Component: Designator=D61(SODFL4725X110N)
Add component (AddParameter): Name = "Check_prices"; Value = "https://www.snapeda.com/parts/SS54FSH%20M2G/taiwan/view-part/?ref=eda"; VariantName = "[No Variations]"
Add component (AddParameter): Name = "MF"; Value = "Taiwan Semiconductor"; VariantName = "[No Variations]"
Add component (AddParameter): Name = "MP"; Value = "SS54FSH M2G"; VariantName = "[No Variations]"
Add component (AddParameter): Name = "Package"; Value = "None"; VariantName = "[No Variations]"
Add component (AddParameter): Name = "SnapEDA_Link"; Value = "https://www.snapeda.com/parts/SS54FSH%20M2G/taiwan/view-part/?ref=snap"; VariantName = "[No Variations]"
Add component (AddParameter): Name = "Value"; Value = ""; VariantName = "[No Variations]"
Added Component: Designator=D62(LEDC2012X70N)
Add component (AddParameter): Name = "Availability"; Value = "Unavailable"; VariantName = "[No Variations]"
Add component (AddParameter): Name = "MF"; Value = ""; VariantName = "[No Variations]"
Add component (AddParameter): Name = "MP"; Value = "597-3305-607F"; VariantName = "[No Variations]"
Add component (AddParameter): Name = "Package"; Value = "None"; VariantName = "[No Variations]"
Add component (AddParameter): Name = "Price"; Value = "None"; VariantName = "[No Variations]"
Add component (AddParameter): Name = "Value"; Value = ""; VariantName = "[No Variations]"
Added Component: Designator=F1(FUSE 1206_3216 0.6MM)
Add component (AddParameter): Name = "Approval Agency"; Value = "cURus"; VariantName = "[No Variations]"
Add component (AddParameter): Name = "Approvals"; Value = "cURus"; VariantName = "[No Variations]"
Add component (AddParameter): Name = "Breaking Capacity @ Rated Voltage"; Value = "50A"; VariantName = "[No Variations]"
Add component (AddParameter): Name = "ComponentLink1Description"; Value = "Datasheet"; VariantName = "[No Variations]"
Add component (AddParameter): Name = "ComponentLink1URL"; Value = "http://www.cooperindustries.com/content/dam/public/bussmann/Electronics/Resources/product-datasheets/Bus_Elx_DS_4309_CC12H_Series.pdf"; VariantName = "[No Variations]"
Add component (AddParameter): Name = "ComponentLink2Description"; Value = "DigiKey Link"; VariantName = "[No Variations]"
Add component (AddParameter): Name = "ComponentLink2URL"; Value = "http://digikey.com/product-detail/en/eaton-electronics-division/CC12H1.5A-TR/283-2979-1-ND/2138910"; VariantName = "[No Variations]"
Add component (AddParameter): Name = "Current Rating (Amps)"; Value = "1.5A"; VariantName = "[No Variations]"
Add component (AddParameter): Name = "Device Package"; Value = "1206 (3216 Metric)"; VariantName = "[No Variations]"
Add component (AddParameter): Name = "Fuse Type"; Value = "Board Mount (Cartridge Style Excluded)"; VariantName = "[No Variations]"
Add component (AddParameter): Name = "LastUpdated"; Value = "02-09-2020 1.30.41 AM"; VariantName = "[No Variations]"
Add component (AddParameter): Name = "Lifecycle Status"; Value = "Active"; VariantName = "[No Variations]"
Add component (AddParameter): Name = "Manufacturer"; Value = "Eaton - Electronics Division"; VariantName = "[No Variations]"
Add component (AddParameter): Name = "Melting I²t"; Value = "0.4"; VariantName = "[No Variations]"
Add component (AddParameter): Name = "Minimum Order"; Value = "1"; VariantName = "[No Variations]"
Add component (AddParameter): Name = "Mounting Type"; Value = "Surface Mount"; VariantName = "[No Variations]"
Add component (AddParameter): Name = "Operating Temperature"; Value = "-55°C ~ 125°C"; VariantName = "[No Variations]"
Add component (AddParameter): Name = "Package / Case"; Value = "1206 (3216 Metric)"; VariantName = "[No Variations]"
Add component (AddParameter): Name = "Packaging"; Value = "TapeAndReel"; VariantName = "[No Variations]"
Add component (AddParameter): Name = "Part Number"; Value = "CC12H1.5A-TR"; VariantName = "[No Variations]"
Add component (AddParameter): Name = "Part Status"; Value = "Active"; VariantName = "[No Variations]"
Add component (AddParameter): Name = "Price"; Value = "0.39"; VariantName = "[No Variations]"
Add component (AddParameter): Name = "Response Time"; Value = "Slow Blow"; VariantName = "[No Variations]"
Add component (AddParameter): Name = "Series"; Value = "CC12H"; VariantName = "[No Variations]"
Add component (AddParameter): Name = "Size / Dimension"; Value = "0.126" L x 0.063" W x 0.024" H (3.20mm x 1.60mm x 0.60mm)"; VariantName = "[No Variations]"
Add component (AddParameter): Name = "Supplier 1"; Value = "DigiKey"; VariantName = "[No Variations]"
Add component (AddParameter): Name = "Supplier Part Number 1"; Value = "283-2979-1-ND"; VariantName = "[No Variations]"
Add component (AddParameter): Name = "Voltage Rating - DC"; Value = "63V"; VariantName = "[No Variations]"
Added Component: Designator=F2(FUSE 1206_3216 0.6MM)
Add component (AddParameter): Name = "Approval Agency"; Value = "cURus, VDE"; VariantName = "[No Variations]"
Add component (AddParameter): Name = "Approvals"; Value = "cURus, VDE"; VariantName = "[No Variations]"
Add component (AddParameter): Name = "Breaking Capacity @ Rated Voltage"; Value = "63A"; VariantName = "[No Variations]"
Add component (AddParameter): Name = "ComponentLink1Description"; Value = "Datasheet"; VariantName = "[No Variations]"
Add component (AddParameter): Name = "ComponentLink1URL"; Value = "https://us.schurter.com/pdf/english/typ_USI_1206.pdf"; VariantName = "[No Variations]"
Add component (AddParameter): Name = "ComponentLink2Description"; Value = "DigiKey Link"; VariantName = "[No Variations]"
Add component (AddParameter): Name = "ComponentLink2URL"; Value = "http://digikey.com/product-detail/en/schurter-inc/3413.0220.22/486-1148-1-ND/1522980"; VariantName = "[No Variations]"
Add component (AddParameter): Name = "Current Rating (Amps)"; Value = "2.5A"; VariantName = "[No Variations]"
Add component (AddParameter): Name = "Device Package"; Value = "1206 (3216 Metric)"; VariantName = "[No Variations]"
Add component (AddParameter): Name = "Fuse Type"; Value = "Board Mount (Cartridge Style Excluded)"; VariantName = "[No Variations]"
Add component (AddParameter): Name = "LastUpdated"; Value = "02-09-2020 1.30.41 AM"; VariantName = "[No Variations]"
Add component (AddParameter): Name = "Lifecycle Status"; Value = "Active"; VariantName = "[No Variations]"
Add component (AddParameter): Name = "Manufacturer"; Value = "Schurter Inc."; VariantName = "[No Variations]"
Add component (AddParameter): Name = "Melting I²t"; Value = "0.94"; VariantName = "[No Variations]"
Add component (AddParameter): Name = "Minimum Order"; Value = "1"; VariantName = "[No Variations]"
Add component (AddParameter): Name = "Mounting Type"; Value = "Surface Mount"; VariantName = "[No Variations]"
Add component (AddParameter): Name = "Operating Temperature"; Value = "-55°C ~ 90°C"; VariantName = "[No Variations]"
Add component (AddParameter): Name = "Package / Case"; Value = "1206 (3216 Metric)"; VariantName = "[No Variations]"
Add component (AddParameter): Name = "Packaging"; Value = "TapeAndReel"; VariantName = "[No Variations]"
Add component (AddParameter): Name = "Part Number"; Value = "3413.0220.22"; VariantName = "[No Variations]"
Add component (AddParameter): Name = "Part Status"; Value = "Active"; VariantName = "[No Variations]"
Add component (AddParameter): Name = "Price"; Value = "0.26"; VariantName = "[No Variations]"
Add component (AddParameter): Name = "Response Time"; Value = "Fast Blow"; VariantName = "[No Variations]"
Add component (AddParameter): Name = "Series"; Value = "USI 1206"; VariantName = "[No Variations]"
Add component (AddParameter): Name = "Size / Dimension"; Value = "0.126" L x 0.063" W x 0.024" H (3.20mm x 1.60mm x 0.60mm)"; VariantName = "[No Variations]"
Add component (AddParameter): Name = "Supplier 1"; Value = "DigiKey"; VariantName = "[No Variations]"
Add component (AddParameter): Name = "Supplier Part Number 1"; Value = "486-1148-1-ND"; VariantName = "[No Variations]"
Add component (AddParameter): Name = "Voltage Rating - AC"; Value = "32V"; VariantName = "[No Variations]"
Add component (AddParameter): Name = "Voltage Rating - DC"; Value = "63V"; VariantName = "[No Variations]"
Added Component: Designator=F3(FUSE 1206_3216 0.6MM)
Add component (AddParameter): Name = "Approval Agency"; Value = "cURus, VDE"; VariantName = "[No Variations]"
Add component (AddParameter): Name = "Approvals"; Value = "cURus, VDE"; VariantName = "[No Variations]"
Add component (AddParameter): Name = "Breaking Capacity @ Rated Voltage"; Value = "63A"; VariantName = "[No Variations]"
Add component (AddParameter): Name = "ComponentLink1Description"; Value = "Datasheet"; VariantName = "[No Variations]"
Add component (AddParameter): Name = "ComponentLink1URL"; Value = "https://us.schurter.com/pdf/english/typ_USI_1206.pdf"; VariantName = "[No Variations]"
Add component (AddParameter): Name = "ComponentLink2Description"; Value = "DigiKey Link"; VariantName = "[No Variations]"
Add component (AddParameter): Name = "ComponentLink2URL"; Value = "http://digikey.com/product-detail/en/schurter-inc/3413.0220.22/486-1148-1-ND/1522980"; VariantName = "[No Variations]"
Add component (AddParameter): Name = "Current Rating (Amps)"; Value = "2.5A"; VariantName = "[No Variations]"
Add component (AddParameter): Name = "Device Package"; Value = "1206 (3216 Metric)"; VariantName = "[No Variations]"
Add component (AddParameter): Name = "Fuse Type"; Value = "Board Mount (Cartridge Style Excluded)"; VariantName = "[No Variations]"
Add component (AddParameter): Name = "LastUpdated"; Value = "02-09-2020 1.30.41 AM"; VariantName = "[No Variations]"
Add component (AddParameter): Name = "Lifecycle Status"; Value = "Active"; VariantName = "[No Variations]"
Add component (AddParameter): Name = "Manufacturer"; Value = "Schurter Inc."; VariantName = "[No Variations]"
Add component (AddParameter): Name = "Melting I²t"; Value = "0.94"; VariantName = "[No Variations]"
Add component (AddParameter): Name = "Minimum Order"; Value = "1"; VariantName = "[No Variations]"
Add component (AddParameter): Name = "Mounting Type"; Value = "Surface Mount"; VariantName = "[No Variations]"
Add component (AddParameter): Name = "Operating Temperature"; Value = "-55°C ~ 90°C"; VariantName = "[No Variations]"
Add component (AddParameter): Name = "Package / Case"; Value = "1206 (3216 Metric)"; VariantName = "[No Variations]"
Add component (AddParameter): Name = "Packaging"; Value = "TapeAndReel"; VariantName = "[No Variations]"
Add component (AddParameter): Name = "Part Number"; Value = "3413.0220.22"; VariantName = "[No Variations]"
Add component (AddParameter): Name = "Part Status"; Value = "Active"; VariantName = "[No Variations]"
Add component (AddParameter): Name = "Price"; Value = "0.26"; VariantName = "[No Variations]"
Add component (AddParameter): Name = "Response Time"; Value = "Fast Blow"; VariantName = "[No Variations]"
Add component (AddParameter): Name = "Series"; Value = "USI 1206"; VariantName = "[No Variations]"
Add component (AddParameter): Name = "Size / Dimension"; Value = "0.126" L x 0.063" W x 0.024" H (3.20mm x 1.60mm x 0.60mm)"; VariantName = "[No Variations]"
Add component (AddParameter): Name = "Supplier 1"; Value = "DigiKey"; VariantName = "[No Variations]"
Add component (AddParameter): Name = "Supplier Part Number 1"; Value = "486-1148-1-ND"; VariantName = "[No Variations]"
Add component (AddParameter): Name = "Voltage Rating - AC"; Value = "32V"; VariantName = "[No Variations]"
Add component (AddParameter): Name = "Voltage Rating - DC"; Value = "63V"; VariantName = "[No Variations]"
Added Component: Designator=J6(HARWIN_S8421-45R)
Add component (AddParameter): Name = "Check_prices"; Value = "https://www.snapeda.com/parts/S8421-45R/Harwin+Inc./view-part/?ref=eda"; VariantName = "[No Variations]"
Add component (AddParameter): Name = "MF"; Value = "Harwin"; VariantName = "[No Variations]"
Add component (AddParameter): Name = "MP"; Value = "S8421-45R"; VariantName = "[No Variations]"
Add component (AddParameter): Name = "Package"; Value = "None"; VariantName = "[No Variations]"
Add component (AddParameter): Name = "SnapEDA_Link"; Value = "https://www.snapeda.com/parts/S8421-45R/Harwin+Inc./view-part/?ref=snap"; VariantName = "[No Variations]"
Add component (AddParameter): Name = "Value"; Value = ""; VariantName = "[No Variations]"
Added Component: Designator=J13(FCI 06-381-6PIN)
Add component (AddParameter): Name = "Color"; Value = "Green"; VariantName = "[No Variations]"
Add component (AddParameter): Name = "ComponentLink1Description"; Value = "Datasheet"; VariantName = "[No Variations]"
Add component (AddParameter): Name = "ComponentLink1URL"; Value = "http://portal.fciconnect.com/Comergent//fci/drawing/oqxx32x100j0g.pdf"; VariantName = "[No Variations]"
Add component (AddParameter): Name = "ComponentLink2Description"; Value = "DigiKey Link"; VariantName = "[No Variations]"
Add component (AddParameter): Name = "ComponentLink2URL"; Value = "//digikey.com/product-detail/en/amphenol-anytek/OQ0632510000G/609-3823-ND/2261282"; VariantName = "[No Variations]"
Add component (AddParameter): Name = "Contact Mating Finish"; Value = "Tin"; VariantName = "[No Variations]"
Add component (AddParameter): Name = "Current - UL"; Value = "10A"; VariantName = "[No Variations]"
Add component (AddParameter): Name = "Header Orientation"; Value = "90°, Right Angle"; VariantName = "[No Variations]"
Add component (AddParameter): Name = "LastUpdated"; Value = "16-12-2019 7.16.11 PM"; VariantName = "[No Variations]"
Add component (AddParameter): Name = "Lifecycle Status"; Value = "0"; VariantName = "[No Variations]"
Add component (AddParameter): Name = "Manufacturer"; Value = "Amphenol Anytek"; VariantName = "[No Variations]"
Add component (AddParameter): Name = "Minimum Order"; Value = "1"; VariantName = "[No Variations]"
Add component (AddParameter): Name = "Mounting Type"; Value = "Through Hole"; VariantName = "[No Variations]"
Add component (AddParameter): Name = "Number of Levels"; Value = "1"; VariantName = "[No Variations]"
Add component (AddParameter): Name = "Number of Positions"; Value = "6"; VariantName = "[No Variations]"
Add component (AddParameter): Name = "Operating Temperature"; Value = "-40°C ~ 115°C"; VariantName = "[No Variations]"
Add component (AddParameter): Name = "Packaging"; Value = "Bulk"; VariantName = "[No Variations]"
Add component (AddParameter): Name = "Part Number"; Value = "OQ0632510000G"; VariantName = "[No Variations]"
Add component (AddParameter): Name = "Part Status"; Value = "Active"; VariantName = "[No Variations]"
Add component (AddParameter): Name = "Pitch"; Value = "0.150" (3.81mm)"; VariantName = "[No Variations]"
Add component (AddParameter): Name = "Positions Per Level"; Value = "6"; VariantName = "[No Variations]"
Add component (AddParameter): Name = "Price"; Value = "0.80"; VariantName = "[No Variations]"
Add component (AddParameter): Name = "Series"; Value = "06-381"; VariantName = "[No Variations]"
Add component (AddParameter): Name = "Supplier 1"; Value = "DigiKey"; VariantName = "[No Variations]"
Add component (AddParameter): Name = "Supplier Part Number 1"; Value = "609-3823-ND"; VariantName = "[No Variations]"
Add component (AddParameter): Name = "Termination Style"; Value = "Solder"; VariantName = "[No Variations]"
Add component (AddParameter): Name = "Type"; Value = "Header, Male Pins, Shrouded (4 Side)"; VariantName = "[No Variations]"
Add component (AddParameter): Name = "Voltage - UL"; Value = "300V"; VariantName = "[No Variations]"
Added Component: Designator=J15(FCI 06-381-6PIN)
Add component (AddParameter): Name = "Color"; Value = "Green"; VariantName = "[No Variations]"
Add component (AddParameter): Name = "ComponentLink1Description"; Value = "Datasheet"; VariantName = "[No Variations]"
Add component (AddParameter): Name = "ComponentLink1URL"; Value = "http://portal.fciconnect.com/Comergent//fci/drawing/oqxx32x100j0g.pdf"; VariantName = "[No Variations]"
Add component (AddParameter): Name = "ComponentLink2Description"; Value = "DigiKey Link"; VariantName = "[No Variations]"
Add component (AddParameter): Name = "ComponentLink2URL"; Value = "//digikey.com/product-detail/en/amphenol-anytek/OQ0632510000G/609-3823-ND/2261282"; VariantName = "[No Variations]"
Add component (AddParameter): Name = "Contact Mating Finish"; Value = "Tin"; VariantName = "[No Variations]"
Add component (AddParameter): Name = "Current - UL"; Value = "10A"; VariantName = "[No Variations]"
Add component (AddParameter): Name = "Header Orientation"; Value = "90°, Right Angle"; VariantName = "[No Variations]"
Add component (AddParameter): Name = "LastUpdated"; Value = "16-12-2019 7.16.11 PM"; VariantName = "[No Variations]"
Add component (AddParameter): Name = "Lifecycle Status"; Value = "0"; VariantName = "[No Variations]"
Add component (AddParameter): Name = "Manufacturer"; Value = "Amphenol Anytek"; VariantName = "[No Variations]"
Add component (AddParameter): Name = "Minimum Order"; Value = "1"; VariantName = "[No Variations]"
Add component (AddParameter): Name = "Mounting Type"; Value = "Through Hole"; VariantName = "[No Variations]"
Add component (AddParameter): Name = "Number of Levels"; Value = "1"; VariantName = "[No Variations]"
Add component (AddParameter): Name = "Number of Positions"; Value = "6"; VariantName = "[No Variations]"
Add component (AddParameter): Name = "Operating Temperature"; Value = "-40°C ~ 115°C"; VariantName = "[No Variations]"
Add component (AddParameter): Name = "Packaging"; Value = "Bulk"; VariantName = "[No Variations]"
Add component (AddParameter): Name = "Part Number"; Value = "OQ0632510000G"; VariantName = "[No Variations]"
Add component (AddParameter): Name = "Part Status"; Value = "Active"; VariantName = "[No Variations]"
Add component (AddParameter): Name = "Pitch"; Value = "0.150" (3.81mm)"; VariantName = "[No Variations]"
Add component (AddParameter): Name = "Positions Per Level"; Value = "6"; VariantName = "[No Variations]"
Add component (AddParameter): Name = "Price"; Value = "0.80"; VariantName = "[No Variations]"
Add component (AddParameter): Name = "Series"; Value = "06-381"; VariantName = "[No Variations]"
Add component (AddParameter): Name = "Supplier 1"; Value = "DigiKey"; VariantName = "[No Variations]"
Add component (AddParameter): Name = "Supplier Part Number 1"; Value = "609-3823-ND"; VariantName = "[No Variations]"
Add component (AddParameter): Name = "Termination Style"; Value = "Solder"; VariantName = "[No Variations]"
Add component (AddParameter): Name = "Type"; Value = "Header, Male Pins, Shrouded (4 Side)"; VariantName = "[No Variations]"
Add component (AddParameter): Name = "Voltage - UL"; Value = "300V"; VariantName = "[No Variations]"
Added Component: Designator=J17(FCI 06-381-6PIN)
Add component (AddParameter): Name = "Color"; Value = "Green"; VariantName = "[No Variations]"
Add component (AddParameter): Name = "ComponentLink1Description"; Value = "Datasheet"; VariantName = "[No Variations]"
Add component (AddParameter): Name = "ComponentLink1URL"; Value = "http://portal.fciconnect.com/Comergent//fci/drawing/oqxx32x100j0g.pdf"; VariantName = "[No Variations]"
Add component (AddParameter): Name = "ComponentLink2Description"; Value = "DigiKey Link"; VariantName = "[No Variations]"
Add component (AddParameter): Name = "ComponentLink2URL"; Value = "//digikey.com/product-detail/en/amphenol-anytek/OQ0632510000G/609-3823-ND/2261282"; VariantName = "[No Variations]"
Add component (AddParameter): Name = "Contact Mating Finish"; Value = "Tin"; VariantName = "[No Variations]"
Add component (AddParameter): Name = "Current - UL"; Value = "10A"; VariantName = "[No Variations]"
Add component (AddParameter): Name = "Header Orientation"; Value = "90°, Right Angle"; VariantName = "[No Variations]"
Add component (AddParameter): Name = "LastUpdated"; Value = "16-12-2019 7.16.11 PM"; VariantName = "[No Variations]"
Add component (AddParameter): Name = "Lifecycle Status"; Value = "0"; VariantName = "[No Variations]"
Add component (AddParameter): Name = "Manufacturer"; Value = "Amphenol Anytek"; VariantName = "[No Variations]"
Add component (AddParameter): Name = "Minimum Order"; Value = "1"; VariantName = "[No Variations]"
Add component (AddParameter): Name = "Mounting Type"; Value = "Through Hole"; VariantName = "[No Variations]"
Add component (AddParameter): Name = "Number of Levels"; Value = "1"; VariantName = "[No Variations]"
Add component (AddParameter): Name = "Number of Positions"; Value = "6"; VariantName = "[No Variations]"
Add component (AddParameter): Name = "Operating Temperature"; Value = "-40°C ~ 115°C"; VariantName = "[No Variations]"
Add component (AddParameter): Name = "Packaging"; Value = "Bulk"; VariantName = "[No Variations]"
Add component (AddParameter): Name = "Part Number"; Value = "OQ0632510000G"; VariantName = "[No Variations]"
Add component (AddParameter): Name = "Part Status"; Value = "Active"; VariantName = "[No Variations]"
Add component (AddParameter): Name = "Pitch"; Value = "0.150" (3.81mm)"; VariantName = "[No Variations]"
Add component (AddParameter): Name = "Positions Per Level"; Value = "6"; VariantName = "[No Variations]"
Add component (AddParameter): Name = "Price"; Value = "0.80"; VariantName = "[No Variations]"
Add component (AddParameter): Name = "Series"; Value = "06-381"; VariantName = "[No Variations]"
Add component (AddParameter): Name = "Supplier 1"; Value = "DigiKey"; VariantName = "[No Variations]"
Add component (AddParameter): Name = "Supplier Part Number 1"; Value = "609-3823-ND"; VariantName = "[No Variations]"
Add component (AddParameter): Name = "Termination Style"; Value = "Solder"; VariantName = "[No Variations]"
Add component (AddParameter): Name = "Type"; Value = "Header, Male Pins, Shrouded (4 Side)"; VariantName = "[No Variations]"
Add component (AddParameter): Name = "Voltage - UL"; Value = "300V"; VariantName = "[No Variations]"
Added Component: Designator=J18(FCI 06-381-6PIN)
Add component (AddParameter): Name = "Color"; Value = "Green"; VariantName = "[No Variations]"
Add component (AddParameter): Name = "ComponentLink1Description"; Value = "Datasheet"; VariantName = "[No Variations]"
Add component (AddParameter): Name = "ComponentLink1URL"; Value = "http://portal.fciconnect.com/Comergent//fci/drawing/oqxx32x100j0g.pdf"; VariantName = "[No Variations]"
Add component (AddParameter): Name = "ComponentLink2Description"; Value = "DigiKey Link"; VariantName = "[No Variations]"
Add component (AddParameter): Name = "ComponentLink2URL"; Value = "//digikey.com/product-detail/en/amphenol-anytek/OQ0632510000G/609-3823-ND/2261282"; VariantName = "[No Variations]"
Add component (AddParameter): Name = "Contact Mating Finish"; Value = "Tin"; VariantName = "[No Variations]"
Add component (AddParameter): Name = "Current - UL"; Value = "10A"; VariantName = "[No Variations]"
Add component (AddParameter): Name = "Header Orientation"; Value = "90°, Right Angle"; VariantName = "[No Variations]"
Add component (AddParameter): Name = "LastUpdated"; Value = "16-12-2019 7.16.11 PM"; VariantName = "[No Variations]"
Add component (AddParameter): Name = "Lifecycle Status"; Value = "0"; VariantName = "[No Variations]"
Add component (AddParameter): Name = "Manufacturer"; Value = "Amphenol Anytek"; VariantName = "[No Variations]"
Add component (AddParameter): Name = "Minimum Order"; Value = "1"; VariantName = "[No Variations]"
Add component (AddParameter): Name = "Mounting Type"; Value = "Through Hole"; VariantName = "[No Variations]"
Add component (AddParameter): Name = "Number of Levels"; Value = "1"; VariantName = "[No Variations]"
Add component (AddParameter): Name = "Number of Positions"; Value = "6"; VariantName = "[No Variations]"
Add component (AddParameter): Name = "Operating Temperature"; Value = "-40°C ~ 115°C"; VariantName = "[No Variations]"
Add component (AddParameter): Name = "Packaging"; Value = "Bulk"; VariantName = "[No Variations]"
Add component (AddParameter): Name = "Part Number"; Value = "OQ0632510000G"; VariantName = "[No Variations]"
Add component (AddParameter): Name = "Part Status"; Value = "Active"; VariantName = "[No Variations]"
Add component (AddParameter): Name = "Pitch"; Value = "0.150" (3.81mm)"; VariantName = "[No Variations]"
Add component (AddParameter): Name = "Positions Per Level"; Value = "6"; VariantName = "[No Variations]"
Add component (AddParameter): Name = "Price"; Value = "0.80"; VariantName = "[No Variations]"
Add component (AddParameter): Name = "Series"; Value = "06-381"; VariantName = "[No Variations]"
Add component (AddParameter): Name = "Supplier 1"; Value = "DigiKey"; VariantName = "[No Variations]"
Add component (AddParameter): Name = "Supplier Part Number 1"; Value = "609-3823-ND"; VariantName = "[No Variations]"
Add component (AddParameter): Name = "Termination Style"; Value = "Solder"; VariantName = "[No Variations]"
Add component (AddParameter): Name = "Type"; Value = "Header, Male Pins, Shrouded (4 Side)"; VariantName = "[No Variations]"
Add component (AddParameter): Name = "Voltage - UL"; Value = "300V"; VariantName = "[No Variations]"
Added Component: Designator=J19(TE 282837-2)
Add component (AddParameter): Name = "Color"; Value = "Green"; VariantName = "[No Variations]"
Add component (AddParameter): Name = "ComponentLink1Description"; Value = "Datasheet"; VariantName = "[No Variations]"
Add component (AddParameter): Name = "ComponentLink1URL"; Value = "https://www.te.com/commerce/DocumentDelivery/DDEController?Action=srchrtrv&DocNm=282837&DocType=Customer+Drawing&DocLang=English"; VariantName = "[No Variations]"
Add component (AddParameter): Name = "ComponentLink2Description"; Value = "DigiKey Link"; VariantName = "[No Variations]"
Add component (AddParameter): Name = "ComponentLink2URL"; Value = "https://www.digikey.com/en/products/detail/te-connectivity-amp-connectors/282837-2/2187973"; VariantName = "[No Variations]"
Add component (AddParameter): Name = "Current"; Value = "13.5 A"; VariantName = "[No Variations]"
Add component (AddParameter): Name = "Features"; Value = "Interlocking (Side)"; VariantName = "[No Variations]"
Add component (AddParameter): Name = "LastUpdated"; Value = "21-06-2022 3.00.23 PM"; VariantName = "[No Variations]"
Add component (AddParameter): Name = "Lifecycle Status"; Value = "Active"; VariantName = "[No Variations]"
Add component (AddParameter): Name = "Manufacturer"; Value = "TE Connectivity AMP Connectors"; VariantName = "[No Variations]"
Add component (AddParameter): Name = "Mating Orientation"; Value = "Horizontal with Board"; VariantName = "[No Variations]"
Add component (AddParameter): Name = "Minimum Order"; Value = "1"; VariantName = "[No Variations]"
Add component (AddParameter): Name = "Mounting Type"; Value = "Through Hole"; VariantName = "[No Variations]"
Add component (AddParameter): Name = "Number of Levels"; Value = "1"; VariantName = "[No Variations]"
Add component (AddParameter): Name = "Packaging"; Value = "Tray"; VariantName = "[No Variations]"
Add component (AddParameter): Name = "Part Number"; Value = "282837-2"; VariantName = "[No Variations]"
Add component (AddParameter): Name = "Part Status"; Value = "Active"; VariantName = "[No Variations]"
Add component (AddParameter): Name = "Pitch"; Value = "0.200" (5.08mm)"; VariantName = "[No Variations]"
Add component (AddParameter): Name = "Positions Per Level"; Value = "2"; VariantName = "[No Variations]"
Add component (AddParameter): Name = "Price"; Value = "0.31"; VariantName = "[No Variations]"
Add component (AddParameter): Name = "Series"; Value = "Buchanan"; VariantName = "[No Variations]"
Add component (AddParameter): Name = "Supplier 1"; Value = "DigiKey"; VariantName = "[No Variations]"
Add component (AddParameter): Name = "Supplier Part Number 1"; Value = "A113320-ND"; VariantName = "[No Variations]"
Add component (AddParameter): Name = "Voltage"; Value = "300 V"; VariantName = "[No Variations]"
Add component (AddParameter): Name = "Wire Gauge"; Value = "16-28 AWG"; VariantName = "[No Variations]"
Add component (AddParameter): Name = "Wire Termination"; Value = "Screw - Rising Cage Clamp"; VariantName = "[No Variations]"
Added Component: Designator=K1(RELAY_SRD-12VDC-SL-C)
Add component (AddParameter): Name = "Check_prices"; Value = "https://www.snapeda.com/parts/SRD-12VDC-SL-C/Songle+Relay/view-part/?ref=eda"; VariantName = "[No Variations]"
Add component (AddParameter): Name = "MF"; Value = "Songle Relay"; VariantName = "[No Variations]"
Add component (AddParameter): Name = "MP"; Value = "SRD-12VDC-SL-C"; VariantName = "[No Variations]"
Add component (AddParameter): Name = "Package"; Value = "NON STANDARD-5 Songle Relay"; VariantName = "[No Variations]"
Add component (AddParameter): Name = "SnapEDA_Link"; Value = "https://www.snapeda.com/parts/SRD-12VDC-SL-C/Songle+Relay/view-part/?ref=snap"; VariantName = "[No Variations]"
Add component (AddParameter): Name = "Value"; Value = ""; VariantName = "[No Variations]"
Added Component: Designator=K2(RELAY_SRD-12VDC-SL-C)
Add component (AddParameter): Name = "Check_prices"; Value = "https://www.snapeda.com/parts/SRD-12VDC-SL-C/Songle+Relay/view-part/?ref=eda"; VariantName = "[No Variations]"
Add component (AddParameter): Name = "MF"; Value = "Songle Relay"; VariantName = "[No Variations]"
Add component (AddParameter): Name = "MP"; Value = "SRD-12VDC-SL-C"; VariantName = "[No Variations]"
Add component (AddParameter): Name = "Package"; Value = "NON STANDARD-5 Songle Relay"; VariantName = "[No Variations]"
Add component (AddParameter): Name = "SnapEDA_Link"; Value = "https://www.snapeda.com/parts/SRD-12VDC-SL-C/Songle+Relay/view-part/?ref=snap"; VariantName = "[No Variations]"
Add component (AddParameter): Name = "Value"; Value = ""; VariantName = "[No Variations]"
Added Component: Designator=L1(IND_ASPI-0630LR-220M-T15)
Add component (AddParameter): Name = "Availability"; Value = "Unavailable"; VariantName = "[No Variations]"
Add component (AddParameter): Name = "MF"; Value = "{'manufacturer': u'Abracon LLC'}"; VariantName = "[No Variations]"
Add component (AddParameter): Name = "MP"; Value = "ASPI-0630LR-220M-T15"; VariantName = "[No Variations]"
Add component (AddParameter): Name = "Package"; Value = "None"; VariantName = "[No Variations]"
Add component (AddParameter): Name = "Price"; Value = "None"; VariantName = "[No Variations]"
Add component (AddParameter): Name = "Value"; Value = ""; VariantName = "[No Variations]"
Added Component: Designator=L2(IND_ASPI-0630LR-220M-T15)
Add component (AddParameter): Name = "Availability"; Value = "Unavailable"; VariantName = "[No Variations]"
Add component (AddParameter): Name = "MF"; Value = "{'manufacturer': u'Abracon LLC'}"; VariantName = "[No Variations]"
Add component (AddParameter): Name = "MP"; Value = "ASPI-0630LR-220M-T15"; VariantName = "[No Variations]"
Add component (AddParameter): Name = "Package"; Value = "None"; VariantName = "[No Variations]"
Add component (AddParameter): Name = "Price"; Value = "None"; VariantName = "[No Variations]"
Add component (AddParameter): Name = "Value"; Value = ""; VariantName = "[No Variations]"
Added Component: Designator=PS1(CONV_RK-0505S/H)
Add component (AddParameter): Name = "Availability"; Value = "Unavailable"; VariantName = "[No Variations]"
Add component (AddParameter): Name = "MF"; Value = "{'manufacturer': u'Recom Power'}"; VariantName = "[No Variations]"
Add component (AddParameter): Name = "MP"; Value = "RK-0505S/H"; VariantName = "[No Variations]"
Add component (AddParameter): Name = "Package"; Value = "None"; VariantName = "[No Variations]"
Add component (AddParameter): Name = "Price"; Value = "None"; VariantName = "[No Variations]"
Add component (AddParameter): Name = "Value"; Value = ""; VariantName = "[No Variations]"
Added Component: Designator=Q1(ON SEMI SOT-723)
Add component (AddParameter): Name = "ComponentLink1Description"; Value = "Datasheet"; VariantName = "[No Variations]"
Add component (AddParameter): Name = "ComponentLink1URL"; Value = "http://www.onsemi.com/pub/Collateral/BC847BM3-D.PDF"; VariantName = "[No Variations]"
Add component (AddParameter): Name = "ComponentLink2Description"; Value = "DigiKey Link"; VariantName = "[No Variations]"
Add component (AddParameter): Name = "ComponentLink2URL"; Value = "http://digikey.com/product-detail/en/on-semiconductor/BC847BM3T5G/BC847BM3T5GOSCT-ND/3487296"; VariantName = "[No Variations]"
Add component (AddParameter): Name = "Current - Collector (Ic) (Max)"; Value = "100mA"; VariantName = "[No Variations]"
Add component (AddParameter): Name = "Current - Collector Cutoff (Max)"; Value = "15nA (ICBO)"; VariantName = "[No Variations]"
Add component (AddParameter): Name = "DC Current Gain (hFE) (Min) @ Ic, Vce"; Value = "200 @ 2mA, 5V"; VariantName = "[No Variations]"
Add component (AddParameter): Name = "Frequency - Transition"; Value = "100MHz"; VariantName = "[No Variations]"
Add component (AddParameter): Name = "LastUpdated"; Value = "03-06-2024 8.24.06 PM"; VariantName = "[No Variations]"
Add component (AddParameter): Name = "Lifecycle Status"; Value = "Active"; VariantName = "[No Variations]"
Add component (AddParameter): Name = "Manufacturer"; Value = "ON Semiconductor"; VariantName = "[No Variations]"
Add component (AddParameter): Name = "Minimum Order"; Value = "1"; VariantName = "[No Variations]"
Add component (AddParameter): Name = "Mounting Type"; Value = "Surface Mount"; VariantName = "[No Variations]"
Add component (AddParameter): Name = "Operating Temperature"; Value = "-55°C ~ 150°C (TJ)"; VariantName = "[No Variations]"
Add component (AddParameter): Name = "Package / Case"; Value = "SOT-723"; VariantName = "[No Variations]"
Add component (AddParameter): Name = "Packaging"; Value = "TapeAndReel"; VariantName = "[No Variations]"
Add component (AddParameter): Name = "Part Number"; Value = "BC847BM3T5G"; VariantName = "[No Variations]"
Add component (AddParameter): Name = "Part Status"; Value = "Active"; VariantName = "[No Variations]"
Add component (AddParameter): Name = "PartId"; Value = "18"; VariantName = "[No Variations]"
Add component (AddParameter): Name = "Power - Max"; Value = "260mW"; VariantName = "[No Variations]"
Add component (AddParameter): Name = "Price"; Value = "0.04"; VariantName = "[No Variations]"
Add component (AddParameter): Name = "Series"; Value = "-"; VariantName = "[No Variations]"
Add component (AddParameter): Name = "Supplier 1"; Value = "DigiKey"; VariantName = "[No Variations]"
Add component (AddParameter): Name = "Supplier Device Package"; Value = "SOT-723"; VariantName = "[No Variations]"
Add component (AddParameter): Name = "Supplier Part Number 1"; Value = "BC847BM3T5GOSCT-ND"; VariantName = "[No Variations]"
Add component (AddParameter): Name = "Transistor Type"; Value = "NPN"; VariantName = "[No Variations]"
Add component (AddParameter): Name = "Vce Saturation (Max) @ Ib, Ic"; Value = "600mV @ 5mA, 100mA"; VariantName = "[No Variations]"
Add component (AddParameter): Name = "Voltage - Collector Emitter Breakdown (Max)"; Value = "45V"; VariantName = "[No Variations]"
Added Component: Designator=Q2(ON SEMI SOT-723)
Add component (AddParameter): Name = "ComponentLink1Description"; Value = "Datasheet"; VariantName = "[No Variations]"
Add component (AddParameter): Name = "ComponentLink1URL"; Value = "http://www.onsemi.com/pub/Collateral/BC847BM3-D.PDF"; VariantName = "[No Variations]"
Add component (AddParameter): Name = "ComponentLink2Description"; Value = "DigiKey Link"; VariantName = "[No Variations]"
Add component (AddParameter): Name = "ComponentLink2URL"; Value = "http://digikey.com/product-detail/en/on-semiconductor/BC847BM3T5G/BC847BM3T5GOSCT-ND/3487296"; VariantName = "[No Variations]"
Add component (AddParameter): Name = "Current - Collector (Ic) (Max)"; Value = "100mA"; VariantName = "[No Variations]"
Add component (AddParameter): Name = "Current - Collector Cutoff (Max)"; Value = "15nA (ICBO)"; VariantName = "[No Variations]"
Add component (AddParameter): Name = "DC Current Gain (hFE) (Min) @ Ic, Vce"; Value = "200 @ 2mA, 5V"; VariantName = "[No Variations]"
Add component (AddParameter): Name = "Frequency - Transition"; Value = "100MHz"; VariantName = "[No Variations]"
Add component (AddParameter): Name = "LastUpdated"; Value = "03-06-2024 8.24.06 PM"; VariantName = "[No Variations]"
Add component (AddParameter): Name = "Lifecycle Status"; Value = "Active"; VariantName = "[No Variations]"
Add component (AddParameter): Name = "Manufacturer"; Value = "ON Semiconductor"; VariantName = "[No Variations]"
Add component (AddParameter): Name = "Minimum Order"; Value = "1"; VariantName = "[No Variations]"
Add component (AddParameter): Name = "Mounting Type"; Value = "Surface Mount"; VariantName = "[No Variations]"
Add component (AddParameter): Name = "Operating Temperature"; Value = "-55°C ~ 150°C (TJ)"; VariantName = "[No Variations]"
Add component (AddParameter): Name = "Package / Case"; Value = "SOT-723"; VariantName = "[No Variations]"
Add component (AddParameter): Name = "Packaging"; Value = "TapeAndReel"; VariantName = "[No Variations]"
Add component (AddParameter): Name = "Part Number"; Value = "BC847BM3T5G"; VariantName = "[No Variations]"
Add component (AddParameter): Name = "Part Status"; Value = "Active"; VariantName = "[No Variations]"
Add component (AddParameter): Name = "PartId"; Value = "18"; VariantName = "[No Variations]"
Add component (AddParameter): Name = "Power - Max"; Value = "260mW"; VariantName = "[No Variations]"
Add component (AddParameter): Name = "Price"; Value = "0.04"; VariantName = "[No Variations]"
Add component (AddParameter): Name = "Series"; Value = "-"; VariantName = "[No Variations]"
Add component (AddParameter): Name = "Supplier 1"; Value = "DigiKey"; VariantName = "[No Variations]"
Add component (AddParameter): Name = "Supplier Device Package"; Value = "SOT-723"; VariantName = "[No Variations]"
Add component (AddParameter): Name = "Supplier Part Number 1"; Value = "BC847BM3T5GOSCT-ND"; VariantName = "[No Variations]"
Add component (AddParameter): Name = "Transistor Type"; Value = "NPN"; VariantName = "[No Variations]"
Add component (AddParameter): Name = "Vce Saturation (Max) @ Ib, Ic"; Value = "600mV @ 5mA, 100mA"; VariantName = "[No Variations]"
Add component (AddParameter): Name = "Voltage - Collector Emitter Breakdown (Max)"; Value = "45V"; VariantName = "[No Variations]"
Added Component: Designator=Q3(ON SEMI SOT-723)
Add component (AddParameter): Name = "ComponentLink1Description"; Value = "Datasheet"; VariantName = "[No Variations]"
Add component (AddParameter): Name = "ComponentLink1URL"; Value = "http://www.onsemi.com/pub/Collateral/BC847BM3-D.PDF"; VariantName = "[No Variations]"
Add component (AddParameter): Name = "ComponentLink2Description"; Value = "DigiKey Link"; VariantName = "[No Variations]"
Add component (AddParameter): Name = "ComponentLink2URL"; Value = "http://digikey.com/product-detail/en/on-semiconductor/BC847BM3T5G/BC847BM3T5GOSCT-ND/3487296"; VariantName = "[No Variations]"
Add component (AddParameter): Name = "Current - Collector (Ic) (Max)"; Value = "100mA"; VariantName = "[No Variations]"
Add component (AddParameter): Name = "Current - Collector Cutoff (Max)"; Value = "15nA (ICBO)"; VariantName = "[No Variations]"
Add component (AddParameter): Name = "DC Current Gain (hFE) (Min) @ Ic, Vce"; Value = "200 @ 2mA, 5V"; VariantName = "[No Variations]"
Add component (AddParameter): Name = "Frequency - Transition"; Value = "100MHz"; VariantName = "[No Variations]"
Add component (AddParameter): Name = "LastUpdated"; Value = "03-06-2024 8.24.06 PM"; VariantName = "[No Variations]"
Add component (AddParameter): Name = "Lifecycle Status"; Value = "Active"; VariantName = "[No Variations]"
Add component (AddParameter): Name = "Manufacturer"; Value = "ON Semiconductor"; VariantName = "[No Variations]"
Add component (AddParameter): Name = "Minimum Order"; Value = "1"; VariantName = "[No Variations]"
Add component (AddParameter): Name = "Mounting Type"; Value = "Surface Mount"; VariantName = "[No Variations]"
Add component (AddParameter): Name = "Operating Temperature"; Value = "-55°C ~ 150°C (TJ)"; VariantName = "[No Variations]"
Add component (AddParameter): Name = "Package / Case"; Value = "SOT-723"; VariantName = "[No Variations]"
Add component (AddParameter): Name = "Packaging"; Value = "TapeAndReel"; VariantName = "[No Variations]"
Add component (AddParameter): Name = "Part Number"; Value = "BC847BM3T5G"; VariantName = "[No Variations]"
Add component (AddParameter): Name = "Part Status"; Value = "Active"; VariantName = "[No Variations]"
Add component (AddParameter): Name = "PartId"; Value = "18"; VariantName = "[No Variations]"
Add component (AddParameter): Name = "Power - Max"; Value = "260mW"; VariantName = "[No Variations]"
Add component (AddParameter): Name = "Price"; Value = "0.04"; VariantName = "[No Variations]"
Add component (AddParameter): Name = "Series"; Value = "-"; VariantName = "[No Variations]"
Add component (AddParameter): Name = "Supplier 1"; Value = "DigiKey"; VariantName = "[No Variations]"
Add component (AddParameter): Name = "Supplier Device Package"; Value = "SOT-723"; VariantName = "[No Variations]"
Add component (AddParameter): Name = "Supplier Part Number 1"; Value = "BC847BM3T5GOSCT-ND"; VariantName = "[No Variations]"
Add component (AddParameter): Name = "Transistor Type"; Value = "NPN"; VariantName = "[No Variations]"
Add component (AddParameter): Name = "Vce Saturation (Max) @ Ib, Ic"; Value = "600mV @ 5mA, 100mA"; VariantName = "[No Variations]"
Add component (AddParameter): Name = "Voltage - Collector Emitter Breakdown (Max)"; Value = "45V"; VariantName = "[No Variations]"
Added Component: Designator=Q4(ON SEMI SOT-723)
Add component (AddParameter): Name = "ComponentLink1Description"; Value = "Datasheet"; VariantName = "[No Variations]"
Add component (AddParameter): Name = "ComponentLink1URL"; Value = "http://www.onsemi.com/pub/Collateral/BC847BM3-D.PDF"; VariantName = "[No Variations]"
Add component (AddParameter): Name = "ComponentLink2Description"; Value = "DigiKey Link"; VariantName = "[No Variations]"
Add component (AddParameter): Name = "ComponentLink2URL"; Value = "http://digikey.com/product-detail/en/on-semiconductor/BC847BM3T5G/BC847BM3T5GOSCT-ND/3487296"; VariantName = "[No Variations]"
Add component (AddParameter): Name = "Current - Collector (Ic) (Max)"; Value = "100mA"; VariantName = "[No Variations]"
Add component (AddParameter): Name = "Current - Collector Cutoff (Max)"; Value = "15nA (ICBO)"; VariantName = "[No Variations]"
Add component (AddParameter): Name = "DC Current Gain (hFE) (Min) @ Ic, Vce"; Value = "200 @ 2mA, 5V"; VariantName = "[No Variations]"
Add component (AddParameter): Name = "Frequency - Transition"; Value = "100MHz"; VariantName = "[No Variations]"
Add component (AddParameter): Name = "LastUpdated"; Value = "03-06-2024 8.24.06 PM"; VariantName = "[No Variations]"
Add component (AddParameter): Name = "Lifecycle Status"; Value = "Active"; VariantName = "[No Variations]"
Add component (AddParameter): Name = "Manufacturer"; Value = "ON Semiconductor"; VariantName = "[No Variations]"
Add component (AddParameter): Name = "Minimum Order"; Value = "1"; VariantName = "[No Variations]"
Add component (AddParameter): Name = "Mounting Type"; Value = "Surface Mount"; VariantName = "[No Variations]"
Add component (AddParameter): Name = "Operating Temperature"; Value = "-55°C ~ 150°C (TJ)"; VariantName = "[No Variations]"
Add component (AddParameter): Name = "Package / Case"; Value = "SOT-723"; VariantName = "[No Variations]"
Add component (AddParameter): Name = "Packaging"; Value = "TapeAndReel"; VariantName = "[No Variations]"
Add component (AddParameter): Name = "Part Number"; Value = "BC847BM3T5G"; VariantName = "[No Variations]"
Add component (AddParameter): Name = "Part Status"; Value = "Active"; VariantName = "[No Variations]"
Add component (AddParameter): Name = "PartId"; Value = "18"; VariantName = "[No Variations]"
Add component (AddParameter): Name = "Power - Max"; Value = "260mW"; VariantName = "[No Variations]"
Add component (AddParameter): Name = "Price"; Value = "0.04"; VariantName = "[No Variations]"
Add component (AddParameter): Name = "Series"; Value = "-"; VariantName = "[No Variations]"
Add component (AddParameter): Name = "Supplier 1"; Value = "DigiKey"; VariantName = "[No Variations]"
Add component (AddParameter): Name = "Supplier Device Package"; Value = "SOT-723"; VariantName = "[No Variations]"
Add component (AddParameter): Name = "Supplier Part Number 1"; Value = "BC847BM3T5GOSCT-ND"; VariantName = "[No Variations]"
Add component (AddParameter): Name = "Transistor Type"; Value = "NPN"; VariantName = "[No Variations]"
Add component (AddParameter): Name = "Vce Saturation (Max) @ Ib, Ic"; Value = "600mV @ 5mA, 100mA"; VariantName = "[No Variations]"
Add component (AddParameter): Name = "Voltage - Collector Emitter Breakdown (Max)"; Value = "45V"; VariantName = "[No Variations]"
Added Component: Designator=Q5(ON SEMI SOT-723)
Add component (AddParameter): Name = "ComponentLink1Description"; Value = "Datasheet"; VariantName = "[No Variations]"
Add component (AddParameter): Name = "ComponentLink1URL"; Value = "http://www.onsemi.com/pub/Collateral/BC847BM3-D.PDF"; VariantName = "[No Variations]"
Add component (AddParameter): Name = "ComponentLink2Description"; Value = "DigiKey Link"; VariantName = "[No Variations]"
Add component (AddParameter): Name = "ComponentLink2URL"; Value = "http://digikey.com/product-detail/en/on-semiconductor/BC847BM3T5G/BC847BM3T5GOSCT-ND/3487296"; VariantName = "[No Variations]"
Add component (AddParameter): Name = "Current - Collector (Ic) (Max)"; Value = "100mA"; VariantName = "[No Variations]"
Add component (AddParameter): Name = "Current - Collector Cutoff (Max)"; Value = "15nA (ICBO)"; VariantName = "[No Variations]"
Add component (AddParameter): Name = "DC Current Gain (hFE) (Min) @ Ic, Vce"; Value = "200 @ 2mA, 5V"; VariantName = "[No Variations]"
Add component (AddParameter): Name = "Frequency - Transition"; Value = "100MHz"; VariantName = "[No Variations]"
Add component (AddParameter): Name = "LastUpdated"; Value = "03-06-2024 8.24.06 PM"; VariantName = "[No Variations]"
Add component (AddParameter): Name = "Lifecycle Status"; Value = "Active"; VariantName = "[No Variations]"
Add component (AddParameter): Name = "Manufacturer"; Value = "ON Semiconductor"; VariantName = "[No Variations]"
Add component (AddParameter): Name = "Minimum Order"; Value = "1"; VariantName = "[No Variations]"
Add component (AddParameter): Name = "Mounting Type"; Value = "Surface Mount"; VariantName = "[No Variations]"
Add component (AddParameter): Name = "Operating Temperature"; Value = "-55°C ~ 150°C (TJ)"; VariantName = "[No Variations]"
Add component (AddParameter): Name = "Package / Case"; Value = "SOT-723"; VariantName = "[No Variations]"
Add component (AddParameter): Name = "Packaging"; Value = "TapeAndReel"; VariantName = "[No Variations]"
Add component (AddParameter): Name = "Part Number"; Value = "BC847BM3T5G"; VariantName = "[No Variations]"
Add component (AddParameter): Name = "Part Status"; Value = "Active"; VariantName = "[No Variations]"
Add component (AddParameter): Name = "PartId"; Value = "18"; VariantName = "[No Variations]"
Add component (AddParameter): Name = "Power - Max"; Value = "260mW"; VariantName = "[No Variations]"
Add component (AddParameter): Name = "Price"; Value = "0.04"; VariantName = "[No Variations]"
Add component (AddParameter): Name = "Series"; Value = "-"; VariantName = "[No Variations]"
Add component (AddParameter): Name = "Supplier 1"; Value = "DigiKey"; VariantName = "[No Variations]"
Add component (AddParameter): Name = "Supplier Device Package"; Value = "SOT-723"; VariantName = "[No Variations]"
Add component (AddParameter): Name = "Supplier Part Number 1"; Value = "BC847BM3T5GOSCT-ND"; VariantName = "[No Variations]"
Add component (AddParameter): Name = "Transistor Type"; Value = "NPN"; VariantName = "[No Variations]"
Add component (AddParameter): Name = "Vce Saturation (Max) @ Ib, Ic"; Value = "600mV @ 5mA, 100mA"; VariantName = "[No Variations]"
Add component (AddParameter): Name = "Voltage - Collector Emitter Breakdown (Max)"; Value = "45V"; VariantName = "[No Variations]"
Added Component: Designator=Q6(ON SEMI SOT-723)
Add component (AddParameter): Name = "ComponentLink1Description"; Value = "Datasheet"; VariantName = "[No Variations]"
Add component (AddParameter): Name = "ComponentLink1URL"; Value = "http://www.onsemi.com/pub/Collateral/BC847BM3-D.PDF"; VariantName = "[No Variations]"
Add component (AddParameter): Name = "ComponentLink2Description"; Value = "DigiKey Link"; VariantName = "[No Variations]"
Add component (AddParameter): Name = "ComponentLink2URL"; Value = "http://digikey.com/product-detail/en/on-semiconductor/BC847BM3T5G/BC847BM3T5GOSCT-ND/3487296"; VariantName = "[No Variations]"
Add component (AddParameter): Name = "Current - Collector (Ic) (Max)"; Value = "100mA"; VariantName = "[No Variations]"
Add component (AddParameter): Name = "Current - Collector Cutoff (Max)"; Value = "15nA (ICBO)"; VariantName = "[No Variations]"
Add component (AddParameter): Name = "DC Current Gain (hFE) (Min) @ Ic, Vce"; Value = "200 @ 2mA, 5V"; VariantName = "[No Variations]"
Add component (AddParameter): Name = "Frequency - Transition"; Value = "100MHz"; VariantName = "[No Variations]"
Add component (AddParameter): Name = "LastUpdated"; Value = "03-06-2024 8.24.06 PM"; VariantName = "[No Variations]"
Add component (AddParameter): Name = "Lifecycle Status"; Value = "Active"; VariantName = "[No Variations]"
Add component (AddParameter): Name = "Manufacturer"; Value = "ON Semiconductor"; VariantName = "[No Variations]"
Add component (AddParameter): Name = "Minimum Order"; Value = "1"; VariantName = "[No Variations]"
Add component (AddParameter): Name = "Mounting Type"; Value = "Surface Mount"; VariantName = "[No Variations]"
Add component (AddParameter): Name = "Operating Temperature"; Value = "-55°C ~ 150°C (TJ)"; VariantName = "[No Variations]"
Add component (AddParameter): Name = "Package / Case"; Value = "SOT-723"; VariantName = "[No Variations]"
Add component (AddParameter): Name = "Packaging"; Value = "TapeAndReel"; VariantName = "[No Variations]"
Add component (AddParameter): Name = "Part Number"; Value = "BC847BM3T5G"; VariantName = "[No Variations]"
Add component (AddParameter): Name = "Part Status"; Value = "Active"; VariantName = "[No Variations]"
Add component (AddParameter): Name = "PartId"; Value = "18"; VariantName = "[No Variations]"
Add component (AddParameter): Name = "Power - Max"; Value = "260mW"; VariantName = "[No Variations]"
Add component (AddParameter): Name = "Price"; Value = "0.04"; VariantName = "[No Variations]"
Add component (AddParameter): Name = "Series"; Value = "-"; VariantName = "[No Variations]"
Add component (AddParameter): Name = "Supplier 1"; Value = "DigiKey"; VariantName = "[No Variations]"
Add component (AddParameter): Name = "Supplier Device Package"; Value = "SOT-723"; VariantName = "[No Variations]"
Add component (AddParameter): Name = "Supplier Part Number 1"; Value = "BC847BM3T5GOSCT-ND"; VariantName = "[No Variations]"
Add component (AddParameter): Name = "Transistor Type"; Value = "NPN"; VariantName = "[No Variations]"
Add component (AddParameter): Name = "Vce Saturation (Max) @ Ib, Ic"; Value = "600mV @ 5mA, 100mA"; VariantName = "[No Variations]"
Add component (AddParameter): Name = "Voltage - Collector Emitter Breakdown (Max)"; Value = "45V"; VariantName = "[No Variations]"
Added Component: Designator=Q7(ON SEMI SOT-723)
Add component (AddParameter): Name = "ComponentLink1Description"; Value = "Datasheet"; VariantName = "[No Variations]"
Add component (AddParameter): Name = "ComponentLink1URL"; Value = "http://www.onsemi.com/pub/Collateral/BC847BM3-D.PDF"; VariantName = "[No Variations]"
Add component (AddParameter): Name = "ComponentLink2Description"; Value = "DigiKey Link"; VariantName = "[No Variations]"
Add component (AddParameter): Name = "ComponentLink2URL"; Value = "http://digikey.com/product-detail/en/on-semiconductor/BC847BM3T5G/BC847BM3T5GOSCT-ND/3487296"; VariantName = "[No Variations]"
Add component (AddParameter): Name = "Current - Collector (Ic) (Max)"; Value = "100mA"; VariantName = "[No Variations]"
Add component (AddParameter): Name = "Current - Collector Cutoff (Max)"; Value = "15nA (ICBO)"; VariantName = "[No Variations]"
Add component (AddParameter): Name = "DC Current Gain (hFE) (Min) @ Ic, Vce"; Value = "200 @ 2mA, 5V"; VariantName = "[No Variations]"
Add component (AddParameter): Name = "Frequency - Transition"; Value = "100MHz"; VariantName = "[No Variations]"
Add component (AddParameter): Name = "LastUpdated"; Value = "03-06-2024 8.24.06 PM"; VariantName = "[No Variations]"
Add component (AddParameter): Name = "Lifecycle Status"; Value = "Active"; VariantName = "[No Variations]"
Add component (AddParameter): Name = "Manufacturer"; Value = "ON Semiconductor"; VariantName = "[No Variations]"
Add component (AddParameter): Name = "Minimum Order"; Value = "1"; VariantName = "[No Variations]"
Add component (AddParameter): Name = "Mounting Type"; Value = "Surface Mount"; VariantName = "[No Variations]"
Add component (AddParameter): Name = "Operating Temperature"; Value = "-55°C ~ 150°C (TJ)"; VariantName = "[No Variations]"
Add component (AddParameter): Name = "Package / Case"; Value = "SOT-723"; VariantName = "[No Variations]"
Add component (AddParameter): Name = "Packaging"; Value = "TapeAndReel"; VariantName = "[No Variations]"
Add component (AddParameter): Name = "Part Number"; Value = "BC847BM3T5G"; VariantName = "[No Variations]"
Add component (AddParameter): Name = "Part Status"; Value = "Active"; VariantName = "[No Variations]"
Add component (AddParameter): Name = "PartId"; Value = "18"; VariantName = "[No Variations]"
Add component (AddParameter): Name = "Power - Max"; Value = "260mW"; VariantName = "[No Variations]"
Add component (AddParameter): Name = "Price"; Value = "0.04"; VariantName = "[No Variations]"
Add component (AddParameter): Name = "Series"; Value = "-"; VariantName = "[No Variations]"
Add component (AddParameter): Name = "Supplier 1"; Value = "DigiKey"; VariantName = "[No Variations]"
Add component (AddParameter): Name = "Supplier Device Package"; Value = "SOT-723"; VariantName = "[No Variations]"
Add component (AddParameter): Name = "Supplier Part Number 1"; Value = "BC847BM3T5GOSCT-ND"; VariantName = "[No Variations]"
Add component (AddParameter): Name = "Transistor Type"; Value = "NPN"; VariantName = "[No Variations]"
Add component (AddParameter): Name = "Vce Saturation (Max) @ Ib, Ic"; Value = "600mV @ 5mA, 100mA"; VariantName = "[No Variations]"
Add component (AddParameter): Name = "Voltage - Collector Emitter Breakdown (Max)"; Value = "45V"; VariantName = "[No Variations]"
Added Component: Designator=Q8(ON SEMI SOT-723)
Add component (AddParameter): Name = "ComponentLink1Description"; Value = "Datasheet"; VariantName = "[No Variations]"
Add component (AddParameter): Name = "ComponentLink1URL"; Value = "http://www.onsemi.com/pub/Collateral/BC847BM3-D.PDF"; VariantName = "[No Variations]"
Add component (AddParameter): Name = "ComponentLink2Description"; Value = "DigiKey Link"; VariantName = "[No Variations]"
Add component (AddParameter): Name = "ComponentLink2URL"; Value = "http://digikey.com/product-detail/en/on-semiconductor/BC847BM3T5G/BC847BM3T5GOSCT-ND/3487296"; VariantName = "[No Variations]"
Add component (AddParameter): Name = "Current - Collector (Ic) (Max)"; Value = "100mA"; VariantName = "[No Variations]"
Add component (AddParameter): Name = "Current - Collector Cutoff (Max)"; Value = "15nA (ICBO)"; VariantName = "[No Variations]"
Add component (AddParameter): Name = "DC Current Gain (hFE) (Min) @ Ic, Vce"; Value = "200 @ 2mA, 5V"; VariantName = "[No Variations]"
Add component (AddParameter): Name = "Frequency - Transition"; Value = "100MHz"; VariantName = "[No Variations]"
Add component (AddParameter): Name = "LastUpdated"; Value = "03-06-2024 8.24.06 PM"; VariantName = "[No Variations]"
Add component (AddParameter): Name = "Lifecycle Status"; Value = "Active"; VariantName = "[No Variations]"
Add component (AddParameter): Name = "Manufacturer"; Value = "ON Semiconductor"; VariantName = "[No Variations]"
Add component (AddParameter): Name = "Minimum Order"; Value = "1"; VariantName = "[No Variations]"
Add component (AddParameter): Name = "Mounting Type"; Value = "Surface Mount"; VariantName = "[No Variations]"
Add component (AddParameter): Name = "Operating Temperature"; Value = "-55°C ~ 150°C (TJ)"; VariantName = "[No Variations]"
Add component (AddParameter): Name = "Package / Case"; Value = "SOT-723"; VariantName = "[No Variations]"
Add component (AddParameter): Name = "Packaging"; Value = "TapeAndReel"; VariantName = "[No Variations]"
Add component (AddParameter): Name = "Part Number"; Value = "BC847BM3T5G"; VariantName = "[No Variations]"
Add component (AddParameter): Name = "Part Status"; Value = "Active"; VariantName = "[No Variations]"
Add component (AddParameter): Name = "PartId"; Value = "18"; VariantName = "[No Variations]"
Add component (AddParameter): Name = "Power - Max"; Value = "260mW"; VariantName = "[No Variations]"
Add component (AddParameter): Name = "Price"; Value = "0.04"; VariantName = "[No Variations]"
Add component (AddParameter): Name = "Series"; Value = "-"; VariantName = "[No Variations]"
Add component (AddParameter): Name = "Supplier 1"; Value = "DigiKey"; VariantName = "[No Variations]"
Add component (AddParameter): Name = "Supplier Device Package"; Value = "SOT-723"; VariantName = "[No Variations]"
Add component (AddParameter): Name = "Supplier Part Number 1"; Value = "BC847BM3T5GOSCT-ND"; VariantName = "[No Variations]"
Add component (AddParameter): Name = "Transistor Type"; Value = "NPN"; VariantName = "[No Variations]"
Add component (AddParameter): Name = "Vce Saturation (Max) @ Ib, Ic"; Value = "600mV @ 5mA, 100mA"; VariantName = "[No Variations]"
Add component (AddParameter): Name = "Voltage - Collector Emitter Breakdown (Max)"; Value = "45V"; VariantName = "[No Variations]"
Added Component: Designator=R1(RES 0805_2012)
Add component (AddParameter): Name = "ComponentLink1Description"; Value = "Datasheet"; VariantName = "[No Variations]"
Add component (AddParameter): Name = "ComponentLink1URL"; Value = "https://www.seielect.com/catalog/sei-rncs_rnch.pdf"; VariantName = "[No Variations]"
Add component (AddParameter): Name = "ComponentLink2Description"; Value = "DigiKey Link"; VariantName = "[No Variations]"
Add component (AddParameter): Name = "ComponentLink2URL"; Value = "https://www.digikey.com/en/products/detail/stackpole-electronics-inc/RNCS0805BKE10R0/1800064"; VariantName = "[No Variations]"
Add component (AddParameter): Name = "Composition"; Value = "Thin Film"; VariantName = "[No Variations]"
Add component (AddParameter): Name = "Device Package"; Value = "0805 (2012 Metric)"; VariantName = "[No Variations]"
Add component (AddParameter): Name = "Features"; Value = "Anti-Corrosive, Automotive AEC-Q200, Moisture Resistant"; VariantName = "[No Variations]"
Add component (AddParameter): Name = "Height - Seated (Max)"; Value = "0.026" (0.65mm)"; VariantName = "[No Variations]"
Add component (AddParameter): Name = "LastUpdated"; Value = "08-02-2024 9.02.39 PM"; VariantName = "[No Variations]"
Add component (AddParameter): Name = "Lifecycle Status"; Value = "Active"; VariantName = "[No Variations]"
Add component (AddParameter): Name = "Manufacturer"; Value = "Stackpole Electronics Inc"; VariantName = "[No Variations]"
Add component (AddParameter): Name = "Minimum Order"; Value = "1"; VariantName = "[No Variations]"
Add component (AddParameter): Name = "Number of Terminations"; Value = "2"; VariantName = "[No Variations]"
Add component (AddParameter): Name = "Operating Temperature"; Value = "-55°C ~ 155°C"; VariantName = "[No Variations]"
Add component (AddParameter): Name = "Package / Case"; Value = "0805 (2012 Metric)"; VariantName = "[No Variations]"
Add component (AddParameter): Name = "Packaging"; Value = "TapeAndReel"; VariantName = "[No Variations]"
Add component (AddParameter): Name = "Part Number"; Value = "RNCS0805BKE10R0"; VariantName = "[No Variations]"
Add component (AddParameter): Name = "Part Status"; Value = "Active"; VariantName = "[No Variations]"
Add component (AddParameter): Name = "PartId"; Value = "27711"; VariantName = "[No Variations]"
Add component (AddParameter): Name = "Power (Watts)"; Value = "0.1W, 1/10W"; VariantName = "[No Variations]"
Add component (AddParameter): Name = "Price"; Value = "0.07"; VariantName = "[No Variations]"
Add component (AddParameter): Name = "Ratings"; Value = "AEC-Q200"; VariantName = "[No Variations]"
Add component (AddParameter): Name = "Resistance"; Value = "10 Ohms"; VariantName = "[No Variations]"
Add component (AddParameter): Name = "Series"; Value = "RNCS"; VariantName = "[No Variations]"
Add component (AddParameter): Name = "Size / Dimension"; Value = "0.079" L x 0.049" W (2.00mm x 1.25mm)"; VariantName = "[No Variations]"
Add component (AddParameter): Name = "Supplier 1"; Value = "DigiKey"; VariantName = "[No Variations]"
Add component (AddParameter): Name = "Supplier Device Package"; Value = "0805"; VariantName = "[No Variations]"
Add component (AddParameter): Name = "Supplier Part Number 1"; Value = "RNCS0805BKE10R0CT-ND"; VariantName = "[No Variations]"
Add component (AddParameter): Name = "Temperature Coefficient"; Value = "±25ppm/°C"; VariantName = "[No Variations]"
Add component (AddParameter): Name = "Tolerance"; Value = "±0.1%"; VariantName = "[No Variations]"
Add component (AddParameter): Name = "Value"; Value = "10 Ohms"; VariantName = "[No Variations]"
Added Component: Designator=R2(RES 0805_2012)
Add component (AddParameter): Name = "ComponentLink1Description"; Value = "Datasheet"; VariantName = "[No Variations]"
Add component (AddParameter): Name = "ComponentLink1URL"; Value = "https://www.seielect.com/catalog/sei-rncs_rnch.pdf"; VariantName = "[No Variations]"
Add component (AddParameter): Name = "ComponentLink2Description"; Value = "DigiKey Link"; VariantName = "[No Variations]"
Add component (AddParameter): Name = "ComponentLink2URL"; Value = "https://www.digikey.com/en/products/detail/stackpole-electronics-inc/RNCS0805BKE10R0/1800064"; VariantName = "[No Variations]"
Add component (AddParameter): Name = "Composition"; Value = "Thin Film"; VariantName = "[No Variations]"
Add component (AddParameter): Name = "Device Package"; Value = "0805 (2012 Metric)"; VariantName = "[No Variations]"
Add component (AddParameter): Name = "Features"; Value = "Anti-Corrosive, Automotive AEC-Q200, Moisture Resistant"; VariantName = "[No Variations]"
Add component (AddParameter): Name = "Height - Seated (Max)"; Value = "0.026" (0.65mm)"; VariantName = "[No Variations]"
Add component (AddParameter): Name = "LastUpdated"; Value = "08-02-2024 9.02.39 PM"; VariantName = "[No Variations]"
Add component (AddParameter): Name = "Lifecycle Status"; Value = "Active"; VariantName = "[No Variations]"
Add component (AddParameter): Name = "Manufacturer"; Value = "Stackpole Electronics Inc"; VariantName = "[No Variations]"
Add component (AddParameter): Name = "Minimum Order"; Value = "1"; VariantName = "[No Variations]"
Add component (AddParameter): Name = "Number of Terminations"; Value = "2"; VariantName = "[No Variations]"
Add component (AddParameter): Name = "Operating Temperature"; Value = "-55°C ~ 155°C"; VariantName = "[No Variations]"
Add component (AddParameter): Name = "Package / Case"; Value = "0805 (2012 Metric)"; VariantName = "[No Variations]"
Add component (AddParameter): Name = "Packaging"; Value = "TapeAndReel"; VariantName = "[No Variations]"
Add component (AddParameter): Name = "Part Number"; Value = "RNCS0805BKE10R0"; VariantName = "[No Variations]"
Add component (AddParameter): Name = "Part Status"; Value = "Active"; VariantName = "[No Variations]"
Add component (AddParameter): Name = "PartId"; Value = "27711"; VariantName = "[No Variations]"
Add component (AddParameter): Name = "Power (Watts)"; Value = "0.1W, 1/10W"; VariantName = "[No Variations]"
Add component (AddParameter): Name = "Price"; Value = "0.07"; VariantName = "[No Variations]"
Add component (AddParameter): Name = "Ratings"; Value = "AEC-Q200"; VariantName = "[No Variations]"
Add component (AddParameter): Name = "Resistance"; Value = "10 Ohms"; VariantName = "[No Variations]"
Add component (AddParameter): Name = "Series"; Value = "RNCS"; VariantName = "[No Variations]"
Add component (AddParameter): Name = "Size / Dimension"; Value = "0.079" L x 0.049" W (2.00mm x 1.25mm)"; VariantName = "[No Variations]"
Add component (AddParameter): Name = "Supplier 1"; Value = "DigiKey"; VariantName = "[No Variations]"
Add component (AddParameter): Name = "Supplier Device Package"; Value = "0805"; VariantName = "[No Variations]"
Add component (AddParameter): Name = "Supplier Part Number 1"; Value = "RNCS0805BKE10R0CT-ND"; VariantName = "[No Variations]"
Add component (AddParameter): Name = "Temperature Coefficient"; Value = "±25ppm/°C"; VariantName = "[No Variations]"
Add component (AddParameter): Name = "Tolerance"; Value = "±0.1%"; VariantName = "[No Variations]"
Add component (AddParameter): Name = "Value"; Value = "10 Ohms"; VariantName = "[No Variations]"
Added Component: Designator=R3(RES 0805_2012)
Add component (AddParameter): Name = "ComponentLink1Description"; Value = "Datasheet"; VariantName = "[No Variations]"
Add component (AddParameter): Name = "ComponentLink1URL"; Value = "https://www.seielect.com/catalog/sei-rncs_rnch.pdf"; VariantName = "[No Variations]"
Add component (AddParameter): Name = "ComponentLink2Description"; Value = "DigiKey Link"; VariantName = "[No Variations]"
Add component (AddParameter): Name = "ComponentLink2URL"; Value = "https://www.digikey.com/en/products/detail/stackpole-electronics-inc/RNCS0805BKE10R0/1800064"; VariantName = "[No Variations]"
Add component (AddParameter): Name = "Composition"; Value = "Thin Film"; VariantName = "[No Variations]"
Add component (AddParameter): Name = "Device Package"; Value = "0805 (2012 Metric)"; VariantName = "[No Variations]"
Add component (AddParameter): Name = "Features"; Value = "Anti-Corrosive, Automotive AEC-Q200, Moisture Resistant"; VariantName = "[No Variations]"
Add component (AddParameter): Name = "Height - Seated (Max)"; Value = "0.026" (0.65mm)"; VariantName = "[No Variations]"
Add component (AddParameter): Name = "LastUpdated"; Value = "08-02-2024 9.02.39 PM"; VariantName = "[No Variations]"
Add component (AddParameter): Name = "Lifecycle Status"; Value = "Active"; VariantName = "[No Variations]"
Add component (AddParameter): Name = "Manufacturer"; Value = "Stackpole Electronics Inc"; VariantName = "[No Variations]"
Add component (AddParameter): Name = "Minimum Order"; Value = "1"; VariantName = "[No Variations]"
Add component (AddParameter): Name = "Number of Terminations"; Value = "2"; VariantName = "[No Variations]"
Add component (AddParameter): Name = "Operating Temperature"; Value = "-55°C ~ 155°C"; VariantName = "[No Variations]"
Add component (AddParameter): Name = "Package / Case"; Value = "0805 (2012 Metric)"; VariantName = "[No Variations]"
Add component (AddParameter): Name = "Packaging"; Value = "TapeAndReel"; VariantName = "[No Variations]"
Add component (AddParameter): Name = "Part Number"; Value = "RNCS0805BKE10R0"; VariantName = "[No Variations]"
Add component (AddParameter): Name = "Part Status"; Value = "Active"; VariantName = "[No Variations]"
Add component (AddParameter): Name = "PartId"; Value = "27711"; VariantName = "[No Variations]"
Add component (AddParameter): Name = "Power (Watts)"; Value = "0.1W, 1/10W"; VariantName = "[No Variations]"
Add component (AddParameter): Name = "Price"; Value = "0.07"; VariantName = "[No Variations]"
Add component (AddParameter): Name = "Ratings"; Value = "AEC-Q200"; VariantName = "[No Variations]"
Add component (AddParameter): Name = "Resistance"; Value = "10 Ohms"; VariantName = "[No Variations]"
Add component (AddParameter): Name = "Series"; Value = "RNCS"; VariantName = "[No Variations]"
Add component (AddParameter): Name = "Size / Dimension"; Value = "0.079" L x 0.049" W (2.00mm x 1.25mm)"; VariantName = "[No Variations]"
Add component (AddParameter): Name = "Supplier 1"; Value = "DigiKey"; VariantName = "[No Variations]"
Add component (AddParameter): Name = "Supplier Device Package"; Value = "0805"; VariantName = "[No Variations]"
Add component (AddParameter): Name = "Supplier Part Number 1"; Value = "RNCS0805BKE10R0CT-ND"; VariantName = "[No Variations]"
Add component (AddParameter): Name = "Temperature Coefficient"; Value = "±25ppm/°C"; VariantName = "[No Variations]"
Add component (AddParameter): Name = "Tolerance"; Value = "±0.1%"; VariantName = "[No Variations]"
Add component (AddParameter): Name = "Value"; Value = "10 Ohms"; VariantName = "[No Variations]"
Added Component: Designator=R5(RES 0805_2012)
Add component (AddParameter): Name = "ComponentLink1Description"; Value = "Datasheet"; VariantName = "[No Variations]"
Add component (AddParameter): Name = "ComponentLink1URL"; Value = "https://www.seielect.com/catalog/sei-rncs_rnch.pdf"; VariantName = "[No Variations]"
Add component (AddParameter): Name = "ComponentLink2Description"; Value = "DigiKey Link"; VariantName = "[No Variations]"
Add component (AddParameter): Name = "ComponentLink2URL"; Value = "https://www.digikey.com/en/products/detail/stackpole-electronics-inc/RNCS0805BKE10R0/1800064"; VariantName = "[No Variations]"
Add component (AddParameter): Name = "Composition"; Value = "Thin Film"; VariantName = "[No Variations]"
Add component (AddParameter): Name = "Device Package"; Value = "0805 (2012 Metric)"; VariantName = "[No Variations]"
Add component (AddParameter): Name = "Features"; Value = "Anti-Corrosive, Automotive AEC-Q200, Moisture Resistant"; VariantName = "[No Variations]"
Add component (AddParameter): Name = "Height - Seated (Max)"; Value = "0.026" (0.65mm)"; VariantName = "[No Variations]"
Add component (AddParameter): Name = "LastUpdated"; Value = "08-02-2024 9.02.39 PM"; VariantName = "[No Variations]"
Add component (AddParameter): Name = "Lifecycle Status"; Value = "Active"; VariantName = "[No Variations]"
Add component (AddParameter): Name = "Manufacturer"; Value = "Stackpole Electronics Inc"; VariantName = "[No Variations]"
Add component (AddParameter): Name = "Minimum Order"; Value = "1"; VariantName = "[No Variations]"
Add component (AddParameter): Name = "Number of Terminations"; Value = "2"; VariantName = "[No Variations]"
Add component (AddParameter): Name = "Operating Temperature"; Value = "-55°C ~ 155°C"; VariantName = "[No Variations]"
Add component (AddParameter): Name = "Package / Case"; Value = "0805 (2012 Metric)"; VariantName = "[No Variations]"
Add component (AddParameter): Name = "Packaging"; Value = "TapeAndReel"; VariantName = "[No Variations]"
Add component (AddParameter): Name = "Part Number"; Value = "RNCS0805BKE10R0"; VariantName = "[No Variations]"
Add component (AddParameter): Name = "Part Status"; Value = "Active"; VariantName = "[No Variations]"
Add component (AddParameter): Name = "PartId"; Value = "27711"; VariantName = "[No Variations]"
Add component (AddParameter): Name = "Power (Watts)"; Value = "0.1W, 1/10W"; VariantName = "[No Variations]"
Add component (AddParameter): Name = "Price"; Value = "0.07"; VariantName = "[No Variations]"
Add component (AddParameter): Name = "Ratings"; Value = "AEC-Q200"; VariantName = "[No Variations]"
Add component (AddParameter): Name = "Resistance"; Value = "10 Ohms"; VariantName = "[No Variations]"
Add component (AddParameter): Name = "Series"; Value = "RNCS"; VariantName = "[No Variations]"
Add component (AddParameter): Name = "Size / Dimension"; Value = "0.079" L x 0.049" W (2.00mm x 1.25mm)"; VariantName = "[No Variations]"
Add component (AddParameter): Name = "Supplier 1"; Value = "DigiKey"; VariantName = "[No Variations]"
Add component (AddParameter): Name = "Supplier Device Package"; Value = "0805"; VariantName = "[No Variations]"
Add component (AddParameter): Name = "Supplier Part Number 1"; Value = "RNCS0805BKE10R0CT-ND"; VariantName = "[No Variations]"
Add component (AddParameter): Name = "Temperature Coefficient"; Value = "±25ppm/°C"; VariantName = "[No Variations]"
Add component (AddParameter): Name = "Tolerance"; Value = "±0.1%"; VariantName = "[No Variations]"
Add component (AddParameter): Name = "Value"; Value = "10 Ohms"; VariantName = "[No Variations]"
Added Component: Designator=R7(RES 0805_2012)
Add component (AddParameter): Name = "ComponentLink1Description"; Value = "Datasheet"; VariantName = "[No Variations]"
Add component (AddParameter): Name = "ComponentLink1URL"; Value = "https://www.seielect.com/catalog/sei-rncs_rnch.pdf"; VariantName = "[No Variations]"
Add component (AddParameter): Name = "ComponentLink2Description"; Value = "DigiKey Link"; VariantName = "[No Variations]"
Add component (AddParameter): Name = "ComponentLink2URL"; Value = "https://www.digikey.com/en/products/detail/stackpole-electronics-inc/RNCS0805BKE10R0/1800064"; VariantName = "[No Variations]"
Add component (AddParameter): Name = "Composition"; Value = "Thin Film"; VariantName = "[No Variations]"
Add component (AddParameter): Name = "Device Package"; Value = "0805 (2012 Metric)"; VariantName = "[No Variations]"
Add component (AddParameter): Name = "Features"; Value = "Anti-Corrosive, Automotive AEC-Q200, Moisture Resistant"; VariantName = "[No Variations]"
Add component (AddParameter): Name = "Height - Seated (Max)"; Value = "0.026" (0.65mm)"; VariantName = "[No Variations]"
Add component (AddParameter): Name = "LastUpdated"; Value = "08-02-2024 9.02.39 PM"; VariantName = "[No Variations]"
Add component (AddParameter): Name = "Lifecycle Status"; Value = "Active"; VariantName = "[No Variations]"
Add component (AddParameter): Name = "Manufacturer"; Value = "Stackpole Electronics Inc"; VariantName = "[No Variations]"
Add component (AddParameter): Name = "Minimum Order"; Value = "1"; VariantName = "[No Variations]"
Add component (AddParameter): Name = "Number of Terminations"; Value = "2"; VariantName = "[No Variations]"
Add component (AddParameter): Name = "Operating Temperature"; Value = "-55°C ~ 155°C"; VariantName = "[No Variations]"
Add component (AddParameter): Name = "Package / Case"; Value = "0805 (2012 Metric)"; VariantName = "[No Variations]"
Add component (AddParameter): Name = "Packaging"; Value = "TapeAndReel"; VariantName = "[No Variations]"
Add component (AddParameter): Name = "Part Number"; Value = "RNCS0805BKE10R0"; VariantName = "[No Variations]"
Add component (AddParameter): Name = "Part Status"; Value = "Active"; VariantName = "[No Variations]"
Add component (AddParameter): Name = "PartId"; Value = "27711"; VariantName = "[No Variations]"
Add component (AddParameter): Name = "Power (Watts)"; Value = "0.1W, 1/10W"; VariantName = "[No Variations]"
Add component (AddParameter): Name = "Price"; Value = "0.07"; VariantName = "[No Variations]"
Add component (AddParameter): Name = "Ratings"; Value = "AEC-Q200"; VariantName = "[No Variations]"
Add component (AddParameter): Name = "Resistance"; Value = "10 Ohms"; VariantName = "[No Variations]"
Add component (AddParameter): Name = "Series"; Value = "RNCS"; VariantName = "[No Variations]"
Add component (AddParameter): Name = "Size / Dimension"; Value = "0.079" L x 0.049" W (2.00mm x 1.25mm)"; VariantName = "[No Variations]"
Add component (AddParameter): Name = "Supplier 1"; Value = "DigiKey"; VariantName = "[No Variations]"
Add component (AddParameter): Name = "Supplier Device Package"; Value = "0805"; VariantName = "[No Variations]"
Add component (AddParameter): Name = "Supplier Part Number 1"; Value = "RNCS0805BKE10R0CT-ND"; VariantName = "[No Variations]"
Add component (AddParameter): Name = "Temperature Coefficient"; Value = "±25ppm/°C"; VariantName = "[No Variations]"
Add component (AddParameter): Name = "Tolerance"; Value = "±0.1%"; VariantName = "[No Variations]"
Add component (AddParameter): Name = "Value"; Value = "10 Ohms"; VariantName = "[No Variations]"
Added Component: Designator=R9(RES 0805_2012)
Add component (AddParameter): Name = "ComponentLink1Description"; Value = "Datasheet"; VariantName = "[No Variations]"
Add component (AddParameter): Name = "ComponentLink1URL"; Value = "https://www.seielect.com/catalog/sei-rncs_rnch.pdf"; VariantName = "[No Variations]"
Add component (AddParameter): Name = "ComponentLink2Description"; Value = "DigiKey Link"; VariantName = "[No Variations]"
Add component (AddParameter): Name = "ComponentLink2URL"; Value = "https://www.digikey.com/en/products/detail/stackpole-electronics-inc/RNCS0805BKE10R0/1800064"; VariantName = "[No Variations]"
Add component (AddParameter): Name = "Composition"; Value = "Thin Film"; VariantName = "[No Variations]"
Add component (AddParameter): Name = "Device Package"; Value = "0805 (2012 Metric)"; VariantName = "[No Variations]"
Add component (AddParameter): Name = "Features"; Value = "Anti-Corrosive, Automotive AEC-Q200, Moisture Resistant"; VariantName = "[No Variations]"
Add component (AddParameter): Name = "Height - Seated (Max)"; Value = "0.026" (0.65mm)"; VariantName = "[No Variations]"
Add component (AddParameter): Name = "LastUpdated"; Value = "08-02-2024 9.02.39 PM"; VariantName = "[No Variations]"
Add component (AddParameter): Name = "Lifecycle Status"; Value = "Active"; VariantName = "[No Variations]"
Add component (AddParameter): Name = "Manufacturer"; Value = "Stackpole Electronics Inc"; VariantName = "[No Variations]"
Add component (AddParameter): Name = "Minimum Order"; Value = "1"; VariantName = "[No Variations]"
Add component (AddParameter): Name = "Number of Terminations"; Value = "2"; VariantName = "[No Variations]"
Add component (AddParameter): Name = "Operating Temperature"; Value = "-55°C ~ 155°C"; VariantName = "[No Variations]"
Add component (AddParameter): Name = "Package / Case"; Value = "0805 (2012 Metric)"; VariantName = "[No Variations]"
Add component (AddParameter): Name = "Packaging"; Value = "TapeAndReel"; VariantName = "[No Variations]"
Add component (AddParameter): Name = "Part Number"; Value = "RNCS0805BKE10R0"; VariantName = "[No Variations]"
Add component (AddParameter): Name = "Part Status"; Value = "Active"; VariantName = "[No Variations]"
Add component (AddParameter): Name = "PartId"; Value = "27711"; VariantName = "[No Variations]"
Add component (AddParameter): Name = "Power (Watts)"; Value = "0.1W, 1/10W"; VariantName = "[No Variations]"
Add component (AddParameter): Name = "Price"; Value = "0.07"; VariantName = "[No Variations]"
Add component (AddParameter): Name = "Ratings"; Value = "AEC-Q200"; VariantName = "[No Variations]"
Add component (AddParameter): Name = "Resistance"; Value = "10 Ohms"; VariantName = "[No Variations]"
Add component (AddParameter): Name = "Series"; Value = "RNCS"; VariantName = "[No Variations]"
Add component (AddParameter): Name = "Size / Dimension"; Value = "0.079" L x 0.049" W (2.00mm x 1.25mm)"; VariantName = "[No Variations]"
Add component (AddParameter): Name = "Supplier 1"; Value = "DigiKey"; VariantName = "[No Variations]"
Add component (AddParameter): Name = "Supplier Device Package"; Value = "0805"; VariantName = "[No Variations]"
Add component (AddParameter): Name = "Supplier Part Number 1"; Value = "RNCS0805BKE10R0CT-ND"; VariantName = "[No Variations]"
Add component (AddParameter): Name = "Temperature Coefficient"; Value = "±25ppm/°C"; VariantName = "[No Variations]"
Add component (AddParameter): Name = "Tolerance"; Value = "±0.1%"; VariantName = "[No Variations]"
Add component (AddParameter): Name = "Value"; Value = "10 Ohms"; VariantName = "[No Variations]"
Added Component: Designator=R12(RES 0805_2012)
Add component (AddParameter): Name = "ComponentLink1Description"; Value = "Datasheet"; VariantName = "[No Variations]"
Add component (AddParameter): Name = "ComponentLink1URL"; Value = "https://www.seielect.com/catalog/sei-rncs_rnch.pdf"; VariantName = "[No Variations]"
Add component (AddParameter): Name = "ComponentLink2Description"; Value = "DigiKey Link"; VariantName = "[No Variations]"
Add component (AddParameter): Name = "ComponentLink2URL"; Value = "https://www.digikey.com/en/products/detail/stackpole-electronics-inc/RNCS0805BKE10R0/1800064"; VariantName = "[No Variations]"
Add component (AddParameter): Name = "Composition"; Value = "Thin Film"; VariantName = "[No Variations]"
Add component (AddParameter): Name = "Device Package"; Value = "0805 (2012 Metric)"; VariantName = "[No Variations]"
Add component (AddParameter): Name = "Features"; Value = "Anti-Corrosive, Automotive AEC-Q200, Moisture Resistant"; VariantName = "[No Variations]"
Add component (AddParameter): Name = "Height - Seated (Max)"; Value = "0.026" (0.65mm)"; VariantName = "[No Variations]"
Add component (AddParameter): Name = "LastUpdated"; Value = "08-02-2024 9.02.39 PM"; VariantName = "[No Variations]"
Add component (AddParameter): Name = "Lifecycle Status"; Value = "Active"; VariantName = "[No Variations]"
Add component (AddParameter): Name = "Manufacturer"; Value = "Stackpole Electronics Inc"; VariantName = "[No Variations]"
Add component (AddParameter): Name = "Minimum Order"; Value = "1"; VariantName = "[No Variations]"
Add component (AddParameter): Name = "Number of Terminations"; Value = "2"; VariantName = "[No Variations]"
Add component (AddParameter): Name = "Operating Temperature"; Value = "-55°C ~ 155°C"; VariantName = "[No Variations]"
Add component (AddParameter): Name = "Package / Case"; Value = "0805 (2012 Metric)"; VariantName = "[No Variations]"
Add component (AddParameter): Name = "Packaging"; Value = "TapeAndReel"; VariantName = "[No Variations]"
Add component (AddParameter): Name = "Part Number"; Value = "RNCS0805BKE10R0"; VariantName = "[No Variations]"
Add component (AddParameter): Name = "Part Status"; Value = "Active"; VariantName = "[No Variations]"
Add component (AddParameter): Name = "PartId"; Value = "27711"; VariantName = "[No Variations]"
Add component (AddParameter): Name = "Power (Watts)"; Value = "0.1W, 1/10W"; VariantName = "[No Variations]"
Add component (AddParameter): Name = "Price"; Value = "0.07"; VariantName = "[No Variations]"
Add component (AddParameter): Name = "Ratings"; Value = "AEC-Q200"; VariantName = "[No Variations]"
Add component (AddParameter): Name = "Resistance"; Value = "10 Ohms"; VariantName = "[No Variations]"
Add component (AddParameter): Name = "Series"; Value = "RNCS"; VariantName = "[No Variations]"
Add component (AddParameter): Name = "Size / Dimension"; Value = "0.079" L x 0.049" W (2.00mm x 1.25mm)"; VariantName = "[No Variations]"
Add component (AddParameter): Name = "Supplier 1"; Value = "DigiKey"; VariantName = "[No Variations]"
Add component (AddParameter): Name = "Supplier Device Package"; Value = "0805"; VariantName = "[No Variations]"
Add component (AddParameter): Name = "Supplier Part Number 1"; Value = "RNCS0805BKE10R0CT-ND"; VariantName = "[No Variations]"
Add component (AddParameter): Name = "Temperature Coefficient"; Value = "±25ppm/°C"; VariantName = "[No Variations]"
Add component (AddParameter): Name = "Tolerance"; Value = "±0.1%"; VariantName = "[No Variations]"
Add component (AddParameter): Name = "Value"; Value = "10 Ohms"; VariantName = "[No Variations]"
Added Component: Designator=R14(RES 0805_2012)
Add component (AddParameter): Name = "ComponentLink1Description"; Value = "Datasheet"; VariantName = "[No Variations]"
Add component (AddParameter): Name = "ComponentLink1URL"; Value = "https://www.seielect.com/catalog/sei-rncs_rnch.pdf"; VariantName = "[No Variations]"
Add component (AddParameter): Name = "ComponentLink2Description"; Value = "DigiKey Link"; VariantName = "[No Variations]"
Add component (AddParameter): Name = "ComponentLink2URL"; Value = "https://www.digikey.com/en/products/detail/stackpole-electronics-inc/RNCS0805BKE10R0/1800064"; VariantName = "[No Variations]"
Add component (AddParameter): Name = "Composition"; Value = "Thin Film"; VariantName = "[No Variations]"
Add component (AddParameter): Name = "Device Package"; Value = "0805 (2012 Metric)"; VariantName = "[No Variations]"
Add component (AddParameter): Name = "Features"; Value = "Anti-Corrosive, Automotive AEC-Q200, Moisture Resistant"; VariantName = "[No Variations]"
Add component (AddParameter): Name = "Height - Seated (Max)"; Value = "0.026" (0.65mm)"; VariantName = "[No Variations]"
Add component (AddParameter): Name = "LastUpdated"; Value = "08-02-2024 9.02.39 PM"; VariantName = "[No Variations]"
Add component (AddParameter): Name = "Lifecycle Status"; Value = "Active"; VariantName = "[No Variations]"
Add component (AddParameter): Name = "Manufacturer"; Value = "Stackpole Electronics Inc"; VariantName = "[No Variations]"
Add component (AddParameter): Name = "Minimum Order"; Value = "1"; VariantName = "[No Variations]"
Add component (AddParameter): Name = "Number of Terminations"; Value = "2"; VariantName = "[No Variations]"
Add component (AddParameter): Name = "Operating Temperature"; Value = "-55°C ~ 155°C"; VariantName = "[No Variations]"
Add component (AddParameter): Name = "Package / Case"; Value = "0805 (2012 Metric)"; VariantName = "[No Variations]"
Add component (AddParameter): Name = "Packaging"; Value = "TapeAndReel"; VariantName = "[No Variations]"
Add component (AddParameter): Name = "Part Number"; Value = "RNCS0805BKE10R0"; VariantName = "[No Variations]"
Add component (AddParameter): Name = "Part Status"; Value = "Active"; VariantName = "[No Variations]"
Add component (AddParameter): Name = "PartId"; Value = "27711"; VariantName = "[No Variations]"
Add component (AddParameter): Name = "Power (Watts)"; Value = "0.1W, 1/10W"; VariantName = "[No Variations]"
Add component (AddParameter): Name = "Price"; Value = "0.07"; VariantName = "[No Variations]"
Add component (AddParameter): Name = "Ratings"; Value = "AEC-Q200"; VariantName = "[No Variations]"
Add component (AddParameter): Name = "Resistance"; Value = "10 Ohms"; VariantName = "[No Variations]"
Add component (AddParameter): Name = "Series"; Value = "RNCS"; VariantName = "[No Variations]"
Add component (AddParameter): Name = "Size / Dimension"; Value = "0.079" L x 0.049" W (2.00mm x 1.25mm)"; VariantName = "[No Variations]"
Add component (AddParameter): Name = "Supplier 1"; Value = "DigiKey"; VariantName = "[No Variations]"
Add component (AddParameter): Name = "Supplier Device Package"; Value = "0805"; VariantName = "[No Variations]"
Add component (AddParameter): Name = "Supplier Part Number 1"; Value = "RNCS0805BKE10R0CT-ND"; VariantName = "[No Variations]"
Add component (AddParameter): Name = "Temperature Coefficient"; Value = "±25ppm/°C"; VariantName = "[No Variations]"
Add component (AddParameter): Name = "Tolerance"; Value = "±0.1%"; VariantName = "[No Variations]"
Add component (AddParameter): Name = "Value"; Value = "10 Ohms"; VariantName = "[No Variations]"
Added Component: Designator=R16(RES 0805_2012)
Add component (AddParameter): Name = "ComponentLink1Description"; Value = "Datasheet"; VariantName = "[No Variations]"
Add component (AddParameter): Name = "ComponentLink1URL"; Value = "https://www.seielect.com/catalog/sei-rncs_rnch.pdf"; VariantName = "[No Variations]"
Add component (AddParameter): Name = "ComponentLink2Description"; Value = "DigiKey Link"; VariantName = "[No Variations]"
Add component (AddParameter): Name = "ComponentLink2URL"; Value = "https://www.digikey.com/en/products/detail/stackpole-electronics-inc/RNCS0805BKE10R0/1800064"; VariantName = "[No Variations]"
Add component (AddParameter): Name = "Composition"; Value = "Thin Film"; VariantName = "[No Variations]"
Add component (AddParameter): Name = "Device Package"; Value = "0805 (2012 Metric)"; VariantName = "[No Variations]"
Add component (AddParameter): Name = "Features"; Value = "Anti-Corrosive, Automotive AEC-Q200, Moisture Resistant"; VariantName = "[No Variations]"
Add component (AddParameter): Name = "Height - Seated (Max)"; Value = "0.026" (0.65mm)"; VariantName = "[No Variations]"
Add component (AddParameter): Name = "LastUpdated"; Value = "08-02-2024 9.02.39 PM"; VariantName = "[No Variations]"
Add component (AddParameter): Name = "Lifecycle Status"; Value = "Active"; VariantName = "[No Variations]"
Add component (AddParameter): Name = "Manufacturer"; Value = "Stackpole Electronics Inc"; VariantName = "[No Variations]"
Add component (AddParameter): Name = "Minimum Order"; Value = "1"; VariantName = "[No Variations]"
Add component (AddParameter): Name = "Number of Terminations"; Value = "2"; VariantName = "[No Variations]"
Add component (AddParameter): Name = "Operating Temperature"; Value = "-55°C ~ 155°C"; VariantName = "[No Variations]"
Add component (AddParameter): Name = "Package / Case"; Value = "0805 (2012 Metric)"; VariantName = "[No Variations]"
Add component (AddParameter): Name = "Packaging"; Value = "TapeAndReel"; VariantName = "[No Variations]"
Add component (AddParameter): Name = "Part Number"; Value = "RNCS0805BKE10R0"; VariantName = "[No Variations]"
Add component (AddParameter): Name = "Part Status"; Value = "Active"; VariantName = "[No Variations]"
Add component (AddParameter): Name = "PartId"; Value = "27711"; VariantName = "[No Variations]"
Add component (AddParameter): Name = "Power (Watts)"; Value = "0.1W, 1/10W"; VariantName = "[No Variations]"
Add component (AddParameter): Name = "Price"; Value = "0.07"; VariantName = "[No Variations]"
Add component (AddParameter): Name = "Ratings"; Value = "AEC-Q200"; VariantName = "[No Variations]"
Add component (AddParameter): Name = "Resistance"; Value = "10 Ohms"; VariantName = "[No Variations]"
Add component (AddParameter): Name = "Series"; Value = "RNCS"; VariantName = "[No Variations]"
Add component (AddParameter): Name = "Size / Dimension"; Value = "0.079" L x 0.049" W (2.00mm x 1.25mm)"; VariantName = "[No Variations]"
Add component (AddParameter): Name = "Supplier 1"; Value = "DigiKey"; VariantName = "[No Variations]"
Add component (AddParameter): Name = "Supplier Device Package"; Value = "0805"; VariantName = "[No Variations]"
Add component (AddParameter): Name = "Supplier Part Number 1"; Value = "RNCS0805BKE10R0CT-ND"; VariantName = "[No Variations]"
Add component (AddParameter): Name = "Temperature Coefficient"; Value = "±25ppm/°C"; VariantName = "[No Variations]"
Add component (AddParameter): Name = "Tolerance"; Value = "±0.1%"; VariantName = "[No Variations]"
Add component (AddParameter): Name = "Value"; Value = "10 Ohms"; VariantName = "[No Variations]"
Added Component: Designator=R17(RES 0805_2012)
Add component (AddParameter): Name = "ComponentLink1Description"; Value = "Datasheet"; VariantName = "[No Variations]"
Add component (AddParameter): Name = "ComponentLink1URL"; Value = "https://www.seielect.com/catalog/sei-rncs_rnch.pdf"; VariantName = "[No Variations]"
Add component (AddParameter): Name = "ComponentLink2Description"; Value = "DigiKey Link"; VariantName = "[No Variations]"
Add component (AddParameter): Name = "ComponentLink2URL"; Value = "https://www.digikey.com/en/products/detail/stackpole-electronics-inc/RNCS0805BKE10R0/1800064"; VariantName = "[No Variations]"
Add component (AddParameter): Name = "Composition"; Value = "Thin Film"; VariantName = "[No Variations]"
Add component (AddParameter): Name = "Device Package"; Value = "0805 (2012 Metric)"; VariantName = "[No Variations]"
Add component (AddParameter): Name = "Features"; Value = "Anti-Corrosive, Automotive AEC-Q200, Moisture Resistant"; VariantName = "[No Variations]"
Add component (AddParameter): Name = "Height - Seated (Max)"; Value = "0.026" (0.65mm)"; VariantName = "[No Variations]"
Add component (AddParameter): Name = "LastUpdated"; Value = "08-02-2024 9.02.39 PM"; VariantName = "[No Variations]"
Add component (AddParameter): Name = "Lifecycle Status"; Value = "Active"; VariantName = "[No Variations]"
Add component (AddParameter): Name = "Manufacturer"; Value = "Stackpole Electronics Inc"; VariantName = "[No Variations]"
Add component (AddParameter): Name = "Minimum Order"; Value = "1"; VariantName = "[No Variations]"
Add component (AddParameter): Name = "Number of Terminations"; Value = "2"; VariantName = "[No Variations]"
Add component (AddParameter): Name = "Operating Temperature"; Value = "-55°C ~ 155°C"; VariantName = "[No Variations]"
Add component (AddParameter): Name = "Package / Case"; Value = "0805 (2012 Metric)"; VariantName = "[No Variations]"
Add component (AddParameter): Name = "Packaging"; Value = "TapeAndReel"; VariantName = "[No Variations]"
Add component (AddParameter): Name = "Part Number"; Value = "RNCS0805BKE10R0"; VariantName = "[No Variations]"
Add component (AddParameter): Name = "Part Status"; Value = "Active"; VariantName = "[No Variations]"
Add component (AddParameter): Name = "PartId"; Value = "27711"; VariantName = "[No Variations]"
Add component (AddParameter): Name = "Power (Watts)"; Value = "0.1W, 1/10W"; VariantName = "[No Variations]"
Add component (AddParameter): Name = "Price"; Value = "0.07"; VariantName = "[No Variations]"
Add component (AddParameter): Name = "Ratings"; Value = "AEC-Q200"; VariantName = "[No Variations]"
Add component (AddParameter): Name = "Resistance"; Value = "10 Ohms"; VariantName = "[No Variations]"
Add component (AddParameter): Name = "Series"; Value = "RNCS"; VariantName = "[No Variations]"
Add component (AddParameter): Name = "Size / Dimension"; Value = "0.079" L x 0.049" W (2.00mm x 1.25mm)"; VariantName = "[No Variations]"
Add component (AddParameter): Name = "Supplier 1"; Value = "DigiKey"; VariantName = "[No Variations]"
Add component (AddParameter): Name = "Supplier Device Package"; Value = "0805"; VariantName = "[No Variations]"
Add component (AddParameter): Name = "Supplier Part Number 1"; Value = "RNCS0805BKE10R0CT-ND"; VariantName = "[No Variations]"
Add component (AddParameter): Name = "Temperature Coefficient"; Value = "±25ppm/°C"; VariantName = "[No Variations]"
Add component (AddParameter): Name = "Tolerance"; Value = "±0.1%"; VariantName = "[No Variations]"
Add component (AddParameter): Name = "Value"; Value = "10 Ohms"; VariantName = "[No Variations]"
Added Component: Designator=R18(RES 0805_2012)
Add component (AddParameter): Name = "ComponentLink1Description"; Value = "Datasheet"; VariantName = "[No Variations]"
Add component (AddParameter): Name = "ComponentLink1URL"; Value = "https://www.seielect.com/catalog/sei-rncs_rnch.pdf"; VariantName = "[No Variations]"
Add component (AddParameter): Name = "ComponentLink2Description"; Value = "DigiKey Link"; VariantName = "[No Variations]"
Add component (AddParameter): Name = "ComponentLink2URL"; Value = "https://www.digikey.com/en/products/detail/stackpole-electronics-inc/RNCS0805BKE10R0/1800064"; VariantName = "[No Variations]"
Add component (AddParameter): Name = "Composition"; Value = "Thin Film"; VariantName = "[No Variations]"
Add component (AddParameter): Name = "Device Package"; Value = "0805 (2012 Metric)"; VariantName = "[No Variations]"
Add component (AddParameter): Name = "Features"; Value = "Anti-Corrosive, Automotive AEC-Q200, Moisture Resistant"; VariantName = "[No Variations]"
Add component (AddParameter): Name = "Height - Seated (Max)"; Value = "0.026" (0.65mm)"; VariantName = "[No Variations]"
Add component (AddParameter): Name = "LastUpdated"; Value = "08-02-2024 9.02.39 PM"; VariantName = "[No Variations]"
Add component (AddParameter): Name = "Lifecycle Status"; Value = "Active"; VariantName = "[No Variations]"
Add component (AddParameter): Name = "Manufacturer"; Value = "Stackpole Electronics Inc"; VariantName = "[No Variations]"
Add component (AddParameter): Name = "Minimum Order"; Value = "1"; VariantName = "[No Variations]"
Add component (AddParameter): Name = "Number of Terminations"; Value = "2"; VariantName = "[No Variations]"
Add component (AddParameter): Name = "Operating Temperature"; Value = "-55°C ~ 155°C"; VariantName = "[No Variations]"
Add component (AddParameter): Name = "Package / Case"; Value = "0805 (2012 Metric)"; VariantName = "[No Variations]"
Add component (AddParameter): Name = "Packaging"; Value = "TapeAndReel"; VariantName = "[No Variations]"
Add component (AddParameter): Name = "Part Number"; Value = "RNCS0805BKE10R0"; VariantName = "[No Variations]"
Add component (AddParameter): Name = "Part Status"; Value = "Active"; VariantName = "[No Variations]"
Add component (AddParameter): Name = "PartId"; Value = "27711"; VariantName = "[No Variations]"
Add component (AddParameter): Name = "Power (Watts)"; Value = "0.1W, 1/10W"; VariantName = "[No Variations]"
Add component (AddParameter): Name = "Price"; Value = "0.07"; VariantName = "[No Variations]"
Add component (AddParameter): Name = "Ratings"; Value = "AEC-Q200"; VariantName = "[No Variations]"
Add component (AddParameter): Name = "Resistance"; Value = "10 Ohms"; VariantName = "[No Variations]"
Add component (AddParameter): Name = "Series"; Value = "RNCS"; VariantName = "[No Variations]"
Add component (AddParameter): Name = "Size / Dimension"; Value = "0.079" L x 0.049" W (2.00mm x 1.25mm)"; VariantName = "[No Variations]"
Add component (AddParameter): Name = "Supplier 1"; Value = "DigiKey"; VariantName = "[No Variations]"
Add component (AddParameter): Name = "Supplier Device Package"; Value = "0805"; VariantName = "[No Variations]"
Add component (AddParameter): Name = "Supplier Part Number 1"; Value = "RNCS0805BKE10R0CT-ND"; VariantName = "[No Variations]"
Add component (AddParameter): Name = "Temperature Coefficient"; Value = "±25ppm/°C"; VariantName = "[No Variations]"
Add component (AddParameter): Name = "Tolerance"; Value = "±0.1%"; VariantName = "[No Variations]"
Add component (AddParameter): Name = "Value"; Value = "10 Ohms"; VariantName = "[No Variations]"
Added Component: Designator=R19(RES 0805_2012)
Add component (AddParameter): Name = "ComponentLink1Description"; Value = "Datasheet"; VariantName = "[No Variations]"
Add component (AddParameter): Name = "ComponentLink1URL"; Value = "https://www.seielect.com/catalog/sei-rncs_rnch.pdf"; VariantName = "[No Variations]"
Add component (AddParameter): Name = "ComponentLink2Description"; Value = "DigiKey Link"; VariantName = "[No Variations]"
Add component (AddParameter): Name = "ComponentLink2URL"; Value = "https://www.digikey.com/en/products/detail/stackpole-electronics-inc/RNCS0805BKE10R0/1800064"; VariantName = "[No Variations]"
Add component (AddParameter): Name = "Composition"; Value = "Thin Film"; VariantName = "[No Variations]"
Add component (AddParameter): Name = "Device Package"; Value = "0805 (2012 Metric)"; VariantName = "[No Variations]"
Add component (AddParameter): Name = "Features"; Value = "Anti-Corrosive, Automotive AEC-Q200, Moisture Resistant"; VariantName = "[No Variations]"
Add component (AddParameter): Name = "Height - Seated (Max)"; Value = "0.026" (0.65mm)"; VariantName = "[No Variations]"
Add component (AddParameter): Name = "LastUpdated"; Value = "08-02-2024 9.02.39 PM"; VariantName = "[No Variations]"
Add component (AddParameter): Name = "Lifecycle Status"; Value = "Active"; VariantName = "[No Variations]"
Add component (AddParameter): Name = "Manufacturer"; Value = "Stackpole Electronics Inc"; VariantName = "[No Variations]"
Add component (AddParameter): Name = "Minimum Order"; Value = "1"; VariantName = "[No Variations]"
Add component (AddParameter): Name = "Number of Terminations"; Value = "2"; VariantName = "[No Variations]"
Add component (AddParameter): Name = "Operating Temperature"; Value = "-55°C ~ 155°C"; VariantName = "[No Variations]"
Add component (AddParameter): Name = "Package / Case"; Value = "0805 (2012 Metric)"; VariantName = "[No Variations]"
Add component (AddParameter): Name = "Packaging"; Value = "TapeAndReel"; VariantName = "[No Variations]"
Add component (AddParameter): Name = "Part Number"; Value = "RNCS0805BKE10R0"; VariantName = "[No Variations]"
Add component (AddParameter): Name = "Part Status"; Value = "Active"; VariantName = "[No Variations]"
Add component (AddParameter): Name = "PartId"; Value = "27711"; VariantName = "[No Variations]"
Add component (AddParameter): Name = "Power (Watts)"; Value = "0.1W, 1/10W"; VariantName = "[No Variations]"
Add component (AddParameter): Name = "Price"; Value = "0.07"; VariantName = "[No Variations]"
Add component (AddParameter): Name = "Ratings"; Value = "AEC-Q200"; VariantName = "[No Variations]"
Add component (AddParameter): Name = "Resistance"; Value = "10 Ohms"; VariantName = "[No Variations]"
Add component (AddParameter): Name = "Series"; Value = "RNCS"; VariantName = "[No Variations]"
Add component (AddParameter): Name = "Size / Dimension"; Value = "0.079" L x 0.049" W (2.00mm x 1.25mm)"; VariantName = "[No Variations]"
Add component (AddParameter): Name = "Supplier 1"; Value = "DigiKey"; VariantName = "[No Variations]"
Add component (AddParameter): Name = "Supplier Device Package"; Value = "0805"; VariantName = "[No Variations]"
Add component (AddParameter): Name = "Supplier Part Number 1"; Value = "RNCS0805BKE10R0CT-ND"; VariantName = "[No Variations]"
Add component (AddParameter): Name = "Temperature Coefficient"; Value = "±25ppm/°C"; VariantName = "[No Variations]"
Add component (AddParameter): Name = "Tolerance"; Value = "±0.1%"; VariantName = "[No Variations]"
Add component (AddParameter): Name = "Value"; Value = "10 Ohms"; VariantName = "[No Variations]"
Added Component: Designator=R31(RES 0805_2012)
Add component (AddParameter): Name = "ComponentLink1Description"; Value = "Datasheet"; VariantName = "[No Variations]"
Add component (AddParameter): Name = "ComponentLink1URL"; Value = "http://www.vishay.com/docs/20043/crcwhpe3.pdf"; VariantName = "[No Variations]"
Add component (AddParameter): Name = "ComponentLink2Description"; Value = "DigiKey Link"; VariantName = "[No Variations]"
Add component (AddParameter): Name = "ComponentLink2URL"; Value = "https://www.digikey.com/en/products/detail/vishay-dale/CRCW0805330RFKEAHP/2226912"; VariantName = "[No Variations]"
Add component (AddParameter): Name = "Composition"; Value = "Thick Film"; VariantName = "[No Variations]"
Add component (AddParameter): Name = "Device Package"; Value = "0805 (2012 Metric)"; VariantName = "[No Variations]"
Add component (AddParameter): Name = "Features"; Value = "Automotive AEC-Q200, Pulse Withstanding"; VariantName = "[No Variations]"
Add component (AddParameter): Name = "Height - Seated (Max)"; Value = "0.020" (0.50mm)"; VariantName = "[No Variations]"
Add component (AddParameter): Name = "LastUpdated"; Value = "08-02-2024 9.02.28 PM"; VariantName = "[No Variations]"
Add component (AddParameter): Name = "Lifecycle Status"; Value = "Active"; VariantName = "[No Variations]"
Add component (AddParameter): Name = "Manufacturer"; Value = "Vishay Dale"; VariantName = "[No Variations]"
Add component (AddParameter): Name = "Minimum Order"; Value = "1"; VariantName = "[No Variations]"
Add component (AddParameter): Name = "Number of Terminations"; Value = "2"; VariantName = "[No Variations]"
Add component (AddParameter): Name = "Operating Temperature"; Value = "-55°C ~ 155°C"; VariantName = "[No Variations]"
Add component (AddParameter): Name = "Package / Case"; Value = "0805 (2012 Metric)"; VariantName = "[No Variations]"
Add component (AddParameter): Name = "Packaging"; Value = "TapeAndReel"; VariantName = "[No Variations]"
Add component (AddParameter): Name = "Part Number"; Value = "CRCW0805330RFKEAHP"; VariantName = "[No Variations]"
Add component (AddParameter): Name = "Part Status"; Value = "Active"; VariantName = "[No Variations]"
Add component (AddParameter): Name = "PartId"; Value = "30364"; VariantName = "[No Variations]"
Add component (AddParameter): Name = "Power (Watts)"; Value = "0.5W, 1/2W"; VariantName = "[No Variations]"
Add component (AddParameter): Name = "Price"; Value = "0.02"; VariantName = "[No Variations]"
Add component (AddParameter): Name = "Ratings"; Value = "AEC-Q200"; VariantName = "[No Variations]"
Add component (AddParameter): Name = "Resistance"; Value = "330 Ohms"; VariantName = "[No Variations]"
Add component (AddParameter): Name = "Series"; Value = "CRCW-HP"; VariantName = "[No Variations]"
Add component (AddParameter): Name = "Size / Dimension"; Value = "0.079" L x 0.049" W (2.00mm x 1.25mm)"; VariantName = "[No Variations]"
Add component (AddParameter): Name = "Supplier 1"; Value = "DigiKey"; VariantName = "[No Variations]"
Add component (AddParameter): Name = "Supplier Device Package"; Value = "0805"; VariantName = "[No Variations]"
Add component (AddParameter): Name = "Supplier Part Number 1"; Value = "541-330TCT-ND"; VariantName = "[No Variations]"
Add component (AddParameter): Name = "Temperature Coefficient"; Value = "±100ppm/°C"; VariantName = "[No Variations]"
Add component (AddParameter): Name = "Tolerance"; Value = "±1%"; VariantName = "[No Variations]"
Add component (AddParameter): Name = "Value"; Value = "330 Ohms"; VariantName = "[No Variations]"
Added Component: Designator=R32(RES 0805_2012)
Add component (AddParameter): Name = "ComponentLink1Description"; Value = "Datasheet"; VariantName = "[No Variations]"
Add component (AddParameter): Name = "ComponentLink1URL"; Value = "https://www.rohm.com/datasheet/ESR01MZPF/esr-e"; VariantName = "[No Variations]"
Add component (AddParameter): Name = "ComponentLink2Description"; Value = "DigiKey Link"; VariantName = "[No Variations]"
Add component (AddParameter): Name = "ComponentLink2URL"; Value = "https://www.digikey.com/en/products/detail/rohm-semiconductor/ESR10EZPF1002/1983481"; VariantName = "[No Variations]"
Add component (AddParameter): Name = "Composition"; Value = "Thick Film"; VariantName = "[No Variations]"
Add component (AddParameter): Name = "Device Package"; Value = "0805 (2012 Metric)"; VariantName = "[No Variations]"
Add component (AddParameter): Name = "Features"; Value = "Automotive AEC-Q200, Pulse Withstanding"; VariantName = "[No Variations]"
Add component (AddParameter): Name = "Height - Seated (Max)"; Value = "0.026" (0.65mm)"; VariantName = "[No Variations]"
Add component (AddParameter): Name = "LastUpdated"; Value = "08-02-2024 9.02.37 PM"; VariantName = "[No Variations]"
Add component (AddParameter): Name = "Lifecycle Status"; Value = "Active"; VariantName = "[No Variations]"
Add component (AddParameter): Name = "Manufacturer"; Value = "Rohm Semiconductor"; VariantName = "[No Variations]"
Add component (AddParameter): Name = "Minimum Order"; Value = "1"; VariantName = "[No Variations]"
Add component (AddParameter): Name = "Number of Terminations"; Value = "2"; VariantName = "[No Variations]"
Add component (AddParameter): Name = "Operating Temperature"; Value = "-55°C ~ 155°C"; VariantName = "[No Variations]"
Add component (AddParameter): Name = "Package / Case"; Value = "0805 (2012 Metric)"; VariantName = "[No Variations]"
Add component (AddParameter): Name = "Packaging"; Value = "TapeAndReel"; VariantName = "[No Variations]"
Add component (AddParameter): Name = "Part Number"; Value = "ESR10EZPF1002"; VariantName = "[No Variations]"
Add component (AddParameter): Name = "Part Status"; Value = "Active"; VariantName = "[No Variations]"
Add component (AddParameter): Name = "PartId"; Value = "28034"; VariantName = "[No Variations]"
Add component (AddParameter): Name = "Power (Watts)"; Value = "0.4W, 2/5W"; VariantName = "[No Variations]"
Add component (AddParameter): Name = "Price"; Value = "0.02"; VariantName = "[No Variations]"
Add component (AddParameter): Name = "Ratings"; Value = "AEC-Q200"; VariantName = "[No Variations]"
Add component (AddParameter): Name = "Resistance"; Value = "10 kOhms"; VariantName = "[No Variations]"
Add component (AddParameter): Name = "Series"; Value = "ESR"; VariantName = "[No Variations]"
Add component (AddParameter): Name = "Size / Dimension"; Value = "0.079" L x 0.049" W (2.00mm x 1.25mm)"; VariantName = "[No Variations]"
Add component (AddParameter): Name = "Supplier 1"; Value = "DigiKey"; VariantName = "[No Variations]"
Add component (AddParameter): Name = "Supplier Device Package"; Value = "0805"; VariantName = "[No Variations]"
Add component (AddParameter): Name = "Supplier Part Number 1"; Value = "RHM10.0KAECT-ND"; VariantName = "[No Variations]"
Add component (AddParameter): Name = "Temperature Coefficient"; Value = "±100ppm/°C"; VariantName = "[No Variations]"
Add component (AddParameter): Name = "Tolerance"; Value = "±1%"; VariantName = "[No Variations]"
Add component (AddParameter): Name = "Value"; Value = "10 kOhms"; VariantName = "[No Variations]"
Added Component: Designator=R33(RES 0805_2012)
Add component (AddParameter): Name = "ComponentLink1Description"; Value = "Datasheet"; VariantName = "[No Variations]"
Add component (AddParameter): Name = "ComponentLink1URL"; Value = "https://www.rohm.com/datasheet/ESR01MZPF/esr-e"; VariantName = "[No Variations]"
Add component (AddParameter): Name = "ComponentLink2Description"; Value = "DigiKey Link"; VariantName = "[No Variations]"
Add component (AddParameter): Name = "ComponentLink2URL"; Value = "https://www.digikey.com/en/products/detail/rohm-semiconductor/ESR10EZPF1001/1983480"; VariantName = "[No Variations]"
Add component (AddParameter): Name = "Composition"; Value = "Thick Film"; VariantName = "[No Variations]"
Add component (AddParameter): Name = "Device Package"; Value = "0805 (2012 Metric)"; VariantName = "[No Variations]"
Add component (AddParameter): Name = "Features"; Value = "Automotive AEC-Q200, Pulse Withstanding"; VariantName = "[No Variations]"
Add component (AddParameter): Name = "Height - Seated (Max)"; Value = "0.026" (0.65mm)"; VariantName = "[No Variations]"
Add component (AddParameter): Name = "LastUpdated"; Value = "08-02-2024 9.02.37 PM"; VariantName = "[No Variations]"
Add component (AddParameter): Name = "Lifecycle Status"; Value = "Active"; VariantName = "[No Variations]"
Add component (AddParameter): Name = "Manufacturer"; Value = "Rohm Semiconductor"; VariantName = "[No Variations]"
Add component (AddParameter): Name = "Minimum Order"; Value = "1"; VariantName = "[No Variations]"
Add component (AddParameter): Name = "Number of Terminations"; Value = "2"; VariantName = "[No Variations]"
Add component (AddParameter): Name = "Operating Temperature"; Value = "-55°C ~ 155°C"; VariantName = "[No Variations]"
Add component (AddParameter): Name = "Package / Case"; Value = "0805 (2012 Metric)"; VariantName = "[No Variations]"
Add component (AddParameter): Name = "Packaging"; Value = "TapeAndReel"; VariantName = "[No Variations]"
Add component (AddParameter): Name = "Part Number"; Value = "ESR10EZPF1001"; VariantName = "[No Variations]"
Add component (AddParameter): Name = "Part Status"; Value = "Active"; VariantName = "[No Variations]"
Add component (AddParameter): Name = "PartId"; Value = "28032"; VariantName = "[No Variations]"
Add component (AddParameter): Name = "Power (Watts)"; Value = "0.4W, 2/5W"; VariantName = "[No Variations]"
Add component (AddParameter): Name = "Price"; Value = "0.02"; VariantName = "[No Variations]"
Add component (AddParameter): Name = "Ratings"; Value = "AEC-Q200"; VariantName = "[No Variations]"
Add component (AddParameter): Name = "Resistance"; Value = "1 kOhms"; VariantName = "[No Variations]"
Add component (AddParameter): Name = "Series"; Value = "ESR"; VariantName = "[No Variations]"
Add component (AddParameter): Name = "Size / Dimension"; Value = "0.079" L x 0.049" W (2.00mm x 1.25mm)"; VariantName = "[No Variations]"
Add component (AddParameter): Name = "Supplier 1"; Value = "DigiKey"; VariantName = "[No Variations]"
Add component (AddParameter): Name = "Supplier Device Package"; Value = "0805"; VariantName = "[No Variations]"
Add component (AddParameter): Name = "Supplier Part Number 1"; Value = "RHM1.00KAECT-ND"; VariantName = "[No Variations]"
Add component (AddParameter): Name = "Temperature Coefficient"; Value = "±100ppm/°C"; VariantName = "[No Variations]"
Add component (AddParameter): Name = "Tolerance"; Value = "±1%"; VariantName = "[No Variations]"
Add component (AddParameter): Name = "Value"; Value = "1 kOhms"; VariantName = "[No Variations]"
Added Component: Designator=R37(RES 0805_2012)
Add component (AddParameter): Name = "ComponentLink1Description"; Value = "Datasheet"; VariantName = "[No Variations]"
Add component (AddParameter): Name = "ComponentLink1URL"; Value = "http://www.vishay.com/docs/20043/crcwhpe3.pdf"; VariantName = "[No Variations]"
Add component (AddParameter): Name = "ComponentLink2Description"; Value = "DigiKey Link"; VariantName = "[No Variations]"
Add component (AddParameter): Name = "ComponentLink2URL"; Value = "https://www.digikey.com/en/products/detail/vishay-dale/CRCW0805330RFKEAHP/2226912"; VariantName = "[No Variations]"
Add component (AddParameter): Name = "Composition"; Value = "Thick Film"; VariantName = "[No Variations]"
Add component (AddParameter): Name = "Device Package"; Value = "0805 (2012 Metric)"; VariantName = "[No Variations]"
Add component (AddParameter): Name = "Features"; Value = "Automotive AEC-Q200, Pulse Withstanding"; VariantName = "[No Variations]"
Add component (AddParameter): Name = "Height - Seated (Max)"; Value = "0.020" (0.50mm)"; VariantName = "[No Variations]"
Add component (AddParameter): Name = "LastUpdated"; Value = "08-02-2024 9.02.28 PM"; VariantName = "[No Variations]"
Add component (AddParameter): Name = "Lifecycle Status"; Value = "Active"; VariantName = "[No Variations]"
Add component (AddParameter): Name = "Manufacturer"; Value = "Vishay Dale"; VariantName = "[No Variations]"
Add component (AddParameter): Name = "Minimum Order"; Value = "1"; VariantName = "[No Variations]"
Add component (AddParameter): Name = "Number of Terminations"; Value = "2"; VariantName = "[No Variations]"
Add component (AddParameter): Name = "Operating Temperature"; Value = "-55°C ~ 155°C"; VariantName = "[No Variations]"
Add component (AddParameter): Name = "Package / Case"; Value = "0805 (2012 Metric)"; VariantName = "[No Variations]"
Add component (AddParameter): Name = "Packaging"; Value = "TapeAndReel"; VariantName = "[No Variations]"
Add component (AddParameter): Name = "Part Number"; Value = "CRCW0805330RFKEAHP"; VariantName = "[No Variations]"
Add component (AddParameter): Name = "Part Status"; Value = "Active"; VariantName = "[No Variations]"
Add component (AddParameter): Name = "PartId"; Value = "30364"; VariantName = "[No Variations]"
Add component (AddParameter): Name = "Power (Watts)"; Value = "0.5W, 1/2W"; VariantName = "[No Variations]"
Add component (AddParameter): Name = "Price"; Value = "0.02"; VariantName = "[No Variations]"
Add component (AddParameter): Name = "Ratings"; Value = "AEC-Q200"; VariantName = "[No Variations]"
Add component (AddParameter): Name = "Resistance"; Value = "330 Ohms"; VariantName = "[No Variations]"
Add component (AddParameter): Name = "Series"; Value = "CRCW-HP"; VariantName = "[No Variations]"
Add component (AddParameter): Name = "Size / Dimension"; Value = "0.079" L x 0.049" W (2.00mm x 1.25mm)"; VariantName = "[No Variations]"
Add component (AddParameter): Name = "Supplier 1"; Value = "DigiKey"; VariantName = "[No Variations]"
Add component (AddParameter): Name = "Supplier Device Package"; Value = "0805"; VariantName = "[No Variations]"
Add component (AddParameter): Name = "Supplier Part Number 1"; Value = "541-330TCT-ND"; VariantName = "[No Variations]"
Add component (AddParameter): Name = "Temperature Coefficient"; Value = "±100ppm/°C"; VariantName = "[No Variations]"
Add component (AddParameter): Name = "Tolerance"; Value = "±1%"; VariantName = "[No Variations]"
Add component (AddParameter): Name = "Value"; Value = "330 Ohms"; VariantName = "[No Variations]"
Added Component: Designator=R39(RES 0805_2012)
Add component (AddParameter): Name = "ComponentLink1Description"; Value = "Datasheet"; VariantName = "[No Variations]"
Add component (AddParameter): Name = "ComponentLink1URL"; Value = "http://www.vishay.com/docs/20043/crcwhpe3.pdf"; VariantName = "[No Variations]"
Add component (AddParameter): Name = "ComponentLink2Description"; Value = "DigiKey Link"; VariantName = "[No Variations]"
Add component (AddParameter): Name = "ComponentLink2URL"; Value = "https://www.digikey.com/en/products/detail/vishay-dale/CRCW0805330RFKEAHP/2226912"; VariantName = "[No Variations]"
Add component (AddParameter): Name = "Composition"; Value = "Thick Film"; VariantName = "[No Variations]"
Add component (AddParameter): Name = "Device Package"; Value = "0805 (2012 Metric)"; VariantName = "[No Variations]"
Add component (AddParameter): Name = "Features"; Value = "Automotive AEC-Q200, Pulse Withstanding"; VariantName = "[No Variations]"
Add component (AddParameter): Name = "Height - Seated (Max)"; Value = "0.020" (0.50mm)"; VariantName = "[No Variations]"
Add component (AddParameter): Name = "LastUpdated"; Value = "08-02-2024 9.02.28 PM"; VariantName = "[No Variations]"
Add component (AddParameter): Name = "Lifecycle Status"; Value = "Active"; VariantName = "[No Variations]"
Add component (AddParameter): Name = "Manufacturer"; Value = "Vishay Dale"; VariantName = "[No Variations]"
Add component (AddParameter): Name = "Minimum Order"; Value = "1"; VariantName = "[No Variations]"
Add component (AddParameter): Name = "Number of Terminations"; Value = "2"; VariantName = "[No Variations]"
Add component (AddParameter): Name = "Operating Temperature"; Value = "-55°C ~ 155°C"; VariantName = "[No Variations]"
Add component (AddParameter): Name = "Package / Case"; Value = "0805 (2012 Metric)"; VariantName = "[No Variations]"
Add component (AddParameter): Name = "Packaging"; Value = "TapeAndReel"; VariantName = "[No Variations]"
Add component (AddParameter): Name = "Part Number"; Value = "CRCW0805330RFKEAHP"; VariantName = "[No Variations]"
Add component (AddParameter): Name = "Part Status"; Value = "Active"; VariantName = "[No Variations]"
Add component (AddParameter): Name = "PartId"; Value = "30364"; VariantName = "[No Variations]"
Add component (AddParameter): Name = "Power (Watts)"; Value = "0.5W, 1/2W"; VariantName = "[No Variations]"
Add component (AddParameter): Name = "Price"; Value = "0.02"; VariantName = "[No Variations]"
Add component (AddParameter): Name = "Ratings"; Value = "AEC-Q200"; VariantName = "[No Variations]"
Add component (AddParameter): Name = "Resistance"; Value = "330 Ohms"; VariantName = "[No Variations]"
Add component (AddParameter): Name = "Series"; Value = "CRCW-HP"; VariantName = "[No Variations]"
Add component (AddParameter): Name = "Size / Dimension"; Value = "0.079" L x 0.049" W (2.00mm x 1.25mm)"; VariantName = "[No Variations]"
Add component (AddParameter): Name = "Supplier 1"; Value = "DigiKey"; VariantName = "[No Variations]"
Add component (AddParameter): Name = "Supplier Device Package"; Value = "0805"; VariantName = "[No Variations]"
Add component (AddParameter): Name = "Supplier Part Number 1"; Value = "541-330TCT-ND"; VariantName = "[No Variations]"
Add component (AddParameter): Name = "Temperature Coefficient"; Value = "±100ppm/°C"; VariantName = "[No Variations]"
Add component (AddParameter): Name = "Tolerance"; Value = "±1%"; VariantName = "[No Variations]"
Add component (AddParameter): Name = "Value"; Value = "330 Ohms"; VariantName = "[No Variations]"
Added Component: Designator=R40(RES 0805_2012)
Add component (AddParameter): Name = "ComponentLink1Description"; Value = "Datasheet"; VariantName = "[No Variations]"
Add component (AddParameter): Name = "ComponentLink1URL"; Value = "https://www.rohm.com/datasheet/ESR01MZPF/esr-e"; VariantName = "[No Variations]"
Add component (AddParameter): Name = "ComponentLink2Description"; Value = "DigiKey Link"; VariantName = "[No Variations]"
Add component (AddParameter): Name = "ComponentLink2URL"; Value = "https://www.digikey.com/en/products/detail/rohm-semiconductor/ESR10EZPF1002/1983481"; VariantName = "[No Variations]"
Add component (AddParameter): Name = "Composition"; Value = "Thick Film"; VariantName = "[No Variations]"
Add component (AddParameter): Name = "Device Package"; Value = "0805 (2012 Metric)"; VariantName = "[No Variations]"
Add component (AddParameter): Name = "Features"; Value = "Automotive AEC-Q200, Pulse Withstanding"; VariantName = "[No Variations]"
Add component (AddParameter): Name = "Height - Seated (Max)"; Value = "0.026" (0.65mm)"; VariantName = "[No Variations]"
Add component (AddParameter): Name = "LastUpdated"; Value = "08-02-2024 9.02.37 PM"; VariantName = "[No Variations]"
Add component (AddParameter): Name = "Lifecycle Status"; Value = "Active"; VariantName = "[No Variations]"
Add component (AddParameter): Name = "Manufacturer"; Value = "Rohm Semiconductor"; VariantName = "[No Variations]"
Add component (AddParameter): Name = "Minimum Order"; Value = "1"; VariantName = "[No Variations]"
Add component (AddParameter): Name = "Number of Terminations"; Value = "2"; VariantName = "[No Variations]"
Add component (AddParameter): Name = "Operating Temperature"; Value = "-55°C ~ 155°C"; VariantName = "[No Variations]"
Add component (AddParameter): Name = "Package / Case"; Value = "0805 (2012 Metric)"; VariantName = "[No Variations]"
Add component (AddParameter): Name = "Packaging"; Value = "TapeAndReel"; VariantName = "[No Variations]"
Add component (AddParameter): Name = "Part Number"; Value = "ESR10EZPF1002"; VariantName = "[No Variations]"
Add component (AddParameter): Name = "Part Status"; Value = "Active"; VariantName = "[No Variations]"
Add component (AddParameter): Name = "PartId"; Value = "28034"; VariantName = "[No Variations]"
Add component (AddParameter): Name = "Power (Watts)"; Value = "0.4W, 2/5W"; VariantName = "[No Variations]"
Add component (AddParameter): Name = "Price"; Value = "0.02"; VariantName = "[No Variations]"
Add component (AddParameter): Name = "Ratings"; Value = "AEC-Q200"; VariantName = "[No Variations]"
Add component (AddParameter): Name = "Resistance"; Value = "10 kOhms"; VariantName = "[No Variations]"
Add component (AddParameter): Name = "Series"; Value = "ESR"; VariantName = "[No Variations]"
Add component (AddParameter): Name = "Size / Dimension"; Value = "0.079" L x 0.049" W (2.00mm x 1.25mm)"; VariantName = "[No Variations]"
Add component (AddParameter): Name = "Supplier 1"; Value = "DigiKey"; VariantName = "[No Variations]"
Add component (AddParameter): Name = "Supplier Device Package"; Value = "0805"; VariantName = "[No Variations]"
Add component (AddParameter): Name = "Supplier Part Number 1"; Value = "RHM10.0KAECT-ND"; VariantName = "[No Variations]"
Add component (AddParameter): Name = "Temperature Coefficient"; Value = "±100ppm/°C"; VariantName = "[No Variations]"
Add component (AddParameter): Name = "Tolerance"; Value = "±1%"; VariantName = "[No Variations]"
Add component (AddParameter): Name = "Value"; Value = "10 kOhms"; VariantName = "[No Variations]"
Added Component: Designator=R41(RES 0805_2012)
Add component (AddParameter): Name = "ComponentLink1Description"; Value = "Datasheet"; VariantName = "[No Variations]"
Add component (AddParameter): Name = "ComponentLink1URL"; Value = "https://www.rohm.com/datasheet/ESR01MZPF/esr-e"; VariantName = "[No Variations]"
Add component (AddParameter): Name = "ComponentLink2Description"; Value = "DigiKey Link"; VariantName = "[No Variations]"
Add component (AddParameter): Name = "ComponentLink2URL"; Value = "https://www.digikey.com/en/products/detail/rohm-semiconductor/ESR10EZPF1001/1983480"; VariantName = "[No Variations]"
Add component (AddParameter): Name = "Composition"; Value = "Thick Film"; VariantName = "[No Variations]"
Add component (AddParameter): Name = "Device Package"; Value = "0805 (2012 Metric)"; VariantName = "[No Variations]"
Add component (AddParameter): Name = "Features"; Value = "Automotive AEC-Q200, Pulse Withstanding"; VariantName = "[No Variations]"
Add component (AddParameter): Name = "Height - Seated (Max)"; Value = "0.026" (0.65mm)"; VariantName = "[No Variations]"
Add component (AddParameter): Name = "LastUpdated"; Value = "08-02-2024 9.02.37 PM"; VariantName = "[No Variations]"
Add component (AddParameter): Name = "Lifecycle Status"; Value = "Active"; VariantName = "[No Variations]"
Add component (AddParameter): Name = "Manufacturer"; Value = "Rohm Semiconductor"; VariantName = "[No Variations]"
Add component (AddParameter): Name = "Minimum Order"; Value = "1"; VariantName = "[No Variations]"
Add component (AddParameter): Name = "Number of Terminations"; Value = "2"; VariantName = "[No Variations]"
Add component (AddParameter): Name = "Operating Temperature"; Value = "-55°C ~ 155°C"; VariantName = "[No Variations]"
Add component (AddParameter): Name = "Package / Case"; Value = "0805 (2012 Metric)"; VariantName = "[No Variations]"
Add component (AddParameter): Name = "Packaging"; Value = "TapeAndReel"; VariantName = "[No Variations]"
Add component (AddParameter): Name = "Part Number"; Value = "ESR10EZPF1001"; VariantName = "[No Variations]"
Add component (AddParameter): Name = "Part Status"; Value = "Active"; VariantName = "[No Variations]"
Add component (AddParameter): Name = "PartId"; Value = "28032"; VariantName = "[No Variations]"
Add component (AddParameter): Name = "Power (Watts)"; Value = "0.4W, 2/5W"; VariantName = "[No Variations]"
Add component (AddParameter): Name = "Price"; Value = "0.02"; VariantName = "[No Variations]"
Add component (AddParameter): Name = "Ratings"; Value = "AEC-Q200"; VariantName = "[No Variations]"
Add component (AddParameter): Name = "Resistance"; Value = "1 kOhms"; VariantName = "[No Variations]"
Add component (AddParameter): Name = "Series"; Value = "ESR"; VariantName = "[No Variations]"
Add component (AddParameter): Name = "Size / Dimension"; Value = "0.079" L x 0.049" W (2.00mm x 1.25mm)"; VariantName = "[No Variations]"
Add component (AddParameter): Name = "Supplier 1"; Value = "DigiKey"; VariantName = "[No Variations]"
Add component (AddParameter): Name = "Supplier Device Package"; Value = "0805"; VariantName = "[No Variations]"
Add component (AddParameter): Name = "Supplier Part Number 1"; Value = "RHM1.00KAECT-ND"; VariantName = "[No Variations]"
Add component (AddParameter): Name = "Temperature Coefficient"; Value = "±100ppm/°C"; VariantName = "[No Variations]"
Add component (AddParameter): Name = "Tolerance"; Value = "±1%"; VariantName = "[No Variations]"
Add component (AddParameter): Name = "Value"; Value = "1 kOhms"; VariantName = "[No Variations]"
Added Component: Designator=R45(RES 0805_2012)
Add component (AddParameter): Name = "ComponentLink1Description"; Value = "Datasheet"; VariantName = "[No Variations]"
Add component (AddParameter): Name = "ComponentLink1URL"; Value = "http://www.vishay.com/docs/20043/crcwhpe3.pdf"; VariantName = "[No Variations]"
Add component (AddParameter): Name = "ComponentLink2Description"; Value = "DigiKey Link"; VariantName = "[No Variations]"
Add component (AddParameter): Name = "ComponentLink2URL"; Value = "https://www.digikey.com/en/products/detail/vishay-dale/CRCW0805330RFKEAHP/2226912"; VariantName = "[No Variations]"
Add component (AddParameter): Name = "Composition"; Value = "Thick Film"; VariantName = "[No Variations]"
Add component (AddParameter): Name = "Device Package"; Value = "0805 (2012 Metric)"; VariantName = "[No Variations]"
Add component (AddParameter): Name = "Features"; Value = "Automotive AEC-Q200, Pulse Withstanding"; VariantName = "[No Variations]"
Add component (AddParameter): Name = "Height - Seated (Max)"; Value = "0.020" (0.50mm)"; VariantName = "[No Variations]"
Add component (AddParameter): Name = "LastUpdated"; Value = "08-02-2024 9.02.28 PM"; VariantName = "[No Variations]"
Add component (AddParameter): Name = "Lifecycle Status"; Value = "Active"; VariantName = "[No Variations]"
Add component (AddParameter): Name = "Manufacturer"; Value = "Vishay Dale"; VariantName = "[No Variations]"
Add component (AddParameter): Name = "Minimum Order"; Value = "1"; VariantName = "[No Variations]"
Add component (AddParameter): Name = "Number of Terminations"; Value = "2"; VariantName = "[No Variations]"
Add component (AddParameter): Name = "Operating Temperature"; Value = "-55°C ~ 155°C"; VariantName = "[No Variations]"
Add component (AddParameter): Name = "Package / Case"; Value = "0805 (2012 Metric)"; VariantName = "[No Variations]"
Add component (AddParameter): Name = "Packaging"; Value = "TapeAndReel"; VariantName = "[No Variations]"
Add component (AddParameter): Name = "Part Number"; Value = "CRCW0805330RFKEAHP"; VariantName = "[No Variations]"
Add component (AddParameter): Name = "Part Status"; Value = "Active"; VariantName = "[No Variations]"
Add component (AddParameter): Name = "PartId"; Value = "30364"; VariantName = "[No Variations]"
Add component (AddParameter): Name = "Power (Watts)"; Value = "0.5W, 1/2W"; VariantName = "[No Variations]"
Add component (AddParameter): Name = "Price"; Value = "0.02"; VariantName = "[No Variations]"
Add component (AddParameter): Name = "Ratings"; Value = "AEC-Q200"; VariantName = "[No Variations]"
Add component (AddParameter): Name = "Resistance"; Value = "330 Ohms"; VariantName = "[No Variations]"
Add component (AddParameter): Name = "Series"; Value = "CRCW-HP"; VariantName = "[No Variations]"
Add component (AddParameter): Name = "Size / Dimension"; Value = "0.079" L x 0.049" W (2.00mm x 1.25mm)"; VariantName = "[No Variations]"
Add component (AddParameter): Name = "Supplier 1"; Value = "DigiKey"; VariantName = "[No Variations]"
Add component (AddParameter): Name = "Supplier Device Package"; Value = "0805"; VariantName = "[No Variations]"
Add component (AddParameter): Name = "Supplier Part Number 1"; Value = "541-330TCT-ND"; VariantName = "[No Variations]"
Add component (AddParameter): Name = "Temperature Coefficient"; Value = "±100ppm/°C"; VariantName = "[No Variations]"
Add component (AddParameter): Name = "Tolerance"; Value = "±1%"; VariantName = "[No Variations]"
Add component (AddParameter): Name = "Value"; Value = "330 Ohms"; VariantName = "[No Variations]"
Added Component: Designator=R47(RES 0805_2012)
Add component (AddParameter): Name = "ComponentLink1Description"; Value = "Datasheet"; VariantName = "[No Variations]"
Add component (AddParameter): Name = "ComponentLink1URL"; Value = "http://www.vishay.com/docs/20043/crcwhpe3.pdf"; VariantName = "[No Variations]"
Add component (AddParameter): Name = "ComponentLink2Description"; Value = "DigiKey Link"; VariantName = "[No Variations]"
Add component (AddParameter): Name = "ComponentLink2URL"; Value = "https://www.digikey.com/en/products/detail/vishay-dale/CRCW0805330RFKEAHP/2226912"; VariantName = "[No Variations]"
Add component (AddParameter): Name = "Composition"; Value = "Thick Film"; VariantName = "[No Variations]"
Add component (AddParameter): Name = "Device Package"; Value = "0805 (2012 Metric)"; VariantName = "[No Variations]"
Add component (AddParameter): Name = "Features"; Value = "Automotive AEC-Q200, Pulse Withstanding"; VariantName = "[No Variations]"
Add component (AddParameter): Name = "Height - Seated (Max)"; Value = "0.020" (0.50mm)"; VariantName = "[No Variations]"
Add component (AddParameter): Name = "LastUpdated"; Value = "08-02-2024 9.02.28 PM"; VariantName = "[No Variations]"
Add component (AddParameter): Name = "Lifecycle Status"; Value = "Active"; VariantName = "[No Variations]"
Add component (AddParameter): Name = "Manufacturer"; Value = "Vishay Dale"; VariantName = "[No Variations]"
Add component (AddParameter): Name = "Minimum Order"; Value = "1"; VariantName = "[No Variations]"
Add component (AddParameter): Name = "Number of Terminations"; Value = "2"; VariantName = "[No Variations]"
Add component (AddParameter): Name = "Operating Temperature"; Value = "-55°C ~ 155°C"; VariantName = "[No Variations]"
Add component (AddParameter): Name = "Package / Case"; Value = "0805 (2012 Metric)"; VariantName = "[No Variations]"
Add component (AddParameter): Name = "Packaging"; Value = "TapeAndReel"; VariantName = "[No Variations]"
Add component (AddParameter): Name = "Part Number"; Value = "CRCW0805330RFKEAHP"; VariantName = "[No Variations]"
Add component (AddParameter): Name = "Part Status"; Value = "Active"; VariantName = "[No Variations]"
Add component (AddParameter): Name = "PartId"; Value = "30364"; VariantName = "[No Variations]"
Add component (AddParameter): Name = "Power (Watts)"; Value = "0.5W, 1/2W"; VariantName = "[No Variations]"
Add component (AddParameter): Name = "Price"; Value = "0.02"; VariantName = "[No Variations]"
Add component (AddParameter): Name = "Ratings"; Value = "AEC-Q200"; VariantName = "[No Variations]"
Add component (AddParameter): Name = "Resistance"; Value = "330 Ohms"; VariantName = "[No Variations]"
Add component (AddParameter): Name = "Series"; Value = "CRCW-HP"; VariantName = "[No Variations]"
Add component (AddParameter): Name = "Size / Dimension"; Value = "0.079" L x 0.049" W (2.00mm x 1.25mm)"; VariantName = "[No Variations]"
Add component (AddParameter): Name = "Supplier 1"; Value = "DigiKey"; VariantName = "[No Variations]"
Add component (AddParameter): Name = "Supplier Device Package"; Value = "0805"; VariantName = "[No Variations]"
Add component (AddParameter): Name = "Supplier Part Number 1"; Value = "541-330TCT-ND"; VariantName = "[No Variations]"
Add component (AddParameter): Name = "Temperature Coefficient"; Value = "±100ppm/°C"; VariantName = "[No Variations]"
Add component (AddParameter): Name = "Tolerance"; Value = "±1%"; VariantName = "[No Variations]"
Add component (AddParameter): Name = "Value"; Value = "330 Ohms"; VariantName = "[No Variations]"
Added Component: Designator=R48(RES 0805_2012)
Add component (AddParameter): Name = "ComponentLink1Description"; Value = "Datasheet"; VariantName = "[No Variations]"
Add component (AddParameter): Name = "ComponentLink1URL"; Value = "https://www.rohm.com/datasheet/ESR01MZPF/esr-e"; VariantName = "[No Variations]"
Add component (AddParameter): Name = "ComponentLink2Description"; Value = "DigiKey Link"; VariantName = "[No Variations]"
Add component (AddParameter): Name = "ComponentLink2URL"; Value = "https://www.digikey.com/en/products/detail/rohm-semiconductor/ESR10EZPF1002/1983481"; VariantName = "[No Variations]"
Add component (AddParameter): Name = "Composition"; Value = "Thick Film"; VariantName = "[No Variations]"
Add component (AddParameter): Name = "Device Package"; Value = "0805 (2012 Metric)"; VariantName = "[No Variations]"
Add component (AddParameter): Name = "Features"; Value = "Automotive AEC-Q200, Pulse Withstanding"; VariantName = "[No Variations]"
Add component (AddParameter): Name = "Height - Seated (Max)"; Value = "0.026" (0.65mm)"; VariantName = "[No Variations]"
Add component (AddParameter): Name = "LastUpdated"; Value = "08-02-2024 9.02.37 PM"; VariantName = "[No Variations]"
Add component (AddParameter): Name = "Lifecycle Status"; Value = "Active"; VariantName = "[No Variations]"
Add component (AddParameter): Name = "Manufacturer"; Value = "Rohm Semiconductor"; VariantName = "[No Variations]"
Add component (AddParameter): Name = "Minimum Order"; Value = "1"; VariantName = "[No Variations]"
Add component (AddParameter): Name = "Number of Terminations"; Value = "2"; VariantName = "[No Variations]"
Add component (AddParameter): Name = "Operating Temperature"; Value = "-55°C ~ 155°C"; VariantName = "[No Variations]"
Add component (AddParameter): Name = "Package / Case"; Value = "0805 (2012 Metric)"; VariantName = "[No Variations]"
Add component (AddParameter): Name = "Packaging"; Value = "TapeAndReel"; VariantName = "[No Variations]"
Add component (AddParameter): Name = "Part Number"; Value = "ESR10EZPF1002"; VariantName = "[No Variations]"
Add component (AddParameter): Name = "Part Status"; Value = "Active"; VariantName = "[No Variations]"
Add component (AddParameter): Name = "PartId"; Value = "28034"; VariantName = "[No Variations]"
Add component (AddParameter): Name = "Power (Watts)"; Value = "0.4W, 2/5W"; VariantName = "[No Variations]"
Add component (AddParameter): Name = "Price"; Value = "0.02"; VariantName = "[No Variations]"
Add component (AddParameter): Name = "Ratings"; Value = "AEC-Q200"; VariantName = "[No Variations]"
Add component (AddParameter): Name = "Resistance"; Value = "10 kOhms"; VariantName = "[No Variations]"
Add component (AddParameter): Name = "Series"; Value = "ESR"; VariantName = "[No Variations]"
Add component (AddParameter): Name = "Size / Dimension"; Value = "0.079" L x 0.049" W (2.00mm x 1.25mm)"; VariantName = "[No Variations]"
Add component (AddParameter): Name = "Supplier 1"; Value = "DigiKey"; VariantName = "[No Variations]"
Add component (AddParameter): Name = "Supplier Device Package"; Value = "0805"; VariantName = "[No Variations]"
Add component (AddParameter): Name = "Supplier Part Number 1"; Value = "RHM10.0KAECT-ND"; VariantName = "[No Variations]"
Add component (AddParameter): Name = "Temperature Coefficient"; Value = "±100ppm/°C"; VariantName = "[No Variations]"
Add component (AddParameter): Name = "Tolerance"; Value = "±1%"; VariantName = "[No Variations]"
Add component (AddParameter): Name = "Value"; Value = "10 kOhms"; VariantName = "[No Variations]"
Added Component: Designator=R49(RES 0805_2012)
Add component (AddParameter): Name = "ComponentLink1Description"; Value = "Datasheet"; VariantName = "[No Variations]"
Add component (AddParameter): Name = "ComponentLink1URL"; Value = "https://www.rohm.com/datasheet/ESR01MZPF/esr-e"; VariantName = "[No Variations]"
Add component (AddParameter): Name = "ComponentLink2Description"; Value = "DigiKey Link"; VariantName = "[No Variations]"
Add component (AddParameter): Name = "ComponentLink2URL"; Value = "https://www.digikey.com/en/products/detail/rohm-semiconductor/ESR10EZPF1001/1983480"; VariantName = "[No Variations]"
Add component (AddParameter): Name = "Composition"; Value = "Thick Film"; VariantName = "[No Variations]"
Add component (AddParameter): Name = "Device Package"; Value = "0805 (2012 Metric)"; VariantName = "[No Variations]"
Add component (AddParameter): Name = "Features"; Value = "Automotive AEC-Q200, Pulse Withstanding"; VariantName = "[No Variations]"
Add component (AddParameter): Name = "Height - Seated (Max)"; Value = "0.026" (0.65mm)"; VariantName = "[No Variations]"
Add component (AddParameter): Name = "LastUpdated"; Value = "08-02-2024 9.02.37 PM"; VariantName = "[No Variations]"
Add component (AddParameter): Name = "Lifecycle Status"; Value = "Active"; VariantName = "[No Variations]"
Add component (AddParameter): Name = "Manufacturer"; Value = "Rohm Semiconductor"; VariantName = "[No Variations]"
Add component (AddParameter): Name = "Minimum Order"; Value = "1"; VariantName = "[No Variations]"
Add component (AddParameter): Name = "Number of Terminations"; Value = "2"; VariantName = "[No Variations]"
Add component (AddParameter): Name = "Operating Temperature"; Value = "-55°C ~ 155°C"; VariantName = "[No Variations]"
Add component (AddParameter): Name = "Package / Case"; Value = "0805 (2012 Metric)"; VariantName = "[No Variations]"
Add component (AddParameter): Name = "Packaging"; Value = "TapeAndReel"; VariantName = "[No Variations]"
Add component (AddParameter): Name = "Part Number"; Value = "ESR10EZPF1001"; VariantName = "[No Variations]"
Add component (AddParameter): Name = "Part Status"; Value = "Active"; VariantName = "[No Variations]"
Add component (AddParameter): Name = "PartId"; Value = "28032"; VariantName = "[No Variations]"
Add component (AddParameter): Name = "Power (Watts)"; Value = "0.4W, 2/5W"; VariantName = "[No Variations]"
Add component (AddParameter): Name = "Price"; Value = "0.02"; VariantName = "[No Variations]"
Add component (AddParameter): Name = "Ratings"; Value = "AEC-Q200"; VariantName = "[No Variations]"
Add component (AddParameter): Name = "Resistance"; Value = "1 kOhms"; VariantName = "[No Variations]"
Add component (AddParameter): Name = "Series"; Value = "ESR"; VariantName = "[No Variations]"
Add component (AddParameter): Name = "Size / Dimension"; Value = "0.079" L x 0.049" W (2.00mm x 1.25mm)"; VariantName = "[No Variations]"
Add component (AddParameter): Name = "Supplier 1"; Value = "DigiKey"; VariantName = "[No Variations]"
Add component (AddParameter): Name = "Supplier Device Package"; Value = "0805"; VariantName = "[No Variations]"
Add component (AddParameter): Name = "Supplier Part Number 1"; Value = "RHM1.00KAECT-ND"; VariantName = "[No Variations]"
Add component (AddParameter): Name = "Temperature Coefficient"; Value = "±100ppm/°C"; VariantName = "[No Variations]"
Add component (AddParameter): Name = "Tolerance"; Value = "±1%"; VariantName = "[No Variations]"
Add component (AddParameter): Name = "Value"; Value = "1 kOhms"; VariantName = "[No Variations]"
Added Component: Designator=R52(RES 0805_2012)
Add component (AddParameter): Name = "ComponentLink1Description"; Value = "Datasheet"; VariantName = "[No Variations]"
Add component (AddParameter): Name = "ComponentLink1URL"; Value = "http://www.vishay.com/docs/20043/crcwhpe3.pdf"; VariantName = "[No Variations]"
Add component (AddParameter): Name = "ComponentLink2Description"; Value = "DigiKey Link"; VariantName = "[No Variations]"
Add component (AddParameter): Name = "ComponentLink2URL"; Value = "https://www.digikey.com/en/products/detail/vishay-dale/CRCW0805330RFKEAHP/2226912"; VariantName = "[No Variations]"
Add component (AddParameter): Name = "Composition"; Value = "Thick Film"; VariantName = "[No Variations]"
Add component (AddParameter): Name = "Device Package"; Value = "0805 (2012 Metric)"; VariantName = "[No Variations]"
Add component (AddParameter): Name = "Features"; Value = "Automotive AEC-Q200, Pulse Withstanding"; VariantName = "[No Variations]"
Add component (AddParameter): Name = "Height - Seated (Max)"; Value = "0.020" (0.50mm)"; VariantName = "[No Variations]"
Add component (AddParameter): Name = "LastUpdated"; Value = "08-02-2024 9.02.28 PM"; VariantName = "[No Variations]"
Add component (AddParameter): Name = "Lifecycle Status"; Value = "Active"; VariantName = "[No Variations]"
Add component (AddParameter): Name = "Manufacturer"; Value = "Vishay Dale"; VariantName = "[No Variations]"
Add component (AddParameter): Name = "Minimum Order"; Value = "1"; VariantName = "[No Variations]"
Add component (AddParameter): Name = "Number of Terminations"; Value = "2"; VariantName = "[No Variations]"
Add component (AddParameter): Name = "Operating Temperature"; Value = "-55°C ~ 155°C"; VariantName = "[No Variations]"
Add component (AddParameter): Name = "Package / Case"; Value = "0805 (2012 Metric)"; VariantName = "[No Variations]"
Add component (AddParameter): Name = "Packaging"; Value = "TapeAndReel"; VariantName = "[No Variations]"
Add component (AddParameter): Name = "Part Number"; Value = "CRCW0805330RFKEAHP"; VariantName = "[No Variations]"
Add component (AddParameter): Name = "Part Status"; Value = "Active"; VariantName = "[No Variations]"
Add component (AddParameter): Name = "PartId"; Value = "30364"; VariantName = "[No Variations]"
Add component (AddParameter): Name = "Power (Watts)"; Value = "0.5W, 1/2W"; VariantName = "[No Variations]"
Add component (AddParameter): Name = "Price"; Value = "0.02"; VariantName = "[No Variations]"
Add component (AddParameter): Name = "Ratings"; Value = "AEC-Q200"; VariantName = "[No Variations]"
Add component (AddParameter): Name = "Resistance"; Value = "330 Ohms"; VariantName = "[No Variations]"
Add component (AddParameter): Name = "Series"; Value = "CRCW-HP"; VariantName = "[No Variations]"
Add component (AddParameter): Name = "Size / Dimension"; Value = "0.079" L x 0.049" W (2.00mm x 1.25mm)"; VariantName = "[No Variations]"
Add component (AddParameter): Name = "Supplier 1"; Value = "DigiKey"; VariantName = "[No Variations]"
Add component (AddParameter): Name = "Supplier Device Package"; Value = "0805"; VariantName = "[No Variations]"
Add component (AddParameter): Name = "Supplier Part Number 1"; Value = "541-330TCT-ND"; VariantName = "[No Variations]"
Add component (AddParameter): Name = "Temperature Coefficient"; Value = "±100ppm/°C"; VariantName = "[No Variations]"
Add component (AddParameter): Name = "Tolerance"; Value = "±1%"; VariantName = "[No Variations]"
Add component (AddParameter): Name = "Value"; Value = "330 Ohms"; VariantName = "[No Variations]"
Added Component: Designator=R57(RES 0805_2012)
Add component (AddParameter): Name = "ComponentLink1Description"; Value = "Datasheet"; VariantName = "[No Variations]"
Add component (AddParameter): Name = "ComponentLink1URL"; Value = "https://www.rohm.com/datasheet/ESR01MZPF/esr-e"; VariantName = "[No Variations]"
Add component (AddParameter): Name = "ComponentLink2Description"; Value = "DigiKey Link"; VariantName = "[No Variations]"
Add component (AddParameter): Name = "ComponentLink2URL"; Value = "https://www.digikey.com/en/products/detail/rohm-semiconductor/ESR10EZPF1002/1983481"; VariantName = "[No Variations]"
Add component (AddParameter): Name = "Composition"; Value = "Thick Film"; VariantName = "[No Variations]"
Add component (AddParameter): Name = "Device Package"; Value = "0805 (2012 Metric)"; VariantName = "[No Variations]"
Add component (AddParameter): Name = "Features"; Value = "Automotive AEC-Q200, Pulse Withstanding"; VariantName = "[No Variations]"
Add component (AddParameter): Name = "Height - Seated (Max)"; Value = "0.026" (0.65mm)"; VariantName = "[No Variations]"
Add component (AddParameter): Name = "LastUpdated"; Value = "08-02-2024 9.02.37 PM"; VariantName = "[No Variations]"
Add component (AddParameter): Name = "Lifecycle Status"; Value = "Active"; VariantName = "[No Variations]"
Add component (AddParameter): Name = "Manufacturer"; Value = "Rohm Semiconductor"; VariantName = "[No Variations]"
Add component (AddParameter): Name = "Minimum Order"; Value = "1"; VariantName = "[No Variations]"
Add component (AddParameter): Name = "Number of Terminations"; Value = "2"; VariantName = "[No Variations]"
Add component (AddParameter): Name = "Operating Temperature"; Value = "-55°C ~ 155°C"; VariantName = "[No Variations]"
Add component (AddParameter): Name = "Package / Case"; Value = "0805 (2012 Metric)"; VariantName = "[No Variations]"
Add component (AddParameter): Name = "Packaging"; Value = "TapeAndReel"; VariantName = "[No Variations]"
Add component (AddParameter): Name = "Part Number"; Value = "ESR10EZPF1002"; VariantName = "[No Variations]"
Add component (AddParameter): Name = "Part Status"; Value = "Active"; VariantName = "[No Variations]"
Add component (AddParameter): Name = "PartId"; Value = "28034"; VariantName = "[No Variations]"
Add component (AddParameter): Name = "Power (Watts)"; Value = "0.4W, 2/5W"; VariantName = "[No Variations]"
Add component (AddParameter): Name = "Price"; Value = "0.02"; VariantName = "[No Variations]"
Add component (AddParameter): Name = "Ratings"; Value = "AEC-Q200"; VariantName = "[No Variations]"
Add component (AddParameter): Name = "Resistance"; Value = "10 kOhms"; VariantName = "[No Variations]"
Add component (AddParameter): Name = "Series"; Value = "ESR"; VariantName = "[No Variations]"
Add component (AddParameter): Name = "Size / Dimension"; Value = "0.079" L x 0.049" W (2.00mm x 1.25mm)"; VariantName = "[No Variations]"
Add component (AddParameter): Name = "Supplier 1"; Value = "DigiKey"; VariantName = "[No Variations]"
Add component (AddParameter): Name = "Supplier Device Package"; Value = "0805"; VariantName = "[No Variations]"
Add component (AddParameter): Name = "Supplier Part Number 1"; Value = "RHM10.0KAECT-ND"; VariantName = "[No Variations]"
Add component (AddParameter): Name = "Temperature Coefficient"; Value = "±100ppm/°C"; VariantName = "[No Variations]"
Add component (AddParameter): Name = "Tolerance"; Value = "±1%"; VariantName = "[No Variations]"
Add component (AddParameter): Name = "Value"; Value = "10 kOhms"; VariantName = "[No Variations]"
Added Component: Designator=R59(RES 0805_2012)
Add component (AddParameter): Name = "ComponentLink1Description"; Value = "Datasheet"; VariantName = "[No Variations]"
Add component (AddParameter): Name = "ComponentLink1URL"; Value = "https://www.rohm.com/datasheet/ESR01MZPF/esr-e"; VariantName = "[No Variations]"
Add component (AddParameter): Name = "ComponentLink2Description"; Value = "DigiKey Link"; VariantName = "[No Variations]"
Add component (AddParameter): Name = "ComponentLink2URL"; Value = "https://www.digikey.com/en/products/detail/rohm-semiconductor/ESR10EZPF1001/1983480"; VariantName = "[No Variations]"
Add component (AddParameter): Name = "Composition"; Value = "Thick Film"; VariantName = "[No Variations]"
Add component (AddParameter): Name = "Device Package"; Value = "0805 (2012 Metric)"; VariantName = "[No Variations]"
Add component (AddParameter): Name = "Features"; Value = "Automotive AEC-Q200, Pulse Withstanding"; VariantName = "[No Variations]"
Add component (AddParameter): Name = "Height - Seated (Max)"; Value = "0.026" (0.65mm)"; VariantName = "[No Variations]"
Add component (AddParameter): Name = "LastUpdated"; Value = "08-02-2024 9.02.37 PM"; VariantName = "[No Variations]"
Add component (AddParameter): Name = "Lifecycle Status"; Value = "Active"; VariantName = "[No Variations]"
Add component (AddParameter): Name = "Manufacturer"; Value = "Rohm Semiconductor"; VariantName = "[No Variations]"
Add component (AddParameter): Name = "Minimum Order"; Value = "1"; VariantName = "[No Variations]"
Add component (AddParameter): Name = "Number of Terminations"; Value = "2"; VariantName = "[No Variations]"
Add component (AddParameter): Name = "Operating Temperature"; Value = "-55°C ~ 155°C"; VariantName = "[No Variations]"
Add component (AddParameter): Name = "Package / Case"; Value = "0805 (2012 Metric)"; VariantName = "[No Variations]"
Add component (AddParameter): Name = "Packaging"; Value = "TapeAndReel"; VariantName = "[No Variations]"
Add component (AddParameter): Name = "Part Number"; Value = "ESR10EZPF1001"; VariantName = "[No Variations]"
Add component (AddParameter): Name = "Part Status"; Value = "Active"; VariantName = "[No Variations]"
Add component (AddParameter): Name = "PartId"; Value = "28032"; VariantName = "[No Variations]"
Add component (AddParameter): Name = "Power (Watts)"; Value = "0.4W, 2/5W"; VariantName = "[No Variations]"
Add component (AddParameter): Name = "Price"; Value = "0.02"; VariantName = "[No Variations]"
Add component (AddParameter): Name = "Ratings"; Value = "AEC-Q200"; VariantName = "[No Variations]"
Add component (AddParameter): Name = "Resistance"; Value = "1 kOhms"; VariantName = "[No Variations]"
Add component (AddParameter): Name = "Series"; Value = "ESR"; VariantName = "[No Variations]"
Add component (AddParameter): Name = "Size / Dimension"; Value = "0.079" L x 0.049" W (2.00mm x 1.25mm)"; VariantName = "[No Variations]"
Add component (AddParameter): Name = "Supplier 1"; Value = "DigiKey"; VariantName = "[No Variations]"
Add component (AddParameter): Name = "Supplier Device Package"; Value = "0805"; VariantName = "[No Variations]"
Add component (AddParameter): Name = "Supplier Part Number 1"; Value = "RHM1.00KAECT-ND"; VariantName = "[No Variations]"
Add component (AddParameter): Name = "Temperature Coefficient"; Value = "±100ppm/°C"; VariantName = "[No Variations]"
Add component (AddParameter): Name = "Tolerance"; Value = "±1%"; VariantName = "[No Variations]"
Add component (AddParameter): Name = "Value"; Value = "1 kOhms"; VariantName = "[No Variations]"
Added Component: Designator=R61(RES 0805_2012)
Add component (AddParameter): Name = "ComponentLink1Description"; Value = "Datasheet"; VariantName = "[No Variations]"
Add component (AddParameter): Name = "ComponentLink1URL"; Value = "http://www.vishay.com/docs/20043/crcwhpe3.pdf"; VariantName = "[No Variations]"
Add component (AddParameter): Name = "ComponentLink2Description"; Value = "DigiKey Link"; VariantName = "[No Variations]"
Add component (AddParameter): Name = "ComponentLink2URL"; Value = "https://www.digikey.com/en/products/detail/vishay-dale/CRCW0805330RFKEAHP/2226912"; VariantName = "[No Variations]"
Add component (AddParameter): Name = "Composition"; Value = "Thick Film"; VariantName = "[No Variations]"
Add component (AddParameter): Name = "Device Package"; Value = "0805 (2012 Metric)"; VariantName = "[No Variations]"
Add component (AddParameter): Name = "Features"; Value = "Automotive AEC-Q200, Pulse Withstanding"; VariantName = "[No Variations]"
Add component (AddParameter): Name = "Height - Seated (Max)"; Value = "0.020" (0.50mm)"; VariantName = "[No Variations]"
Add component (AddParameter): Name = "LastUpdated"; Value = "08-02-2024 9.02.28 PM"; VariantName = "[No Variations]"
Add component (AddParameter): Name = "Lifecycle Status"; Value = "Active"; VariantName = "[No Variations]"
Add component (AddParameter): Name = "Manufacturer"; Value = "Vishay Dale"; VariantName = "[No Variations]"
Add component (AddParameter): Name = "Minimum Order"; Value = "1"; VariantName = "[No Variations]"
Add component (AddParameter): Name = "Number of Terminations"; Value = "2"; VariantName = "[No Variations]"
Add component (AddParameter): Name = "Operating Temperature"; Value = "-55°C ~ 155°C"; VariantName = "[No Variations]"
Add component (AddParameter): Name = "Package / Case"; Value = "0805 (2012 Metric)"; VariantName = "[No Variations]"
Add component (AddParameter): Name = "Packaging"; Value = "TapeAndReel"; VariantName = "[No Variations]"
Add component (AddParameter): Name = "Part Number"; Value = "CRCW0805330RFKEAHP"; VariantName = "[No Variations]"
Add component (AddParameter): Name = "Part Status"; Value = "Active"; VariantName = "[No Variations]"
Add component (AddParameter): Name = "PartId"; Value = "30364"; VariantName = "[No Variations]"
Add component (AddParameter): Name = "Power (Watts)"; Value = "0.5W, 1/2W"; VariantName = "[No Variations]"
Add component (AddParameter): Name = "Price"; Value = "0.02"; VariantName = "[No Variations]"
Add component (AddParameter): Name = "Ratings"; Value = "AEC-Q200"; VariantName = "[No Variations]"
Add component (AddParameter): Name = "Resistance"; Value = "330 Ohms"; VariantName = "[No Variations]"
Add component (AddParameter): Name = "Series"; Value = "CRCW-HP"; VariantName = "[No Variations]"
Add component (AddParameter): Name = "Size / Dimension"; Value = "0.079" L x 0.049" W (2.00mm x 1.25mm)"; VariantName = "[No Variations]"
Add component (AddParameter): Name = "Supplier 1"; Value = "DigiKey"; VariantName = "[No Variations]"
Add component (AddParameter): Name = "Supplier Device Package"; Value = "0805"; VariantName = "[No Variations]"
Add component (AddParameter): Name = "Supplier Part Number 1"; Value = "541-330TCT-ND"; VariantName = "[No Variations]"
Add component (AddParameter): Name = "Temperature Coefficient"; Value = "±100ppm/°C"; VariantName = "[No Variations]"
Add component (AddParameter): Name = "Tolerance"; Value = "±1%"; VariantName = "[No Variations]"
Add component (AddParameter): Name = "Value"; Value = "330 Ohms"; VariantName = "[No Variations]"
Added Component: Designator=R64(RES 0805_2012)
Add component (AddParameter): Name = "ComponentLink1Description"; Value = "Datasheet"; VariantName = "[No Variations]"
Add component (AddParameter): Name = "ComponentLink1URL"; Value = "http://www.vishay.com/docs/20043/crcwhpe3.pdf"; VariantName = "[No Variations]"
Add component (AddParameter): Name = "ComponentLink2Description"; Value = "DigiKey Link"; VariantName = "[No Variations]"
Add component (AddParameter): Name = "ComponentLink2URL"; Value = "https://www.digikey.com/en/products/detail/vishay-dale/CRCW0805330RFKEAHP/2226912"; VariantName = "[No Variations]"
Add component (AddParameter): Name = "Composition"; Value = "Thick Film"; VariantName = "[No Variations]"
Add component (AddParameter): Name = "Device Package"; Value = "0805 (2012 Metric)"; VariantName = "[No Variations]"
Add component (AddParameter): Name = "Features"; Value = "Automotive AEC-Q200, Pulse Withstanding"; VariantName = "[No Variations]"
Add component (AddParameter): Name = "Height - Seated (Max)"; Value = "0.020" (0.50mm)"; VariantName = "[No Variations]"
Add component (AddParameter): Name = "LastUpdated"; Value = "08-02-2024 9.02.28 PM"; VariantName = "[No Variations]"
Add component (AddParameter): Name = "Lifecycle Status"; Value = "Active"; VariantName = "[No Variations]"
Add component (AddParameter): Name = "Manufacturer"; Value = "Vishay Dale"; VariantName = "[No Variations]"
Add component (AddParameter): Name = "Minimum Order"; Value = "1"; VariantName = "[No Variations]"
Add component (AddParameter): Name = "Number of Terminations"; Value = "2"; VariantName = "[No Variations]"
Add component (AddParameter): Name = "Operating Temperature"; Value = "-55°C ~ 155°C"; VariantName = "[No Variations]"
Add component (AddParameter): Name = "Package / Case"; Value = "0805 (2012 Metric)"; VariantName = "[No Variations]"
Add component (AddParameter): Name = "Packaging"; Value = "TapeAndReel"; VariantName = "[No Variations]"
Add component (AddParameter): Name = "Part Number"; Value = "CRCW0805330RFKEAHP"; VariantName = "[No Variations]"
Add component (AddParameter): Name = "Part Status"; Value = "Active"; VariantName = "[No Variations]"
Add component (AddParameter): Name = "PartId"; Value = "30364"; VariantName = "[No Variations]"
Add component (AddParameter): Name = "Power (Watts)"; Value = "0.5W, 1/2W"; VariantName = "[No Variations]"
Add component (AddParameter): Name = "Price"; Value = "0.02"; VariantName = "[No Variations]"
Add component (AddParameter): Name = "Ratings"; Value = "AEC-Q200"; VariantName = "[No Variations]"
Add component (AddParameter): Name = "Resistance"; Value = "330 Ohms"; VariantName = "[No Variations]"
Add component (AddParameter): Name = "Series"; Value = "CRCW-HP"; VariantName = "[No Variations]"
Add component (AddParameter): Name = "Size / Dimension"; Value = "0.079" L x 0.049" W (2.00mm x 1.25mm)"; VariantName = "[No Variations]"
Add component (AddParameter): Name = "Supplier 1"; Value = "DigiKey"; VariantName = "[No Variations]"
Add component (AddParameter): Name = "Supplier Device Package"; Value = "0805"; VariantName = "[No Variations]"
Add component (AddParameter): Name = "Supplier Part Number 1"; Value = "541-330TCT-ND"; VariantName = "[No Variations]"
Add component (AddParameter): Name = "Temperature Coefficient"; Value = "±100ppm/°C"; VariantName = "[No Variations]"
Add component (AddParameter): Name = "Tolerance"; Value = "±1%"; VariantName = "[No Variations]"
Add component (AddParameter): Name = "Value"; Value = "330 Ohms"; VariantName = "[No Variations]"
Added Component: Designator=R67(RES 0805_2012)
Add component (AddParameter): Name = "ComponentLink1Description"; Value = "Datasheet"; VariantName = "[No Variations]"
Add component (AddParameter): Name = "ComponentLink1URL"; Value = "https://www.rohm.com/datasheet/ESR01MZPF/esr-e"; VariantName = "[No Variations]"
Add component (AddParameter): Name = "ComponentLink2Description"; Value = "DigiKey Link"; VariantName = "[No Variations]"
Add component (AddParameter): Name = "ComponentLink2URL"; Value = "https://www.digikey.com/en/products/detail/rohm-semiconductor/ESR10EZPF1002/1983481"; VariantName = "[No Variations]"
Add component (AddParameter): Name = "Composition"; Value = "Thick Film"; VariantName = "[No Variations]"
Add component (AddParameter): Name = "Device Package"; Value = "0805 (2012 Metric)"; VariantName = "[No Variations]"
Add component (AddParameter): Name = "Features"; Value = "Automotive AEC-Q200, Pulse Withstanding"; VariantName = "[No Variations]"
Add component (AddParameter): Name = "Height - Seated (Max)"; Value = "0.026" (0.65mm)"; VariantName = "[No Variations]"
Add component (AddParameter): Name = "LastUpdated"; Value = "08-02-2024 9.02.37 PM"; VariantName = "[No Variations]"
Add component (AddParameter): Name = "Lifecycle Status"; Value = "Active"; VariantName = "[No Variations]"
Add component (AddParameter): Name = "Manufacturer"; Value = "Rohm Semiconductor"; VariantName = "[No Variations]"
Add component (AddParameter): Name = "Minimum Order"; Value = "1"; VariantName = "[No Variations]"
Add component (AddParameter): Name = "Number of Terminations"; Value = "2"; VariantName = "[No Variations]"
Add component (AddParameter): Name = "Operating Temperature"; Value = "-55°C ~ 155°C"; VariantName = "[No Variations]"
Add component (AddParameter): Name = "Package / Case"; Value = "0805 (2012 Metric)"; VariantName = "[No Variations]"
Add component (AddParameter): Name = "Packaging"; Value = "TapeAndReel"; VariantName = "[No Variations]"
Add component (AddParameter): Name = "Part Number"; Value = "ESR10EZPF1002"; VariantName = "[No Variations]"
Add component (AddParameter): Name = "Part Status"; Value = "Active"; VariantName = "[No Variations]"
Add component (AddParameter): Name = "PartId"; Value = "28034"; VariantName = "[No Variations]"
Add component (AddParameter): Name = "Power (Watts)"; Value = "0.4W, 2/5W"; VariantName = "[No Variations]"
Add component (AddParameter): Name = "Price"; Value = "0.02"; VariantName = "[No Variations]"
Add component (AddParameter): Name = "Ratings"; Value = "AEC-Q200"; VariantName = "[No Variations]"
Add component (AddParameter): Name = "Resistance"; Value = "10 kOhms"; VariantName = "[No Variations]"
Add component (AddParameter): Name = "Series"; Value = "ESR"; VariantName = "[No Variations]"
Add component (AddParameter): Name = "Size / Dimension"; Value = "0.079" L x 0.049" W (2.00mm x 1.25mm)"; VariantName = "[No Variations]"
Add component (AddParameter): Name = "Supplier 1"; Value = "DigiKey"; VariantName = "[No Variations]"
Add component (AddParameter): Name = "Supplier Device Package"; Value = "0805"; VariantName = "[No Variations]"
Add component (AddParameter): Name = "Supplier Part Number 1"; Value = "RHM10.0KAECT-ND"; VariantName = "[No Variations]"
Add component (AddParameter): Name = "Temperature Coefficient"; Value = "±100ppm/°C"; VariantName = "[No Variations]"
Add component (AddParameter): Name = "Tolerance"; Value = "±1%"; VariantName = "[No Variations]"
Add component (AddParameter): Name = "Value"; Value = "10 kOhms"; VariantName = "[No Variations]"
Added Component: Designator=R68(RES 0805_2012)
Add component (AddParameter): Name = "ComponentLink1Description"; Value = "Datasheet"; VariantName = "[No Variations]"
Add component (AddParameter): Name = "ComponentLink1URL"; Value = "https://www.rohm.com/datasheet/ESR01MZPF/esr-e"; VariantName = "[No Variations]"
Add component (AddParameter): Name = "ComponentLink2Description"; Value = "DigiKey Link"; VariantName = "[No Variations]"
Add component (AddParameter): Name = "ComponentLink2URL"; Value = "https://www.digikey.com/en/products/detail/rohm-semiconductor/ESR10EZPF1001/1983480"; VariantName = "[No Variations]"
Add component (AddParameter): Name = "Composition"; Value = "Thick Film"; VariantName = "[No Variations]"
Add component (AddParameter): Name = "Device Package"; Value = "0805 (2012 Metric)"; VariantName = "[No Variations]"
Add component (AddParameter): Name = "Features"; Value = "Automotive AEC-Q200, Pulse Withstanding"; VariantName = "[No Variations]"
Add component (AddParameter): Name = "Height - Seated (Max)"; Value = "0.026" (0.65mm)"; VariantName = "[No Variations]"
Add component (AddParameter): Name = "LastUpdated"; Value = "08-02-2024 9.02.37 PM"; VariantName = "[No Variations]"
Add component (AddParameter): Name = "Lifecycle Status"; Value = "Active"; VariantName = "[No Variations]"
Add component (AddParameter): Name = "Manufacturer"; Value = "Rohm Semiconductor"; VariantName = "[No Variations]"
Add component (AddParameter): Name = "Minimum Order"; Value = "1"; VariantName = "[No Variations]"
Add component (AddParameter): Name = "Number of Terminations"; Value = "2"; VariantName = "[No Variations]"
Add component (AddParameter): Name = "Operating Temperature"; Value = "-55°C ~ 155°C"; VariantName = "[No Variations]"
Add component (AddParameter): Name = "Package / Case"; Value = "0805 (2012 Metric)"; VariantName = "[No Variations]"
Add component (AddParameter): Name = "Packaging"; Value = "TapeAndReel"; VariantName = "[No Variations]"
Add component (AddParameter): Name = "Part Number"; Value = "ESR10EZPF1001"; VariantName = "[No Variations]"
Add component (AddParameter): Name = "Part Status"; Value = "Active"; VariantName = "[No Variations]"
Add component (AddParameter): Name = "PartId"; Value = "28032"; VariantName = "[No Variations]"
Add component (AddParameter): Name = "Power (Watts)"; Value = "0.4W, 2/5W"; VariantName = "[No Variations]"
Add component (AddParameter): Name = "Price"; Value = "0.02"; VariantName = "[No Variations]"
Add component (AddParameter): Name = "Ratings"; Value = "AEC-Q200"; VariantName = "[No Variations]"
Add component (AddParameter): Name = "Resistance"; Value = "1 kOhms"; VariantName = "[No Variations]"
Add component (AddParameter): Name = "Series"; Value = "ESR"; VariantName = "[No Variations]"
Add component (AddParameter): Name = "Size / Dimension"; Value = "0.079" L x 0.049" W (2.00mm x 1.25mm)"; VariantName = "[No Variations]"
Add component (AddParameter): Name = "Supplier 1"; Value = "DigiKey"; VariantName = "[No Variations]"
Add component (AddParameter): Name = "Supplier Device Package"; Value = "0805"; VariantName = "[No Variations]"
Add component (AddParameter): Name = "Supplier Part Number 1"; Value = "RHM1.00KAECT-ND"; VariantName = "[No Variations]"
Add component (AddParameter): Name = "Temperature Coefficient"; Value = "±100ppm/°C"; VariantName = "[No Variations]"
Add component (AddParameter): Name = "Tolerance"; Value = "±1%"; VariantName = "[No Variations]"
Add component (AddParameter): Name = "Value"; Value = "1 kOhms"; VariantName = "[No Variations]"
Added Component: Designator=R69(RES 0805_2012)
Add component (AddParameter): Name = "ComponentLink1Description"; Value = "Datasheet"; VariantName = "[No Variations]"
Add component (AddParameter): Name = "ComponentLink1URL"; Value = "http://www.vishay.com/docs/20043/crcwhpe3.pdf"; VariantName = "[No Variations]"
Add component (AddParameter): Name = "ComponentLink2Description"; Value = "DigiKey Link"; VariantName = "[No Variations]"
Add component (AddParameter): Name = "ComponentLink2URL"; Value = "https://www.digikey.com/en/products/detail/vishay-dale/CRCW0805330RFKEAHP/2226912"; VariantName = "[No Variations]"
Add component (AddParameter): Name = "Composition"; Value = "Thick Film"; VariantName = "[No Variations]"
Add component (AddParameter): Name = "Device Package"; Value = "0805 (2012 Metric)"; VariantName = "[No Variations]"
Add component (AddParameter): Name = "Features"; Value = "Automotive AEC-Q200, Pulse Withstanding"; VariantName = "[No Variations]"
Add component (AddParameter): Name = "Height - Seated (Max)"; Value = "0.020" (0.50mm)"; VariantName = "[No Variations]"
Add component (AddParameter): Name = "LastUpdated"; Value = "08-02-2024 9.02.28 PM"; VariantName = "[No Variations]"
Add component (AddParameter): Name = "Lifecycle Status"; Value = "Active"; VariantName = "[No Variations]"
Add component (AddParameter): Name = "Manufacturer"; Value = "Vishay Dale"; VariantName = "[No Variations]"
Add component (AddParameter): Name = "Minimum Order"; Value = "1"; VariantName = "[No Variations]"
Add component (AddParameter): Name = "Number of Terminations"; Value = "2"; VariantName = "[No Variations]"
Add component (AddParameter): Name = "Operating Temperature"; Value = "-55°C ~ 155°C"; VariantName = "[No Variations]"
Add component (AddParameter): Name = "Package / Case"; Value = "0805 (2012 Metric)"; VariantName = "[No Variations]"
Add component (AddParameter): Name = "Packaging"; Value = "TapeAndReel"; VariantName = "[No Variations]"
Add component (AddParameter): Name = "Part Number"; Value = "CRCW0805330RFKEAHP"; VariantName = "[No Variations]"
Add component (AddParameter): Name = "Part Status"; Value = "Active"; VariantName = "[No Variations]"
Add component (AddParameter): Name = "PartId"; Value = "30364"; VariantName = "[No Variations]"
Add component (AddParameter): Name = "Power (Watts)"; Value = "0.5W, 1/2W"; VariantName = "[No Variations]"
Add component (AddParameter): Name = "Price"; Value = "0.02"; VariantName = "[No Variations]"
Add component (AddParameter): Name = "Ratings"; Value = "AEC-Q200"; VariantName = "[No Variations]"
Add component (AddParameter): Name = "Resistance"; Value = "330 Ohms"; VariantName = "[No Variations]"
Add component (AddParameter): Name = "Series"; Value = "CRCW-HP"; VariantName = "[No Variations]"
Add component (AddParameter): Name = "Size / Dimension"; Value = "0.079" L x 0.049" W (2.00mm x 1.25mm)"; VariantName = "[No Variations]"
Add component (AddParameter): Name = "Supplier 1"; Value = "DigiKey"; VariantName = "[No Variations]"
Add component (AddParameter): Name = "Supplier Device Package"; Value = "0805"; VariantName = "[No Variations]"
Add component (AddParameter): Name = "Supplier Part Number 1"; Value = "541-330TCT-ND"; VariantName = "[No Variations]"
Add component (AddParameter): Name = "Temperature Coefficient"; Value = "±100ppm/°C"; VariantName = "[No Variations]"
Add component (AddParameter): Name = "Tolerance"; Value = "±1%"; VariantName = "[No Variations]"
Add component (AddParameter): Name = "Value"; Value = "330 Ohms"; VariantName = "[No Variations]"
Added Component: Designator=R70(RES 0805_2012)
Add component (AddParameter): Name = "ComponentLink1Description"; Value = "Datasheet"; VariantName = "[No Variations]"
Add component (AddParameter): Name = "ComponentLink1URL"; Value = "https://www.rohm.com/datasheet/ESR01MZPF/esr-e"; VariantName = "[No Variations]"
Add component (AddParameter): Name = "ComponentLink2Description"; Value = "DigiKey Link"; VariantName = "[No Variations]"
Add component (AddParameter): Name = "ComponentLink2URL"; Value = "https://www.digikey.com/en/products/detail/rohm-semiconductor/ESR10EZPF1002/1983481"; VariantName = "[No Variations]"
Add component (AddParameter): Name = "Composition"; Value = "Thick Film"; VariantName = "[No Variations]"
Add component (AddParameter): Name = "Device Package"; Value = "0805 (2012 Metric)"; VariantName = "[No Variations]"
Add component (AddParameter): Name = "Features"; Value = "Automotive AEC-Q200, Pulse Withstanding"; VariantName = "[No Variations]"
Add component (AddParameter): Name = "Height - Seated (Max)"; Value = "0.026" (0.65mm)"; VariantName = "[No Variations]"
Add component (AddParameter): Name = "LastUpdated"; Value = "08-02-2024 9.02.37 PM"; VariantName = "[No Variations]"
Add component (AddParameter): Name = "Lifecycle Status"; Value = "Active"; VariantName = "[No Variations]"
Add component (AddParameter): Name = "Manufacturer"; Value = "Rohm Semiconductor"; VariantName = "[No Variations]"
Add component (AddParameter): Name = "Minimum Order"; Value = "1"; VariantName = "[No Variations]"
Add component (AddParameter): Name = "Number of Terminations"; Value = "2"; VariantName = "[No Variations]"
Add component (AddParameter): Name = "Operating Temperature"; Value = "-55°C ~ 155°C"; VariantName = "[No Variations]"
Add component (AddParameter): Name = "Package / Case"; Value = "0805 (2012 Metric)"; VariantName = "[No Variations]"
Add component (AddParameter): Name = "Packaging"; Value = "TapeAndReel"; VariantName = "[No Variations]"
Add component (AddParameter): Name = "Part Number"; Value = "ESR10EZPF1002"; VariantName = "[No Variations]"
Add component (AddParameter): Name = "Part Status"; Value = "Active"; VariantName = "[No Variations]"
Add component (AddParameter): Name = "PartId"; Value = "28034"; VariantName = "[No Variations]"
Add component (AddParameter): Name = "Power (Watts)"; Value = "0.4W, 2/5W"; VariantName = "[No Variations]"
Add component (AddParameter): Name = "Price"; Value = "0.02"; VariantName = "[No Variations]"
Add component (AddParameter): Name = "Ratings"; Value = "AEC-Q200"; VariantName = "[No Variations]"
Add component (AddParameter): Name = "Resistance"; Value = "10 kOhms"; VariantName = "[No Variations]"
Add component (AddParameter): Name = "Series"; Value = "ESR"; VariantName = "[No Variations]"
Add component (AddParameter): Name = "Size / Dimension"; Value = "0.079" L x 0.049" W (2.00mm x 1.25mm)"; VariantName = "[No Variations]"
Add component (AddParameter): Name = "Supplier 1"; Value = "DigiKey"; VariantName = "[No Variations]"
Add component (AddParameter): Name = "Supplier Device Package"; Value = "0805"; VariantName = "[No Variations]"
Add component (AddParameter): Name = "Supplier Part Number 1"; Value = "RHM10.0KAECT-ND"; VariantName = "[No Variations]"
Add component (AddParameter): Name = "Temperature Coefficient"; Value = "±100ppm/°C"; VariantName = "[No Variations]"
Add component (AddParameter): Name = "Tolerance"; Value = "±1%"; VariantName = "[No Variations]"
Add component (AddParameter): Name = "Value"; Value = "10 kOhms"; VariantName = "[No Variations]"
Added Component: Designator=R71(RES 0805_2012)
Add component (AddParameter): Name = "ComponentLink1Description"; Value = "Datasheet"; VariantName = "[No Variations]"
Add component (AddParameter): Name = "ComponentLink1URL"; Value = "http://www.vishay.com/docs/20043/crcwhpe3.pdf"; VariantName = "[No Variations]"
Add component (AddParameter): Name = "ComponentLink2Description"; Value = "DigiKey Link"; VariantName = "[No Variations]"
Add component (AddParameter): Name = "ComponentLink2URL"; Value = "https://www.digikey.com/en/products/detail/vishay-dale/CRCW0805330RFKEAHP/2226912"; VariantName = "[No Variations]"
Add component (AddParameter): Name = "Composition"; Value = "Thick Film"; VariantName = "[No Variations]"
Add component (AddParameter): Name = "Device Package"; Value = "0805 (2012 Metric)"; VariantName = "[No Variations]"
Add component (AddParameter): Name = "Features"; Value = "Automotive AEC-Q200, Pulse Withstanding"; VariantName = "[No Variations]"
Add component (AddParameter): Name = "Height - Seated (Max)"; Value = "0.020" (0.50mm)"; VariantName = "[No Variations]"
Add component (AddParameter): Name = "LastUpdated"; Value = "08-02-2024 9.02.28 PM"; VariantName = "[No Variations]"
Add component (AddParameter): Name = "Lifecycle Status"; Value = "Active"; VariantName = "[No Variations]"
Add component (AddParameter): Name = "Manufacturer"; Value = "Vishay Dale"; VariantName = "[No Variations]"
Add component (AddParameter): Name = "Minimum Order"; Value = "1"; VariantName = "[No Variations]"
Add component (AddParameter): Name = "Number of Terminations"; Value = "2"; VariantName = "[No Variations]"
Add component (AddParameter): Name = "Operating Temperature"; Value = "-55°C ~ 155°C"; VariantName = "[No Variations]"
Add component (AddParameter): Name = "Package / Case"; Value = "0805 (2012 Metric)"; VariantName = "[No Variations]"
Add component (AddParameter): Name = "Packaging"; Value = "TapeAndReel"; VariantName = "[No Variations]"
Add component (AddParameter): Name = "Part Number"; Value = "CRCW0805330RFKEAHP"; VariantName = "[No Variations]"
Add component (AddParameter): Name = "Part Status"; Value = "Active"; VariantName = "[No Variations]"
Add component (AddParameter): Name = "PartId"; Value = "30364"; VariantName = "[No Variations]"
Add component (AddParameter): Name = "Power (Watts)"; Value = "0.5W, 1/2W"; VariantName = "[No Variations]"
Add component (AddParameter): Name = "Price"; Value = "0.02"; VariantName = "[No Variations]"
Add component (AddParameter): Name = "Ratings"; Value = "AEC-Q200"; VariantName = "[No Variations]"
Add component (AddParameter): Name = "Resistance"; Value = "330 Ohms"; VariantName = "[No Variations]"
Add component (AddParameter): Name = "Series"; Value = "CRCW-HP"; VariantName = "[No Variations]"
Add component (AddParameter): Name = "Size / Dimension"; Value = "0.079" L x 0.049" W (2.00mm x 1.25mm)"; VariantName = "[No Variations]"
Add component (AddParameter): Name = "Supplier 1"; Value = "DigiKey"; VariantName = "[No Variations]"
Add component (AddParameter): Name = "Supplier Device Package"; Value = "0805"; VariantName = "[No Variations]"
Add component (AddParameter): Name = "Supplier Part Number 1"; Value = "541-330TCT-ND"; VariantName = "[No Variations]"
Add component (AddParameter): Name = "Temperature Coefficient"; Value = "±100ppm/°C"; VariantName = "[No Variations]"
Add component (AddParameter): Name = "Tolerance"; Value = "±1%"; VariantName = "[No Variations]"
Add component (AddParameter): Name = "Value"; Value = "330 Ohms"; VariantName = "[No Variations]"
Added Component: Designator=R72(RES 0805_2012)
Add component (AddParameter): Name = "ComponentLink1Description"; Value = "Datasheet"; VariantName = "[No Variations]"
Add component (AddParameter): Name = "ComponentLink1URL"; Value = "https://www.rohm.com/datasheet/ESR01MZPF/esr-e"; VariantName = "[No Variations]"
Add component (AddParameter): Name = "ComponentLink2Description"; Value = "DigiKey Link"; VariantName = "[No Variations]"
Add component (AddParameter): Name = "ComponentLink2URL"; Value = "https://www.digikey.com/en/products/detail/rohm-semiconductor/ESR10EZPF1001/1983480"; VariantName = "[No Variations]"
Add component (AddParameter): Name = "Composition"; Value = "Thick Film"; VariantName = "[No Variations]"
Add component (AddParameter): Name = "Device Package"; Value = "0805 (2012 Metric)"; VariantName = "[No Variations]"
Add component (AddParameter): Name = "Features"; Value = "Automotive AEC-Q200, Pulse Withstanding"; VariantName = "[No Variations]"
Add component (AddParameter): Name = "Height - Seated (Max)"; Value = "0.026" (0.65mm)"; VariantName = "[No Variations]"
Add component (AddParameter): Name = "LastUpdated"; Value = "08-02-2024 9.02.37 PM"; VariantName = "[No Variations]"
Add component (AddParameter): Name = "Lifecycle Status"; Value = "Active"; VariantName = "[No Variations]"
Add component (AddParameter): Name = "Manufacturer"; Value = "Rohm Semiconductor"; VariantName = "[No Variations]"
Add component (AddParameter): Name = "Minimum Order"; Value = "1"; VariantName = "[No Variations]"
Add component (AddParameter): Name = "Number of Terminations"; Value = "2"; VariantName = "[No Variations]"
Add component (AddParameter): Name = "Operating Temperature"; Value = "-55°C ~ 155°C"; VariantName = "[No Variations]"
Add component (AddParameter): Name = "Package / Case"; Value = "0805 (2012 Metric)"; VariantName = "[No Variations]"
Add component (AddParameter): Name = "Packaging"; Value = "TapeAndReel"; VariantName = "[No Variations]"
Add component (AddParameter): Name = "Part Number"; Value = "ESR10EZPF1001"; VariantName = "[No Variations]"
Add component (AddParameter): Name = "Part Status"; Value = "Active"; VariantName = "[No Variations]"
Add component (AddParameter): Name = "PartId"; Value = "28032"; VariantName = "[No Variations]"
Add component (AddParameter): Name = "Power (Watts)"; Value = "0.4W, 2/5W"; VariantName = "[No Variations]"
Add component (AddParameter): Name = "Price"; Value = "0.02"; VariantName = "[No Variations]"
Add component (AddParameter): Name = "Ratings"; Value = "AEC-Q200"; VariantName = "[No Variations]"
Add component (AddParameter): Name = "Resistance"; Value = "1 kOhms"; VariantName = "[No Variations]"
Add component (AddParameter): Name = "Series"; Value = "ESR"; VariantName = "[No Variations]"
Add component (AddParameter): Name = "Size / Dimension"; Value = "0.079" L x 0.049" W (2.00mm x 1.25mm)"; VariantName = "[No Variations]"
Add component (AddParameter): Name = "Supplier 1"; Value = "DigiKey"; VariantName = "[No Variations]"
Add component (AddParameter): Name = "Supplier Device Package"; Value = "0805"; VariantName = "[No Variations]"
Add component (AddParameter): Name = "Supplier Part Number 1"; Value = "RHM1.00KAECT-ND"; VariantName = "[No Variations]"
Add component (AddParameter): Name = "Temperature Coefficient"; Value = "±100ppm/°C"; VariantName = "[No Variations]"
Add component (AddParameter): Name = "Tolerance"; Value = "±1%"; VariantName = "[No Variations]"
Add component (AddParameter): Name = "Value"; Value = "1 kOhms"; VariantName = "[No Variations]"
Added Component: Designator=R73(RES 0805_2012)
Add component (AddParameter): Name = "ComponentLink1Description"; Value = "Datasheet"; VariantName = "[No Variations]"
Add component (AddParameter): Name = "ComponentLink1URL"; Value = "http://www.vishay.com/docs/20043/crcwhpe3.pdf"; VariantName = "[No Variations]"
Add component (AddParameter): Name = "ComponentLink2Description"; Value = "DigiKey Link"; VariantName = "[No Variations]"
Add component (AddParameter): Name = "ComponentLink2URL"; Value = "https://www.digikey.com/en/products/detail/vishay-dale/CRCW0805330RFKEAHP/2226912"; VariantName = "[No Variations]"
Add component (AddParameter): Name = "Composition"; Value = "Thick Film"; VariantName = "[No Variations]"
Add component (AddParameter): Name = "Device Package"; Value = "0805 (2012 Metric)"; VariantName = "[No Variations]"
Add component (AddParameter): Name = "Features"; Value = "Automotive AEC-Q200, Pulse Withstanding"; VariantName = "[No Variations]"
Add component (AddParameter): Name = "Height - Seated (Max)"; Value = "0.020" (0.50mm)"; VariantName = "[No Variations]"
Add component (AddParameter): Name = "LastUpdated"; Value = "08-02-2024 9.02.28 PM"; VariantName = "[No Variations]"
Add component (AddParameter): Name = "Lifecycle Status"; Value = "Active"; VariantName = "[No Variations]"
Add component (AddParameter): Name = "Manufacturer"; Value = "Vishay Dale"; VariantName = "[No Variations]"
Add component (AddParameter): Name = "Minimum Order"; Value = "1"; VariantName = "[No Variations]"
Add component (AddParameter): Name = "Number of Terminations"; Value = "2"; VariantName = "[No Variations]"
Add component (AddParameter): Name = "Operating Temperature"; Value = "-55°C ~ 155°C"; VariantName = "[No Variations]"
Add component (AddParameter): Name = "Package / Case"; Value = "0805 (2012 Metric)"; VariantName = "[No Variations]"
Add component (AddParameter): Name = "Packaging"; Value = "TapeAndReel"; VariantName = "[No Variations]"
Add component (AddParameter): Name = "Part Number"; Value = "CRCW0805330RFKEAHP"; VariantName = "[No Variations]"
Add component (AddParameter): Name = "Part Status"; Value = "Active"; VariantName = "[No Variations]"
Add component (AddParameter): Name = "PartId"; Value = "30364"; VariantName = "[No Variations]"
Add component (AddParameter): Name = "Power (Watts)"; Value = "0.5W, 1/2W"; VariantName = "[No Variations]"
Add component (AddParameter): Name = "Price"; Value = "0.02"; VariantName = "[No Variations]"
Add component (AddParameter): Name = "Ratings"; Value = "AEC-Q200"; VariantName = "[No Variations]"
Add component (AddParameter): Name = "Resistance"; Value = "330 Ohms"; VariantName = "[No Variations]"
Add component (AddParameter): Name = "Series"; Value = "CRCW-HP"; VariantName = "[No Variations]"
Add component (AddParameter): Name = "Size / Dimension"; Value = "0.079" L x 0.049" W (2.00mm x 1.25mm)"; VariantName = "[No Variations]"
Add component (AddParameter): Name = "Supplier 1"; Value = "DigiKey"; VariantName = "[No Variations]"
Add component (AddParameter): Name = "Supplier Device Package"; Value = "0805"; VariantName = "[No Variations]"
Add component (AddParameter): Name = "Supplier Part Number 1"; Value = "541-330TCT-ND"; VariantName = "[No Variations]"
Add component (AddParameter): Name = "Temperature Coefficient"; Value = "±100ppm/°C"; VariantName = "[No Variations]"
Add component (AddParameter): Name = "Tolerance"; Value = "±1%"; VariantName = "[No Variations]"
Add component (AddParameter): Name = "Value"; Value = "330 Ohms"; VariantName = "[No Variations]"
Added Component: Designator=R74(RES 0805_2012)
Add component (AddParameter): Name = "ComponentLink1Description"; Value = "Datasheet"; VariantName = "[No Variations]"
Add component (AddParameter): Name = "ComponentLink1URL"; Value = "http://www.vishay.com/docs/20043/crcwhpe3.pdf"; VariantName = "[No Variations]"
Add component (AddParameter): Name = "ComponentLink2Description"; Value = "DigiKey Link"; VariantName = "[No Variations]"
Add component (AddParameter): Name = "ComponentLink2URL"; Value = "https://www.digikey.com/en/products/detail/vishay-dale/CRCW0805330RFKEAHP/2226912"; VariantName = "[No Variations]"
Add component (AddParameter): Name = "Composition"; Value = "Thick Film"; VariantName = "[No Variations]"
Add component (AddParameter): Name = "Device Package"; Value = "0805 (2012 Metric)"; VariantName = "[No Variations]"
Add component (AddParameter): Name = "Features"; Value = "Automotive AEC-Q200, Pulse Withstanding"; VariantName = "[No Variations]"
Add component (AddParameter): Name = "Height - Seated (Max)"; Value = "0.020" (0.50mm)"; VariantName = "[No Variations]"
Add component (AddParameter): Name = "LastUpdated"; Value = "08-02-2024 9.02.28 PM"; VariantName = "[No Variations]"
Add component (AddParameter): Name = "Lifecycle Status"; Value = "Active"; VariantName = "[No Variations]"
Add component (AddParameter): Name = "Manufacturer"; Value = "Vishay Dale"; VariantName = "[No Variations]"
Add component (AddParameter): Name = "Minimum Order"; Value = "1"; VariantName = "[No Variations]"
Add component (AddParameter): Name = "Number of Terminations"; Value = "2"; VariantName = "[No Variations]"
Add component (AddParameter): Name = "Operating Temperature"; Value = "-55°C ~ 155°C"; VariantName = "[No Variations]"
Add component (AddParameter): Name = "Package / Case"; Value = "0805 (2012 Metric)"; VariantName = "[No Variations]"
Add component (AddParameter): Name = "Packaging"; Value = "TapeAndReel"; VariantName = "[No Variations]"
Add component (AddParameter): Name = "Part Number"; Value = "CRCW0805330RFKEAHP"; VariantName = "[No Variations]"
Add component (AddParameter): Name = "Part Status"; Value = "Active"; VariantName = "[No Variations]"
Add component (AddParameter): Name = "PartId"; Value = "30364"; VariantName = "[No Variations]"
Add component (AddParameter): Name = "Power (Watts)"; Value = "0.5W, 1/2W"; VariantName = "[No Variations]"
Add component (AddParameter): Name = "Price"; Value = "0.02"; VariantName = "[No Variations]"
Add component (AddParameter): Name = "Ratings"; Value = "AEC-Q200"; VariantName = "[No Variations]"
Add component (AddParameter): Name = "Resistance"; Value = "330 Ohms"; VariantName = "[No Variations]"
Add component (AddParameter): Name = "Series"; Value = "CRCW-HP"; VariantName = "[No Variations]"
Add component (AddParameter): Name = "Size / Dimension"; Value = "0.079" L x 0.049" W (2.00mm x 1.25mm)"; VariantName = "[No Variations]"
Add component (AddParameter): Name = "Supplier 1"; Value = "DigiKey"; VariantName = "[No Variations]"
Add component (AddParameter): Name = "Supplier Device Package"; Value = "0805"; VariantName = "[No Variations]"
Add component (AddParameter): Name = "Supplier Part Number 1"; Value = "541-330TCT-ND"; VariantName = "[No Variations]"
Add component (AddParameter): Name = "Temperature Coefficient"; Value = "±100ppm/°C"; VariantName = "[No Variations]"
Add component (AddParameter): Name = "Tolerance"; Value = "±1%"; VariantName = "[No Variations]"
Add component (AddParameter): Name = "Value"; Value = "330 Ohms"; VariantName = "[No Variations]"
Added Component: Designator=R75(RES 0805_2012)
Add component (AddParameter): Name = "ComponentLink1Description"; Value = "Datasheet"; VariantName = "[No Variations]"
Add component (AddParameter): Name = "ComponentLink1URL"; Value = "https://www.rohm.com/datasheet/ESR01MZPF/esr-e"; VariantName = "[No Variations]"
Add component (AddParameter): Name = "ComponentLink2Description"; Value = "DigiKey Link"; VariantName = "[No Variations]"
Add component (AddParameter): Name = "ComponentLink2URL"; Value = "https://www.digikey.com/en/products/detail/rohm-semiconductor/ESR10EZPF1002/1983481"; VariantName = "[No Variations]"
Add component (AddParameter): Name = "Composition"; Value = "Thick Film"; VariantName = "[No Variations]"
Add component (AddParameter): Name = "Device Package"; Value = "0805 (2012 Metric)"; VariantName = "[No Variations]"
Add component (AddParameter): Name = "Features"; Value = "Automotive AEC-Q200, Pulse Withstanding"; VariantName = "[No Variations]"
Add component (AddParameter): Name = "Height - Seated (Max)"; Value = "0.026" (0.65mm)"; VariantName = "[No Variations]"
Add component (AddParameter): Name = "LastUpdated"; Value = "08-02-2024 9.02.37 PM"; VariantName = "[No Variations]"
Add component (AddParameter): Name = "Lifecycle Status"; Value = "Active"; VariantName = "[No Variations]"
Add component (AddParameter): Name = "Manufacturer"; Value = "Rohm Semiconductor"; VariantName = "[No Variations]"
Add component (AddParameter): Name = "Minimum Order"; Value = "1"; VariantName = "[No Variations]"
Add component (AddParameter): Name = "Number of Terminations"; Value = "2"; VariantName = "[No Variations]"
Add component (AddParameter): Name = "Operating Temperature"; Value = "-55°C ~ 155°C"; VariantName = "[No Variations]"
Add component (AddParameter): Name = "Package / Case"; Value = "0805 (2012 Metric)"; VariantName = "[No Variations]"
Add component (AddParameter): Name = "Packaging"; Value = "TapeAndReel"; VariantName = "[No Variations]"
Add component (AddParameter): Name = "Part Number"; Value = "ESR10EZPF1002"; VariantName = "[No Variations]"
Add component (AddParameter): Name = "Part Status"; Value = "Active"; VariantName = "[No Variations]"
Add component (AddParameter): Name = "PartId"; Value = "28034"; VariantName = "[No Variations]"
Add component (AddParameter): Name = "Power (Watts)"; Value = "0.4W, 2/5W"; VariantName = "[No Variations]"
Add component (AddParameter): Name = "Price"; Value = "0.02"; VariantName = "[No Variations]"
Add component (AddParameter): Name = "Ratings"; Value = "AEC-Q200"; VariantName = "[No Variations]"
Add component (AddParameter): Name = "Resistance"; Value = "10 kOhms"; VariantName = "[No Variations]"
Add component (AddParameter): Name = "Series"; Value = "ESR"; VariantName = "[No Variations]"
Add component (AddParameter): Name = "Size / Dimension"; Value = "0.079" L x 0.049" W (2.00mm x 1.25mm)"; VariantName = "[No Variations]"
Add component (AddParameter): Name = "Supplier 1"; Value = "DigiKey"; VariantName = "[No Variations]"
Add component (AddParameter): Name = "Supplier Device Package"; Value = "0805"; VariantName = "[No Variations]"
Add component (AddParameter): Name = "Supplier Part Number 1"; Value = "RHM10.0KAECT-ND"; VariantName = "[No Variations]"
Add component (AddParameter): Name = "Temperature Coefficient"; Value = "±100ppm/°C"; VariantName = "[No Variations]"
Add component (AddParameter): Name = "Tolerance"; Value = "±1%"; VariantName = "[No Variations]"
Add component (AddParameter): Name = "Value"; Value = "10 kOhms"; VariantName = "[No Variations]"
Added Component: Designator=R76(RES 0805_2012)
Add component (AddParameter): Name = "ComponentLink1Description"; Value = "Datasheet"; VariantName = "[No Variations]"
Add component (AddParameter): Name = "ComponentLink1URL"; Value = "https://www.rohm.com/datasheet/ESR01MZPF/esr-e"; VariantName = "[No Variations]"
Add component (AddParameter): Name = "ComponentLink2Description"; Value = "DigiKey Link"; VariantName = "[No Variations]"
Add component (AddParameter): Name = "ComponentLink2URL"; Value = "https://www.digikey.com/en/products/detail/rohm-semiconductor/ESR10EZPF1001/1983480"; VariantName = "[No Variations]"
Add component (AddParameter): Name = "Composition"; Value = "Thick Film"; VariantName = "[No Variations]"
Add component (AddParameter): Name = "Device Package"; Value = "0805 (2012 Metric)"; VariantName = "[No Variations]"
Add component (AddParameter): Name = "Features"; Value = "Automotive AEC-Q200, Pulse Withstanding"; VariantName = "[No Variations]"
Add component (AddParameter): Name = "Height - Seated (Max)"; Value = "0.026" (0.65mm)"; VariantName = "[No Variations]"
Add component (AddParameter): Name = "LastUpdated"; Value = "08-02-2024 9.02.37 PM"; VariantName = "[No Variations]"
Add component (AddParameter): Name = "Lifecycle Status"; Value = "Active"; VariantName = "[No Variations]"
Add component (AddParameter): Name = "Manufacturer"; Value = "Rohm Semiconductor"; VariantName = "[No Variations]"
Add component (AddParameter): Name = "Minimum Order"; Value = "1"; VariantName = "[No Variations]"
Add component (AddParameter): Name = "Number of Terminations"; Value = "2"; VariantName = "[No Variations]"
Add component (AddParameter): Name = "Operating Temperature"; Value = "-55°C ~ 155°C"; VariantName = "[No Variations]"
Add component (AddParameter): Name = "Package / Case"; Value = "0805 (2012 Metric)"; VariantName = "[No Variations]"
Add component (AddParameter): Name = "Packaging"; Value = "TapeAndReel"; VariantName = "[No Variations]"
Add component (AddParameter): Name = "Part Number"; Value = "ESR10EZPF1001"; VariantName = "[No Variations]"
Add component (AddParameter): Name = "Part Status"; Value = "Active"; VariantName = "[No Variations]"
Add component (AddParameter): Name = "PartId"; Value = "28032"; VariantName = "[No Variations]"
Add component (AddParameter): Name = "Power (Watts)"; Value = "0.4W, 2/5W"; VariantName = "[No Variations]"
Add component (AddParameter): Name = "Price"; Value = "0.02"; VariantName = "[No Variations]"
Add component (AddParameter): Name = "Ratings"; Value = "AEC-Q200"; VariantName = "[No Variations]"
Add component (AddParameter): Name = "Resistance"; Value = "1 kOhms"; VariantName = "[No Variations]"
Add component (AddParameter): Name = "Series"; Value = "ESR"; VariantName = "[No Variations]"
Add component (AddParameter): Name = "Size / Dimension"; Value = "0.079" L x 0.049" W (2.00mm x 1.25mm)"; VariantName = "[No Variations]"
Add component (AddParameter): Name = "Supplier 1"; Value = "DigiKey"; VariantName = "[No Variations]"
Add component (AddParameter): Name = "Supplier Device Package"; Value = "0805"; VariantName = "[No Variations]"
Add component (AddParameter): Name = "Supplier Part Number 1"; Value = "RHM1.00KAECT-ND"; VariantName = "[No Variations]"
Add component (AddParameter): Name = "Temperature Coefficient"; Value = "±100ppm/°C"; VariantName = "[No Variations]"
Add component (AddParameter): Name = "Tolerance"; Value = "±1%"; VariantName = "[No Variations]"
Add component (AddParameter): Name = "Value"; Value = "1 kOhms"; VariantName = "[No Variations]"
Added Component: Designator=R77(RES 0805_2012)
Add component (AddParameter): Name = "ComponentLink1Description"; Value = "Datasheet"; VariantName = "[No Variations]"
Add component (AddParameter): Name = "ComponentLink1URL"; Value = "http://www.vishay.com/docs/20043/crcwhpe3.pdf"; VariantName = "[No Variations]"
Add component (AddParameter): Name = "ComponentLink2Description"; Value = "DigiKey Link"; VariantName = "[No Variations]"
Add component (AddParameter): Name = "ComponentLink2URL"; Value = "https://www.digikey.com/en/products/detail/vishay-dale/CRCW0805330RFKEAHP/2226912"; VariantName = "[No Variations]"
Add component (AddParameter): Name = "Composition"; Value = "Thick Film"; VariantName = "[No Variations]"
Add component (AddParameter): Name = "Device Package"; Value = "0805 (2012 Metric)"; VariantName = "[No Variations]"
Add component (AddParameter): Name = "Features"; Value = "Automotive AEC-Q200, Pulse Withstanding"; VariantName = "[No Variations]"
Add component (AddParameter): Name = "Height - Seated (Max)"; Value = "0.020" (0.50mm)"; VariantName = "[No Variations]"
Add component (AddParameter): Name = "LastUpdated"; Value = "08-02-2024 9.02.28 PM"; VariantName = "[No Variations]"
Add component (AddParameter): Name = "Lifecycle Status"; Value = "Active"; VariantName = "[No Variations]"
Add component (AddParameter): Name = "Manufacturer"; Value = "Vishay Dale"; VariantName = "[No Variations]"
Add component (AddParameter): Name = "Minimum Order"; Value = "1"; VariantName = "[No Variations]"
Add component (AddParameter): Name = "Number of Terminations"; Value = "2"; VariantName = "[No Variations]"
Add component (AddParameter): Name = "Operating Temperature"; Value = "-55°C ~ 155°C"; VariantName = "[No Variations]"
Add component (AddParameter): Name = "Package / Case"; Value = "0805 (2012 Metric)"; VariantName = "[No Variations]"
Add component (AddParameter): Name = "Packaging"; Value = "TapeAndReel"; VariantName = "[No Variations]"
Add component (AddParameter): Name = "Part Number"; Value = "CRCW0805330RFKEAHP"; VariantName = "[No Variations]"
Add component (AddParameter): Name = "Part Status"; Value = "Active"; VariantName = "[No Variations]"
Add component (AddParameter): Name = "PartId"; Value = "30364"; VariantName = "[No Variations]"
Add component (AddParameter): Name = "Power (Watts)"; Value = "0.5W, 1/2W"; VariantName = "[No Variations]"
Add component (AddParameter): Name = "Price"; Value = "0.02"; VariantName = "[No Variations]"
Add component (AddParameter): Name = "Ratings"; Value = "AEC-Q200"; VariantName = "[No Variations]"
Add component (AddParameter): Name = "Resistance"; Value = "330 Ohms"; VariantName = "[No Variations]"
Add component (AddParameter): Name = "Series"; Value = "CRCW-HP"; VariantName = "[No Variations]"
Add component (AddParameter): Name = "Size / Dimension"; Value = "0.079" L x 0.049" W (2.00mm x 1.25mm)"; VariantName = "[No Variations]"
Add component (AddParameter): Name = "Supplier 1"; Value = "DigiKey"; VariantName = "[No Variations]"
Add component (AddParameter): Name = "Supplier Device Package"; Value = "0805"; VariantName = "[No Variations]"
Add component (AddParameter): Name = "Supplier Part Number 1"; Value = "541-330TCT-ND"; VariantName = "[No Variations]"
Add component (AddParameter): Name = "Temperature Coefficient"; Value = "±100ppm/°C"; VariantName = "[No Variations]"
Add component (AddParameter): Name = "Tolerance"; Value = "±1%"; VariantName = "[No Variations]"
Add component (AddParameter): Name = "Value"; Value = "330 Ohms"; VariantName = "[No Variations]"
Added Component: Designator=R78(RES 0805_2012)
Add component (AddParameter): Name = "ComponentLink1Description"; Value = "Datasheet"; VariantName = "[No Variations]"
Add component (AddParameter): Name = "ComponentLink1URL"; Value = "http://www.vishay.com/docs/20043/crcwhpe3.pdf"; VariantName = "[No Variations]"
Add component (AddParameter): Name = "ComponentLink2Description"; Value = "DigiKey Link"; VariantName = "[No Variations]"
Add component (AddParameter): Name = "ComponentLink2URL"; Value = "https://www.digikey.com/en/products/detail/vishay-dale/CRCW0805330RFKEAHP/2226912"; VariantName = "[No Variations]"
Add component (AddParameter): Name = "Composition"; Value = "Thick Film"; VariantName = "[No Variations]"
Add component (AddParameter): Name = "Device Package"; Value = "0805 (2012 Metric)"; VariantName = "[No Variations]"
Add component (AddParameter): Name = "Features"; Value = "Automotive AEC-Q200, Pulse Withstanding"; VariantName = "[No Variations]"
Add component (AddParameter): Name = "Height - Seated (Max)"; Value = "0.020" (0.50mm)"; VariantName = "[No Variations]"
Add component (AddParameter): Name = "LastUpdated"; Value = "08-02-2024 9.02.28 PM"; VariantName = "[No Variations]"
Add component (AddParameter): Name = "Lifecycle Status"; Value = "Active"; VariantName = "[No Variations]"
Add component (AddParameter): Name = "Manufacturer"; Value = "Vishay Dale"; VariantName = "[No Variations]"
Add component (AddParameter): Name = "Minimum Order"; Value = "1"; VariantName = "[No Variations]"
Add component (AddParameter): Name = "Number of Terminations"; Value = "2"; VariantName = "[No Variations]"
Add component (AddParameter): Name = "Operating Temperature"; Value = "-55°C ~ 155°C"; VariantName = "[No Variations]"
Add component (AddParameter): Name = "Package / Case"; Value = "0805 (2012 Metric)"; VariantName = "[No Variations]"
Add component (AddParameter): Name = "Packaging"; Value = "TapeAndReel"; VariantName = "[No Variations]"
Add component (AddParameter): Name = "Part Number"; Value = "CRCW0805330RFKEAHP"; VariantName = "[No Variations]"
Add component (AddParameter): Name = "Part Status"; Value = "Active"; VariantName = "[No Variations]"
Add component (AddParameter): Name = "PartId"; Value = "30364"; VariantName = "[No Variations]"
Add component (AddParameter): Name = "Power (Watts)"; Value = "0.5W, 1/2W"; VariantName = "[No Variations]"
Add component (AddParameter): Name = "Price"; Value = "0.02"; VariantName = "[No Variations]"
Add component (AddParameter): Name = "Ratings"; Value = "AEC-Q200"; VariantName = "[No Variations]"
Add component (AddParameter): Name = "Resistance"; Value = "330 Ohms"; VariantName = "[No Variations]"
Add component (AddParameter): Name = "Series"; Value = "CRCW-HP"; VariantName = "[No Variations]"
Add component (AddParameter): Name = "Size / Dimension"; Value = "0.079" L x 0.049" W (2.00mm x 1.25mm)"; VariantName = "[No Variations]"
Add component (AddParameter): Name = "Supplier 1"; Value = "DigiKey"; VariantName = "[No Variations]"
Add component (AddParameter): Name = "Supplier Device Package"; Value = "0805"; VariantName = "[No Variations]"
Add component (AddParameter): Name = "Supplier Part Number 1"; Value = "541-330TCT-ND"; VariantName = "[No Variations]"
Add component (AddParameter): Name = "Temperature Coefficient"; Value = "±100ppm/°C"; VariantName = "[No Variations]"
Add component (AddParameter): Name = "Tolerance"; Value = "±1%"; VariantName = "[No Variations]"
Add component (AddParameter): Name = "Value"; Value = "330 Ohms"; VariantName = "[No Variations]"
Added Component: Designator=R79(RES 0805_2012)
Add component (AddParameter): Name = "ComponentLink1Description"; Value = "Datasheet"; VariantName = "[No Variations]"
Add component (AddParameter): Name = "ComponentLink1URL"; Value = "http://www.vishay.com/docs/20043/crcwhpe3.pdf"; VariantName = "[No Variations]"
Add component (AddParameter): Name = "ComponentLink2Description"; Value = "DigiKey Link"; VariantName = "[No Variations]"
Add component (AddParameter): Name = "ComponentLink2URL"; Value = "https://www.digikey.com/en/products/detail/vishay-dale/CRCW0805330RFKEAHP/2226912"; VariantName = "[No Variations]"
Add component (AddParameter): Name = "Composition"; Value = "Thick Film"; VariantName = "[No Variations]"
Add component (AddParameter): Name = "Device Package"; Value = "0805 (2012 Metric)"; VariantName = "[No Variations]"
Add component (AddParameter): Name = "Features"; Value = "Automotive AEC-Q200, Pulse Withstanding"; VariantName = "[No Variations]"
Add component (AddParameter): Name = "Height - Seated (Max)"; Value = "0.020" (0.50mm)"; VariantName = "[No Variations]"
Add component (AddParameter): Name = "LastUpdated"; Value = "08-02-2024 9.02.28 PM"; VariantName = "[No Variations]"
Add component (AddParameter): Name = "Lifecycle Status"; Value = "Active"; VariantName = "[No Variations]"
Add component (AddParameter): Name = "Manufacturer"; Value = "Vishay Dale"; VariantName = "[No Variations]"
Add component (AddParameter): Name = "Minimum Order"; Value = "1"; VariantName = "[No Variations]"
Add component (AddParameter): Name = "Number of Terminations"; Value = "2"; VariantName = "[No Variations]"
Add component (AddParameter): Name = "Operating Temperature"; Value = "-55°C ~ 155°C"; VariantName = "[No Variations]"
Add component (AddParameter): Name = "Package / Case"; Value = "0805 (2012 Metric)"; VariantName = "[No Variations]"
Add component (AddParameter): Name = "Packaging"; Value = "TapeAndReel"; VariantName = "[No Variations]"
Add component (AddParameter): Name = "Part Number"; Value = "CRCW0805330RFKEAHP"; VariantName = "[No Variations]"
Add component (AddParameter): Name = "Part Status"; Value = "Active"; VariantName = "[No Variations]"
Add component (AddParameter): Name = "PartId"; Value = "30364"; VariantName = "[No Variations]"
Add component (AddParameter): Name = "Power (Watts)"; Value = "0.5W, 1/2W"; VariantName = "[No Variations]"
Add component (AddParameter): Name = "Price"; Value = "0.02"; VariantName = "[No Variations]"
Add component (AddParameter): Name = "Ratings"; Value = "AEC-Q200"; VariantName = "[No Variations]"
Add component (AddParameter): Name = "Resistance"; Value = "330 Ohms"; VariantName = "[No Variations]"
Add component (AddParameter): Name = "Series"; Value = "CRCW-HP"; VariantName = "[No Variations]"
Add component (AddParameter): Name = "Size / Dimension"; Value = "0.079" L x 0.049" W (2.00mm x 1.25mm)"; VariantName = "[No Variations]"
Add component (AddParameter): Name = "Supplier 1"; Value = "DigiKey"; VariantName = "[No Variations]"
Add component (AddParameter): Name = "Supplier Device Package"; Value = "0805"; VariantName = "[No Variations]"
Add component (AddParameter): Name = "Supplier Part Number 1"; Value = "541-330TCT-ND"; VariantName = "[No Variations]"
Add component (AddParameter): Name = "Temperature Coefficient"; Value = "±100ppm/°C"; VariantName = "[No Variations]"
Add component (AddParameter): Name = "Tolerance"; Value = "±1%"; VariantName = "[No Variations]"
Add component (AddParameter): Name = "Value"; Value = "330 Ohms"; VariantName = "[No Variations]"
Added Component: Designator=R80(RES 0805_2012)
Add component (AddParameter): Name = "ComponentLink1Description"; Value = "Datasheet"; VariantName = "[No Variations]"
Add component (AddParameter): Name = "ComponentLink1URL"; Value = "http://www.vishay.com/docs/20043/crcwhpe3.pdf"; VariantName = "[No Variations]"
Add component (AddParameter): Name = "ComponentLink2Description"; Value = "DigiKey Link"; VariantName = "[No Variations]"
Add component (AddParameter): Name = "ComponentLink2URL"; Value = "https://www.digikey.com/en/products/detail/vishay-dale/CRCW0805330RFKEAHP/2226912"; VariantName = "[No Variations]"
Add component (AddParameter): Name = "Composition"; Value = "Thick Film"; VariantName = "[No Variations]"
Add component (AddParameter): Name = "Device Package"; Value = "0805 (2012 Metric)"; VariantName = "[No Variations]"
Add component (AddParameter): Name = "Features"; Value = "Automotive AEC-Q200, Pulse Withstanding"; VariantName = "[No Variations]"
Add component (AddParameter): Name = "Height - Seated (Max)"; Value = "0.020" (0.50mm)"; VariantName = "[No Variations]"
Add component (AddParameter): Name = "LastUpdated"; Value = "08-02-2024 9.02.28 PM"; VariantName = "[No Variations]"
Add component (AddParameter): Name = "Lifecycle Status"; Value = "Active"; VariantName = "[No Variations]"
Add component (AddParameter): Name = "Manufacturer"; Value = "Vishay Dale"; VariantName = "[No Variations]"
Add component (AddParameter): Name = "Minimum Order"; Value = "1"; VariantName = "[No Variations]"
Add component (AddParameter): Name = "Number of Terminations"; Value = "2"; VariantName = "[No Variations]"
Add component (AddParameter): Name = "Operating Temperature"; Value = "-55°C ~ 155°C"; VariantName = "[No Variations]"
Add component (AddParameter): Name = "Package / Case"; Value = "0805 (2012 Metric)"; VariantName = "[No Variations]"
Add component (AddParameter): Name = "Packaging"; Value = "TapeAndReel"; VariantName = "[No Variations]"
Add component (AddParameter): Name = "Part Number"; Value = "CRCW0805330RFKEAHP"; VariantName = "[No Variations]"
Add component (AddParameter): Name = "Part Status"; Value = "Active"; VariantName = "[No Variations]"
Add component (AddParameter): Name = "PartId"; Value = "30364"; VariantName = "[No Variations]"
Add component (AddParameter): Name = "Power (Watts)"; Value = "0.5W, 1/2W"; VariantName = "[No Variations]"
Add component (AddParameter): Name = "Price"; Value = "0.02"; VariantName = "[No Variations]"
Add component (AddParameter): Name = "Ratings"; Value = "AEC-Q200"; VariantName = "[No Variations]"
Add component (AddParameter): Name = "Resistance"; Value = "330 Ohms"; VariantName = "[No Variations]"
Add component (AddParameter): Name = "Series"; Value = "CRCW-HP"; VariantName = "[No Variations]"
Add component (AddParameter): Name = "Size / Dimension"; Value = "0.079" L x 0.049" W (2.00mm x 1.25mm)"; VariantName = "[No Variations]"
Add component (AddParameter): Name = "Supplier 1"; Value = "DigiKey"; VariantName = "[No Variations]"
Add component (AddParameter): Name = "Supplier Device Package"; Value = "0805"; VariantName = "[No Variations]"
Add component (AddParameter): Name = "Supplier Part Number 1"; Value = "541-330TCT-ND"; VariantName = "[No Variations]"
Add component (AddParameter): Name = "Temperature Coefficient"; Value = "±100ppm/°C"; VariantName = "[No Variations]"
Add component (AddParameter): Name = "Tolerance"; Value = "±1%"; VariantName = "[No Variations]"
Add component (AddParameter): Name = "Value"; Value = "330 Ohms"; VariantName = "[No Variations]"
Added Component: Designator=R81(RES 0805_2012)
Add component (AddParameter): Name = "ComponentLink1Description"; Value = "Datasheet"; VariantName = "[No Variations]"
Add component (AddParameter): Name = "ComponentLink1URL"; Value = "https://www.rohm.com/datasheet/ESR01MZPF/esr-e"; VariantName = "[No Variations]"
Add component (AddParameter): Name = "ComponentLink2Description"; Value = "DigiKey Link"; VariantName = "[No Variations]"
Add component (AddParameter): Name = "ComponentLink2URL"; Value = "https://www.digikey.com/en/products/detail/rohm-semiconductor/ESR10EZPF1001/1983480"; VariantName = "[No Variations]"
Add component (AddParameter): Name = "Composition"; Value = "Thick Film"; VariantName = "[No Variations]"
Add component (AddParameter): Name = "Device Package"; Value = "0805 (2012 Metric)"; VariantName = "[No Variations]"
Add component (AddParameter): Name = "Features"; Value = "Automotive AEC-Q200, Pulse Withstanding"; VariantName = "[No Variations]"
Add component (AddParameter): Name = "Height - Seated (Max)"; Value = "0.026" (0.65mm)"; VariantName = "[No Variations]"
Add component (AddParameter): Name = "LastUpdated"; Value = "08-02-2024 9.02.37 PM"; VariantName = "[No Variations]"
Add component (AddParameter): Name = "Lifecycle Status"; Value = "Active"; VariantName = "[No Variations]"
Add component (AddParameter): Name = "Manufacturer"; Value = "Rohm Semiconductor"; VariantName = "[No Variations]"
Add component (AddParameter): Name = "Minimum Order"; Value = "1"; VariantName = "[No Variations]"
Add component (AddParameter): Name = "Number of Terminations"; Value = "2"; VariantName = "[No Variations]"
Add component (AddParameter): Name = "Operating Temperature"; Value = "-55°C ~ 155°C"; VariantName = "[No Variations]"
Add component (AddParameter): Name = "Package / Case"; Value = "0805 (2012 Metric)"; VariantName = "[No Variations]"
Add component (AddParameter): Name = "Packaging"; Value = "TapeAndReel"; VariantName = "[No Variations]"
Add component (AddParameter): Name = "Part Number"; Value = "ESR10EZPF1001"; VariantName = "[No Variations]"
Add component (AddParameter): Name = "Part Status"; Value = "Active"; VariantName = "[No Variations]"
Add component (AddParameter): Name = "PartId"; Value = "28032"; VariantName = "[No Variations]"
Add component (AddParameter): Name = "Power (Watts)"; Value = "0.4W, 2/5W"; VariantName = "[No Variations]"
Add component (AddParameter): Name = "Price"; Value = "0.02"; VariantName = "[No Variations]"
Add component (AddParameter): Name = "Ratings"; Value = "AEC-Q200"; VariantName = "[No Variations]"
Add component (AddParameter): Name = "Resistance"; Value = "1 kOhms"; VariantName = "[No Variations]"
Add component (AddParameter): Name = "Series"; Value = "ESR"; VariantName = "[No Variations]"
Add component (AddParameter): Name = "Size / Dimension"; Value = "0.079" L x 0.049" W (2.00mm x 1.25mm)"; VariantName = "[No Variations]"
Add component (AddParameter): Name = "Supplier 1"; Value = "DigiKey"; VariantName = "[No Variations]"
Add component (AddParameter): Name = "Supplier Device Package"; Value = "0805"; VariantName = "[No Variations]"
Add component (AddParameter): Name = "Supplier Part Number 1"; Value = "RHM1.00KAECT-ND"; VariantName = "[No Variations]"
Add component (AddParameter): Name = "Temperature Coefficient"; Value = "±100ppm/°C"; VariantName = "[No Variations]"
Add component (AddParameter): Name = "Tolerance"; Value = "±1%"; VariantName = "[No Variations]"
Add component (AddParameter): Name = "Value"; Value = "1 kOhms"; VariantName = "[No Variations]"
Added Component: Designator=R82(RES 0805_2012)
Add component (AddParameter): Name = "ComponentLink1Description"; Value = "Datasheet"; VariantName = "[No Variations]"
Add component (AddParameter): Name = "ComponentLink1URL"; Value = "http://www.vishay.com/docs/20043/crcwhpe3.pdf"; VariantName = "[No Variations]"
Add component (AddParameter): Name = "ComponentLink2Description"; Value = "DigiKey Link"; VariantName = "[No Variations]"
Add component (AddParameter): Name = "ComponentLink2URL"; Value = "https://www.digikey.com/en/products/detail/vishay-dale/CRCW0805330RFKEAHP/2226912"; VariantName = "[No Variations]"
Add component (AddParameter): Name = "Composition"; Value = "Thick Film"; VariantName = "[No Variations]"
Add component (AddParameter): Name = "Device Package"; Value = "0805 (2012 Metric)"; VariantName = "[No Variations]"
Add component (AddParameter): Name = "Features"; Value = "Automotive AEC-Q200, Pulse Withstanding"; VariantName = "[No Variations]"
Add component (AddParameter): Name = "Height - Seated (Max)"; Value = "0.020" (0.50mm)"; VariantName = "[No Variations]"
Add component (AddParameter): Name = "LastUpdated"; Value = "08-02-2024 9.02.28 PM"; VariantName = "[No Variations]"
Add component (AddParameter): Name = "Lifecycle Status"; Value = "Active"; VariantName = "[No Variations]"
Add component (AddParameter): Name = "Manufacturer"; Value = "Vishay Dale"; VariantName = "[No Variations]"
Add component (AddParameter): Name = "Minimum Order"; Value = "1"; VariantName = "[No Variations]"
Add component (AddParameter): Name = "Number of Terminations"; Value = "2"; VariantName = "[No Variations]"
Add component (AddParameter): Name = "Operating Temperature"; Value = "-55°C ~ 155°C"; VariantName = "[No Variations]"
Add component (AddParameter): Name = "Package / Case"; Value = "0805 (2012 Metric)"; VariantName = "[No Variations]"
Add component (AddParameter): Name = "Packaging"; Value = "TapeAndReel"; VariantName = "[No Variations]"
Add component (AddParameter): Name = "Part Number"; Value = "CRCW0805330RFKEAHP"; VariantName = "[No Variations]"
Add component (AddParameter): Name = "Part Status"; Value = "Active"; VariantName = "[No Variations]"
Add component (AddParameter): Name = "PartId"; Value = "30364"; VariantName = "[No Variations]"
Add component (AddParameter): Name = "Power (Watts)"; Value = "0.5W, 1/2W"; VariantName = "[No Variations]"
Add component (AddParameter): Name = "Price"; Value = "0.02"; VariantName = "[No Variations]"
Add component (AddParameter): Name = "Ratings"; Value = "AEC-Q200"; VariantName = "[No Variations]"
Add component (AddParameter): Name = "Resistance"; Value = "330 Ohms"; VariantName = "[No Variations]"
Add component (AddParameter): Name = "Series"; Value = "CRCW-HP"; VariantName = "[No Variations]"
Add component (AddParameter): Name = "Size / Dimension"; Value = "0.079" L x 0.049" W (2.00mm x 1.25mm)"; VariantName = "[No Variations]"
Add component (AddParameter): Name = "Supplier 1"; Value = "DigiKey"; VariantName = "[No Variations]"
Add component (AddParameter): Name = "Supplier Device Package"; Value = "0805"; VariantName = "[No Variations]"
Add component (AddParameter): Name = "Supplier Part Number 1"; Value = "541-330TCT-ND"; VariantName = "[No Variations]"
Add component (AddParameter): Name = "Temperature Coefficient"; Value = "±100ppm/°C"; VariantName = "[No Variations]"
Add component (AddParameter): Name = "Tolerance"; Value = "±1%"; VariantName = "[No Variations]"
Add component (AddParameter): Name = "Value"; Value = "330 Ohms"; VariantName = "[No Variations]"
Added Component: Designator=R83(RES 0805_2012)
Add component (AddParameter): Name = "ComponentLink1Description"; Value = "Datasheet"; VariantName = "[No Variations]"
Add component (AddParameter): Name = "ComponentLink1URL"; Value = "https://www.rohm.com/datasheet/ESR01MZPF/esr-e"; VariantName = "[No Variations]"
Add component (AddParameter): Name = "ComponentLink2Description"; Value = "DigiKey Link"; VariantName = "[No Variations]"
Add component (AddParameter): Name = "ComponentLink2URL"; Value = "https://www.digikey.com/en/products/detail/rohm-semiconductor/ESR10EZPF1001/1983480"; VariantName = "[No Variations]"
Add component (AddParameter): Name = "Composition"; Value = "Thick Film"; VariantName = "[No Variations]"
Add component (AddParameter): Name = "Device Package"; Value = "0805 (2012 Metric)"; VariantName = "[No Variations]"
Add component (AddParameter): Name = "Features"; Value = "Automotive AEC-Q200, Pulse Withstanding"; VariantName = "[No Variations]"
Add component (AddParameter): Name = "Height - Seated (Max)"; Value = "0.026" (0.65mm)"; VariantName = "[No Variations]"
Add component (AddParameter): Name = "LastUpdated"; Value = "08-02-2024 9.02.37 PM"; VariantName = "[No Variations]"
Add component (AddParameter): Name = "Lifecycle Status"; Value = "Active"; VariantName = "[No Variations]"
Add component (AddParameter): Name = "Manufacturer"; Value = "Rohm Semiconductor"; VariantName = "[No Variations]"
Add component (AddParameter): Name = "Minimum Order"; Value = "1"; VariantName = "[No Variations]"
Add component (AddParameter): Name = "Number of Terminations"; Value = "2"; VariantName = "[No Variations]"
Add component (AddParameter): Name = "Operating Temperature"; Value = "-55°C ~ 155°C"; VariantName = "[No Variations]"
Add component (AddParameter): Name = "Package / Case"; Value = "0805 (2012 Metric)"; VariantName = "[No Variations]"
Add component (AddParameter): Name = "Packaging"; Value = "TapeAndReel"; VariantName = "[No Variations]"
Add component (AddParameter): Name = "Part Number"; Value = "ESR10EZPF1001"; VariantName = "[No Variations]"
Add component (AddParameter): Name = "Part Status"; Value = "Active"; VariantName = "[No Variations]"
Add component (AddParameter): Name = "PartId"; Value = "28032"; VariantName = "[No Variations]"
Add component (AddParameter): Name = "Power (Watts)"; Value = "0.4W, 2/5W"; VariantName = "[No Variations]"
Add component (AddParameter): Name = "Price"; Value = "0.02"; VariantName = "[No Variations]"
Add component (AddParameter): Name = "Ratings"; Value = "AEC-Q200"; VariantName = "[No Variations]"
Add component (AddParameter): Name = "Resistance"; Value = "1 kOhms"; VariantName = "[No Variations]"
Add component (AddParameter): Name = "Series"; Value = "ESR"; VariantName = "[No Variations]"
Add component (AddParameter): Name = "Size / Dimension"; Value = "0.079" L x 0.049" W (2.00mm x 1.25mm)"; VariantName = "[No Variations]"
Add component (AddParameter): Name = "Supplier 1"; Value = "DigiKey"; VariantName = "[No Variations]"
Add component (AddParameter): Name = "Supplier Device Package"; Value = "0805"; VariantName = "[No Variations]"
Add component (AddParameter): Name = "Supplier Part Number 1"; Value = "RHM1.00KAECT-ND"; VariantName = "[No Variations]"
Add component (AddParameter): Name = "Temperature Coefficient"; Value = "±100ppm/°C"; VariantName = "[No Variations]"
Add component (AddParameter): Name = "Tolerance"; Value = "±1%"; VariantName = "[No Variations]"
Add component (AddParameter): Name = "Value"; Value = "1 kOhms"; VariantName = "[No Variations]"
Added Component: Designator=R84(RES 0805_2012)
Add component (AddParameter): Name = "ComponentLink1Description"; Value = "Datasheet"; VariantName = "[No Variations]"
Add component (AddParameter): Name = "ComponentLink1URL"; Value = "http://www.vishay.com/docs/20043/crcwhpe3.pdf"; VariantName = "[No Variations]"
Add component (AddParameter): Name = "ComponentLink2Description"; Value = "DigiKey Link"; VariantName = "[No Variations]"
Add component (AddParameter): Name = "ComponentLink2URL"; Value = "https://www.digikey.com/en/products/detail/vishay-dale/CRCW0805330RFKEAHP/2226912"; VariantName = "[No Variations]"
Add component (AddParameter): Name = "Composition"; Value = "Thick Film"; VariantName = "[No Variations]"
Add component (AddParameter): Name = "Device Package"; Value = "0805 (2012 Metric)"; VariantName = "[No Variations]"
Add component (AddParameter): Name = "Features"; Value = "Automotive AEC-Q200, Pulse Withstanding"; VariantName = "[No Variations]"
Add component (AddParameter): Name = "Height - Seated (Max)"; Value = "0.020" (0.50mm)"; VariantName = "[No Variations]"
Add component (AddParameter): Name = "LastUpdated"; Value = "08-02-2024 9.02.28 PM"; VariantName = "[No Variations]"
Add component (AddParameter): Name = "Lifecycle Status"; Value = "Active"; VariantName = "[No Variations]"
Add component (AddParameter): Name = "Manufacturer"; Value = "Vishay Dale"; VariantName = "[No Variations]"
Add component (AddParameter): Name = "Minimum Order"; Value = "1"; VariantName = "[No Variations]"
Add component (AddParameter): Name = "Number of Terminations"; Value = "2"; VariantName = "[No Variations]"
Add component (AddParameter): Name = "Operating Temperature"; Value = "-55°C ~ 155°C"; VariantName = "[No Variations]"
Add component (AddParameter): Name = "Package / Case"; Value = "0805 (2012 Metric)"; VariantName = "[No Variations]"
Add component (AddParameter): Name = "Packaging"; Value = "TapeAndReel"; VariantName = "[No Variations]"
Add component (AddParameter): Name = "Part Number"; Value = "CRCW0805330RFKEAHP"; VariantName = "[No Variations]"
Add component (AddParameter): Name = "Part Status"; Value = "Active"; VariantName = "[No Variations]"
Add component (AddParameter): Name = "PartId"; Value = "30364"; VariantName = "[No Variations]"
Add component (AddParameter): Name = "Power (Watts)"; Value = "0.5W, 1/2W"; VariantName = "[No Variations]"
Add component (AddParameter): Name = "Price"; Value = "0.02"; VariantName = "[No Variations]"
Add component (AddParameter): Name = "Ratings"; Value = "AEC-Q200"; VariantName = "[No Variations]"
Add component (AddParameter): Name = "Resistance"; Value = "330 Ohms"; VariantName = "[No Variations]"
Add component (AddParameter): Name = "Series"; Value = "CRCW-HP"; VariantName = "[No Variations]"
Add component (AddParameter): Name = "Size / Dimension"; Value = "0.079" L x 0.049" W (2.00mm x 1.25mm)"; VariantName = "[No Variations]"
Add component (AddParameter): Name = "Supplier 1"; Value = "DigiKey"; VariantName = "[No Variations]"
Add component (AddParameter): Name = "Supplier Device Package"; Value = "0805"; VariantName = "[No Variations]"
Add component (AddParameter): Name = "Supplier Part Number 1"; Value = "541-330TCT-ND"; VariantName = "[No Variations]"
Add component (AddParameter): Name = "Temperature Coefficient"; Value = "±100ppm/°C"; VariantName = "[No Variations]"
Add component (AddParameter): Name = "Tolerance"; Value = "±1%"; VariantName = "[No Variations]"
Add component (AddParameter): Name = "Value"; Value = "330 Ohms"; VariantName = "[No Variations]"
Added Component: Designator=R85(RES 0805_2012)
Add component (AddParameter): Name = "ComponentLink1Description"; Value = "Datasheet"; VariantName = "[No Variations]"
Add component (AddParameter): Name = "ComponentLink1URL"; Value = "https://www.rohm.com/datasheet/ESR01MZPF/esr-e"; VariantName = "[No Variations]"
Add component (AddParameter): Name = "ComponentLink2Description"; Value = "DigiKey Link"; VariantName = "[No Variations]"
Add component (AddParameter): Name = "ComponentLink2URL"; Value = "https://www.digikey.com/en/products/detail/rohm-semiconductor/ESR10EZPF1001/1983480"; VariantName = "[No Variations]"
Add component (AddParameter): Name = "Composition"; Value = "Thick Film"; VariantName = "[No Variations]"
Add component (AddParameter): Name = "Device Package"; Value = "0805 (2012 Metric)"; VariantName = "[No Variations]"
Add component (AddParameter): Name = "Features"; Value = "Automotive AEC-Q200, Pulse Withstanding"; VariantName = "[No Variations]"
Add component (AddParameter): Name = "Height - Seated (Max)"; Value = "0.026" (0.65mm)"; VariantName = "[No Variations]"
Add component (AddParameter): Name = "LastUpdated"; Value = "08-02-2024 9.02.37 PM"; VariantName = "[No Variations]"
Add component (AddParameter): Name = "Lifecycle Status"; Value = "Active"; VariantName = "[No Variations]"
Add component (AddParameter): Name = "Manufacturer"; Value = "Rohm Semiconductor"; VariantName = "[No Variations]"
Add component (AddParameter): Name = "Minimum Order"; Value = "1"; VariantName = "[No Variations]"
Add component (AddParameter): Name = "Number of Terminations"; Value = "2"; VariantName = "[No Variations]"
Add component (AddParameter): Name = "Operating Temperature"; Value = "-55°C ~ 155°C"; VariantName = "[No Variations]"
Add component (AddParameter): Name = "Package / Case"; Value = "0805 (2012 Metric)"; VariantName = "[No Variations]"
Add component (AddParameter): Name = "Packaging"; Value = "TapeAndReel"; VariantName = "[No Variations]"
Add component (AddParameter): Name = "Part Number"; Value = "ESR10EZPF1001"; VariantName = "[No Variations]"
Add component (AddParameter): Name = "Part Status"; Value = "Active"; VariantName = "[No Variations]"
Add component (AddParameter): Name = "PartId"; Value = "28032"; VariantName = "[No Variations]"
Add component (AddParameter): Name = "Power (Watts)"; Value = "0.4W, 2/5W"; VariantName = "[No Variations]"
Add component (AddParameter): Name = "Price"; Value = "0.02"; VariantName = "[No Variations]"
Add component (AddParameter): Name = "Ratings"; Value = "AEC-Q200"; VariantName = "[No Variations]"
Add component (AddParameter): Name = "Resistance"; Value = "1 kOhms"; VariantName = "[No Variations]"
Add component (AddParameter): Name = "Series"; Value = "ESR"; VariantName = "[No Variations]"
Add component (AddParameter): Name = "Size / Dimension"; Value = "0.079" L x 0.049" W (2.00mm x 1.25mm)"; VariantName = "[No Variations]"
Add component (AddParameter): Name = "Supplier 1"; Value = "DigiKey"; VariantName = "[No Variations]"
Add component (AddParameter): Name = "Supplier Device Package"; Value = "0805"; VariantName = "[No Variations]"
Add component (AddParameter): Name = "Supplier Part Number 1"; Value = "RHM1.00KAECT-ND"; VariantName = "[No Variations]"
Add component (AddParameter): Name = "Temperature Coefficient"; Value = "±100ppm/°C"; VariantName = "[No Variations]"
Add component (AddParameter): Name = "Tolerance"; Value = "±1%"; VariantName = "[No Variations]"
Add component (AddParameter): Name = "Value"; Value = "1 kOhms"; VariantName = "[No Variations]"
Added Component: Designator=R86(RES 0805_2012)
Add component (AddParameter): Name = "ComponentLink1Description"; Value = "Datasheet"; VariantName = "[No Variations]"
Add component (AddParameter): Name = "ComponentLink1URL"; Value = "http://www.vishay.com/docs/20043/crcwhpe3.pdf"; VariantName = "[No Variations]"
Add component (AddParameter): Name = "ComponentLink2Description"; Value = "DigiKey Link"; VariantName = "[No Variations]"
Add component (AddParameter): Name = "ComponentLink2URL"; Value = "https://www.digikey.com/en/products/detail/vishay-dale/CRCW0805330RFKEAHP/2226912"; VariantName = "[No Variations]"
Add component (AddParameter): Name = "Composition"; Value = "Thick Film"; VariantName = "[No Variations]"
Add component (AddParameter): Name = "Device Package"; Value = "0805 (2012 Metric)"; VariantName = "[No Variations]"
Add component (AddParameter): Name = "Features"; Value = "Automotive AEC-Q200, Pulse Withstanding"; VariantName = "[No Variations]"
Add component (AddParameter): Name = "Height - Seated (Max)"; Value = "0.020" (0.50mm)"; VariantName = "[No Variations]"
Add component (AddParameter): Name = "LastUpdated"; Value = "08-02-2024 9.02.28 PM"; VariantName = "[No Variations]"
Add component (AddParameter): Name = "Lifecycle Status"; Value = "Active"; VariantName = "[No Variations]"
Add component (AddParameter): Name = "Manufacturer"; Value = "Vishay Dale"; VariantName = "[No Variations]"
Add component (AddParameter): Name = "Minimum Order"; Value = "1"; VariantName = "[No Variations]"
Add component (AddParameter): Name = "Number of Terminations"; Value = "2"; VariantName = "[No Variations]"
Add component (AddParameter): Name = "Operating Temperature"; Value = "-55°C ~ 155°C"; VariantName = "[No Variations]"
Add component (AddParameter): Name = "Package / Case"; Value = "0805 (2012 Metric)"; VariantName = "[No Variations]"
Add component (AddParameter): Name = "Packaging"; Value = "TapeAndReel"; VariantName = "[No Variations]"
Add component (AddParameter): Name = "Part Number"; Value = "CRCW0805330RFKEAHP"; VariantName = "[No Variations]"
Add component (AddParameter): Name = "Part Status"; Value = "Active"; VariantName = "[No Variations]"
Add component (AddParameter): Name = "PartId"; Value = "30364"; VariantName = "[No Variations]"
Add component (AddParameter): Name = "Power (Watts)"; Value = "0.5W, 1/2W"; VariantName = "[No Variations]"
Add component (AddParameter): Name = "Price"; Value = "0.02"; VariantName = "[No Variations]"
Add component (AddParameter): Name = "Ratings"; Value = "AEC-Q200"; VariantName = "[No Variations]"
Add component (AddParameter): Name = "Resistance"; Value = "330 Ohms"; VariantName = "[No Variations]"
Add component (AddParameter): Name = "Series"; Value = "CRCW-HP"; VariantName = "[No Variations]"
Add component (AddParameter): Name = "Size / Dimension"; Value = "0.079" L x 0.049" W (2.00mm x 1.25mm)"; VariantName = "[No Variations]"
Add component (AddParameter): Name = "Supplier 1"; Value = "DigiKey"; VariantName = "[No Variations]"
Add component (AddParameter): Name = "Supplier Device Package"; Value = "0805"; VariantName = "[No Variations]"
Add component (AddParameter): Name = "Supplier Part Number 1"; Value = "541-330TCT-ND"; VariantName = "[No Variations]"
Add component (AddParameter): Name = "Temperature Coefficient"; Value = "±100ppm/°C"; VariantName = "[No Variations]"
Add component (AddParameter): Name = "Tolerance"; Value = "±1%"; VariantName = "[No Variations]"
Add component (AddParameter): Name = "Value"; Value = "330 Ohms"; VariantName = "[No Variations]"
Added Component: Designator=R87(RES 0805_2012)
Add component (AddParameter): Name = "ComponentLink1Description"; Value = "Datasheet"; VariantName = "[No Variations]"
Add component (AddParameter): Name = "ComponentLink1URL"; Value = "https://www.rohm.com/datasheet/ESR01MZPF/esr-e"; VariantName = "[No Variations]"
Add component (AddParameter): Name = "ComponentLink2Description"; Value = "DigiKey Link"; VariantName = "[No Variations]"
Add component (AddParameter): Name = "ComponentLink2URL"; Value = "https://www.digikey.com/en/products/detail/rohm-semiconductor/ESR10EZPF1001/1983480"; VariantName = "[No Variations]"
Add component (AddParameter): Name = "Composition"; Value = "Thick Film"; VariantName = "[No Variations]"
Add component (AddParameter): Name = "Device Package"; Value = "0805 (2012 Metric)"; VariantName = "[No Variations]"
Add component (AddParameter): Name = "Features"; Value = "Automotive AEC-Q200, Pulse Withstanding"; VariantName = "[No Variations]"
Add component (AddParameter): Name = "Height - Seated (Max)"; Value = "0.026" (0.65mm)"; VariantName = "[No Variations]"
Add component (AddParameter): Name = "LastUpdated"; Value = "08-02-2024 9.02.37 PM"; VariantName = "[No Variations]"
Add component (AddParameter): Name = "Lifecycle Status"; Value = "Active"; VariantName = "[No Variations]"
Add component (AddParameter): Name = "Manufacturer"; Value = "Rohm Semiconductor"; VariantName = "[No Variations]"
Add component (AddParameter): Name = "Minimum Order"; Value = "1"; VariantName = "[No Variations]"
Add component (AddParameter): Name = "Number of Terminations"; Value = "2"; VariantName = "[No Variations]"
Add component (AddParameter): Name = "Operating Temperature"; Value = "-55°C ~ 155°C"; VariantName = "[No Variations]"
Add component (AddParameter): Name = "Package / Case"; Value = "0805 (2012 Metric)"; VariantName = "[No Variations]"
Add component (AddParameter): Name = "Packaging"; Value = "TapeAndReel"; VariantName = "[No Variations]"
Add component (AddParameter): Name = "Part Number"; Value = "ESR10EZPF1001"; VariantName = "[No Variations]"
Add component (AddParameter): Name = "Part Status"; Value = "Active"; VariantName = "[No Variations]"
Add component (AddParameter): Name = "PartId"; Value = "28032"; VariantName = "[No Variations]"
Add component (AddParameter): Name = "Power (Watts)"; Value = "0.4W, 2/5W"; VariantName = "[No Variations]"
Add component (AddParameter): Name = "Price"; Value = "0.02"; VariantName = "[No Variations]"
Add component (AddParameter): Name = "Ratings"; Value = "AEC-Q200"; VariantName = "[No Variations]"
Add component (AddParameter): Name = "Resistance"; Value = "1 kOhms"; VariantName = "[No Variations]"
Add component (AddParameter): Name = "Series"; Value = "ESR"; VariantName = "[No Variations]"
Add component (AddParameter): Name = "Size / Dimension"; Value = "0.079" L x 0.049" W (2.00mm x 1.25mm)"; VariantName = "[No Variations]"
Add component (AddParameter): Name = "Supplier 1"; Value = "DigiKey"; VariantName = "[No Variations]"
Add component (AddParameter): Name = "Supplier Device Package"; Value = "0805"; VariantName = "[No Variations]"
Add component (AddParameter): Name = "Supplier Part Number 1"; Value = "RHM1.00KAECT-ND"; VariantName = "[No Variations]"
Add component (AddParameter): Name = "Temperature Coefficient"; Value = "±100ppm/°C"; VariantName = "[No Variations]"
Add component (AddParameter): Name = "Tolerance"; Value = "±1%"; VariantName = "[No Variations]"
Add component (AddParameter): Name = "Value"; Value = "1 kOhms"; VariantName = "[No Variations]"
Added Component: Designator=R88(RES 0805_2012)
Add component (AddParameter): Name = "ComponentLink1Description"; Value = "Datasheet"; VariantName = "[No Variations]"
Add component (AddParameter): Name = "ComponentLink1URL"; Value = "https://www.rohm.com/datasheet/ESR01MZPF/esr-e"; VariantName = "[No Variations]"
Add component (AddParameter): Name = "ComponentLink2Description"; Value = "DigiKey Link"; VariantName = "[No Variations]"
Add component (AddParameter): Name = "ComponentLink2URL"; Value = "https://www.digikey.com/en/products/detail/rohm-semiconductor/ESR10EZPF1001/1983480"; VariantName = "[No Variations]"
Add component (AddParameter): Name = "Composition"; Value = "Thick Film"; VariantName = "[No Variations]"
Add component (AddParameter): Name = "Device Package"; Value = "0805 (2012 Metric)"; VariantName = "[No Variations]"
Add component (AddParameter): Name = "Features"; Value = "Automotive AEC-Q200, Pulse Withstanding"; VariantName = "[No Variations]"
Add component (AddParameter): Name = "Height - Seated (Max)"; Value = "0.026" (0.65mm)"; VariantName = "[No Variations]"
Add component (AddParameter): Name = "LastUpdated"; Value = "08-02-2024 9.02.37 PM"; VariantName = "[No Variations]"
Add component (AddParameter): Name = "Lifecycle Status"; Value = "Active"; VariantName = "[No Variations]"
Add component (AddParameter): Name = "Manufacturer"; Value = "Rohm Semiconductor"; VariantName = "[No Variations]"
Add component (AddParameter): Name = "Minimum Order"; Value = "1"; VariantName = "[No Variations]"
Add component (AddParameter): Name = "Number of Terminations"; Value = "2"; VariantName = "[No Variations]"
Add component (AddParameter): Name = "Operating Temperature"; Value = "-55°C ~ 155°C"; VariantName = "[No Variations]"
Add component (AddParameter): Name = "Package / Case"; Value = "0805 (2012 Metric)"; VariantName = "[No Variations]"
Add component (AddParameter): Name = "Packaging"; Value = "TapeAndReel"; VariantName = "[No Variations]"
Add component (AddParameter): Name = "Part Number"; Value = "ESR10EZPF1001"; VariantName = "[No Variations]"
Add component (AddParameter): Name = "Part Status"; Value = "Active"; VariantName = "[No Variations]"
Add component (AddParameter): Name = "PartId"; Value = "28032"; VariantName = "[No Variations]"
Add component (AddParameter): Name = "Power (Watts)"; Value = "0.4W, 2/5W"; VariantName = "[No Variations]"
Add component (AddParameter): Name = "Price"; Value = "0.02"; VariantName = "[No Variations]"
Add component (AddParameter): Name = "Ratings"; Value = "AEC-Q200"; VariantName = "[No Variations]"
Add component (AddParameter): Name = "Resistance"; Value = "1 kOhms"; VariantName = "[No Variations]"
Add component (AddParameter): Name = "Series"; Value = "ESR"; VariantName = "[No Variations]"
Add component (AddParameter): Name = "Size / Dimension"; Value = "0.079" L x 0.049" W (2.00mm x 1.25mm)"; VariantName = "[No Variations]"
Add component (AddParameter): Name = "Supplier 1"; Value = "DigiKey"; VariantName = "[No Variations]"
Add component (AddParameter): Name = "Supplier Device Package"; Value = "0805"; VariantName = "[No Variations]"
Add component (AddParameter): Name = "Supplier Part Number 1"; Value = "RHM1.00KAECT-ND"; VariantName = "[No Variations]"
Add component (AddParameter): Name = "Temperature Coefficient"; Value = "±100ppm/°C"; VariantName = "[No Variations]"
Add component (AddParameter): Name = "Tolerance"; Value = "±1%"; VariantName = "[No Variations]"
Add component (AddParameter): Name = "Value"; Value = "1 kOhms"; VariantName = "[No Variations]"
Added Component: Designator=R89(RES 0805_2012)
Add component (AddParameter): Name = "ComponentLink1Description"; Value = "Datasheet"; VariantName = "[No Variations]"
Add component (AddParameter): Name = "ComponentLink1URL"; Value = "https://industrial.panasonic.com/cdbs/www-data/pdf/RDM0000/AOA0000C328.pdf"; VariantName = "[No Variations]"
Add component (AddParameter): Name = "ComponentLink2Description"; Value = "DigiKey Link"; VariantName = "[No Variations]"
Add component (AddParameter): Name = "ComponentLink2URL"; Value = "https://www.digikey.com/en/products/detail/panasonic-electronic-components/ERJ-PB6B3300V/6213320"; VariantName = "[No Variations]"
Add component (AddParameter): Name = "Composition"; Value = "Thick Film"; VariantName = "[No Variations]"
Add component (AddParameter): Name = "Device Package"; Value = "0805 (2012 Metric)"; VariantName = "[No Variations]"
Add component (AddParameter): Name = "Features"; Value = "Automotive AEC-Q200, Pulse Withstanding"; VariantName = "[No Variations]"
Add component (AddParameter): Name = "Height - Seated (Max)"; Value = "0.028" (0.70mm)"; VariantName = "[No Variations]"
Add component (AddParameter): Name = "LastUpdated"; Value = "08-02-2024 9.02.05 PM"; VariantName = "[No Variations]"
Add component (AddParameter): Name = "Lifecycle Status"; Value = "Active"; VariantName = "[No Variations]"
Add component (AddParameter): Name = "Manufacturer"; Value = "Panasonic Electronic Components"; VariantName = "[No Variations]"
Add component (AddParameter): Name = "Minimum Order"; Value = "1"; VariantName = "[No Variations]"
Add component (AddParameter): Name = "Number of Terminations"; Value = "2"; VariantName = "[No Variations]"
Add component (AddParameter): Name = "Operating Temperature"; Value = "-55°C ~ 155°C"; VariantName = "[No Variations]"
Add component (AddParameter): Name = "Package / Case"; Value = "0805 (2012 Metric)"; VariantName = "[No Variations]"
Add component (AddParameter): Name = "Packaging"; Value = "TapeAndReel"; VariantName = "[No Variations]"
Add component (AddParameter): Name = "Part Number"; Value = "ERJ-PB6B3300V"; VariantName = "[No Variations]"
Add component (AddParameter): Name = "Part Status"; Value = "Active"; VariantName = "[No Variations]"
Add component (AddParameter): Name = "PartId"; Value = "35583"; VariantName = "[No Variations]"
Add component (AddParameter): Name = "Power (Watts)"; Value = "0.25W, 1/4W"; VariantName = "[No Variations]"
Add component (AddParameter): Name = "Price"; Value = "0.04"; VariantName = "[No Variations]"
Add component (AddParameter): Name = "Ratings"; Value = "AEC-Q200"; VariantName = "[No Variations]"
Add component (AddParameter): Name = "Resistance"; Value = "330 Ohms"; VariantName = "[No Variations]"
Add component (AddParameter): Name = "Series"; Value = "ERJ-PB6"; VariantName = "[No Variations]"
Add component (AddParameter): Name = "Size / Dimension"; Value = "0.079" L x 0.049" W (2.00mm x 1.25mm)"; VariantName = "[No Variations]"
Add component (AddParameter): Name = "Supplier 1"; Value = "DigiKey"; VariantName = "[No Variations]"
Add component (AddParameter): Name = "Supplier Device Package"; Value = "0805"; VariantName = "[No Variations]"
Add component (AddParameter): Name = "Supplier Part Number 1"; Value = "P20537CT-ND"; VariantName = "[No Variations]"
Add component (AddParameter): Name = "Temperature Coefficient"; Value = "±50ppm/°C"; VariantName = "[No Variations]"
Add component (AddParameter): Name = "Tolerance"; Value = "±0.1%"; VariantName = "[No Variations]"
Add component (AddParameter): Name = "Value"; Value = "330 Ohms"; VariantName = "[No Variations]"
Added Component: Designator=R90(RES 0805_2012)
Add component (AddParameter): Name = "ComponentLink1Description"; Value = "Datasheet"; VariantName = "[No Variations]"
Add component (AddParameter): Name = "ComponentLink1URL"; Value = "https://www.rohm.com/datasheet/KTR03EZPF/ktr-e"; VariantName = "[No Variations]"
Add component (AddParameter): Name = "ComponentLink2Description"; Value = "DigiKey Link"; VariantName = "[No Variations]"
Add component (AddParameter): Name = "ComponentLink2URL"; Value = "https://www.digikey.com/en/products/detail/rohm-semiconductor/KTR10EZPF1651/4051813"; VariantName = "[No Variations]"
Add component (AddParameter): Name = "Composition"; Value = "Thick Film"; VariantName = "[No Variations]"
Add component (AddParameter): Name = "Device Package"; Value = "0805 (2012 Metric)"; VariantName = "[No Variations]"
Add component (AddParameter): Name = "Features"; Value = "Automotive AEC-Q200, High Voltage"; VariantName = "[No Variations]"
Add component (AddParameter): Name = "Height - Seated (Max)"; Value = "0.026" (0.65mm)"; VariantName = "[No Variations]"
Add component (AddParameter): Name = "LastUpdated"; Value = "08-02-2024 9.02.33 PM"; VariantName = "[No Variations]"
Add component (AddParameter): Name = "Lifecycle Status"; Value = "Active"; VariantName = "[No Variations]"
Add component (AddParameter): Name = "Manufacturer"; Value = "Rohm Semiconductor"; VariantName = "[No Variations]"
Add component (AddParameter): Name = "Minimum Order"; Value = "1"; VariantName = "[No Variations]"
Add component (AddParameter): Name = "Number of Terminations"; Value = "2"; VariantName = "[No Variations]"
Add component (AddParameter): Name = "Operating Temperature"; Value = "-55°C ~ 155°C"; VariantName = "[No Variations]"
Add component (AddParameter): Name = "Package / Case"; Value = "0805 (2012 Metric)"; VariantName = "[No Variations]"
Add component (AddParameter): Name = "Packaging"; Value = "TapeAndReel"; VariantName = "[No Variations]"
Add component (AddParameter): Name = "Part Number"; Value = "KTR10EZPF1651"; VariantName = "[No Variations]"
Add component (AddParameter): Name = "Part Status"; Value = "Active"; VariantName = "[No Variations]"
Add component (AddParameter): Name = "PartId"; Value = "29062"; VariantName = "[No Variations]"
Add component (AddParameter): Name = "Power (Watts)"; Value = "0.125W, 1/8W"; VariantName = "[No Variations]"
Add component (AddParameter): Name = "Price"; Value = "0.02"; VariantName = "[No Variations]"
Add component (AddParameter): Name = "Ratings"; Value = "AEC-Q200"; VariantName = "[No Variations]"
Add component (AddParameter): Name = "Resistance"; Value = "1.65 kOhms"; VariantName = "[No Variations]"
Add component (AddParameter): Name = "Series"; Value = "KTR"; VariantName = "[No Variations]"
Add component (AddParameter): Name = "Size / Dimension"; Value = "0.079" L x 0.049" W (2.00mm x 1.25mm)"; VariantName = "[No Variations]"
Add component (AddParameter): Name = "Supplier 1"; Value = "DigiKey"; VariantName = "[No Variations]"
Add component (AddParameter): Name = "Supplier Device Package"; Value = "0805"; VariantName = "[No Variations]"
Add component (AddParameter): Name = "Supplier Part Number 1"; Value = "RHM1.65KAHCT-ND"; VariantName = "[No Variations]"
Add component (AddParameter): Name = "Temperature Coefficient"; Value = "±100ppm/°C"; VariantName = "[No Variations]"
Add component (AddParameter): Name = "Tolerance"; Value = "±1%"; VariantName = "[No Variations]"
Add component (AddParameter): Name = "Value"; Value = "1.65 kOhms"; VariantName = "[No Variations]"
Added Component: Designator=R91(RES 0805_2012)
Add component (AddParameter): Name = "ComponentLink1Description"; Value = "Datasheet"; VariantName = "[No Variations]"
Add component (AddParameter): Name = "ComponentLink1URL"; Value = "https://www.rohm.com/datasheet/ESR01MZPF/esr-e"; VariantName = "[No Variations]"
Add component (AddParameter): Name = "ComponentLink2Description"; Value = "DigiKey Link"; VariantName = "[No Variations]"
Add component (AddParameter): Name = "ComponentLink2URL"; Value = "https://www.digikey.com/en/products/detail/rohm-semiconductor/ESR10EZPF1001/1983480"; VariantName = "[No Variations]"
Add component (AddParameter): Name = "Composition"; Value = "Thick Film"; VariantName = "[No Variations]"
Add component (AddParameter): Name = "Device Package"; Value = "0805 (2012 Metric)"; VariantName = "[No Variations]"
Add component (AddParameter): Name = "Features"; Value = "Automotive AEC-Q200, Pulse Withstanding"; VariantName = "[No Variations]"
Add component (AddParameter): Name = "Height - Seated (Max)"; Value = "0.026" (0.65mm)"; VariantName = "[No Variations]"
Add component (AddParameter): Name = "LastUpdated"; Value = "08-02-2024 9.02.37 PM"; VariantName = "[No Variations]"
Add component (AddParameter): Name = "Lifecycle Status"; Value = "Active"; VariantName = "[No Variations]"
Add component (AddParameter): Name = "Manufacturer"; Value = "Rohm Semiconductor"; VariantName = "[No Variations]"
Add component (AddParameter): Name = "Minimum Order"; Value = "1"; VariantName = "[No Variations]"
Add component (AddParameter): Name = "Number of Terminations"; Value = "2"; VariantName = "[No Variations]"
Add component (AddParameter): Name = "Operating Temperature"; Value = "-55°C ~ 155°C"; VariantName = "[No Variations]"
Add component (AddParameter): Name = "Package / Case"; Value = "0805 (2012 Metric)"; VariantName = "[No Variations]"
Add component (AddParameter): Name = "Packaging"; Value = "TapeAndReel"; VariantName = "[No Variations]"
Add component (AddParameter): Name = "Part Number"; Value = "ESR10EZPF1001"; VariantName = "[No Variations]"
Add component (AddParameter): Name = "Part Status"; Value = "Active"; VariantName = "[No Variations]"
Add component (AddParameter): Name = "PartId"; Value = "28032"; VariantName = "[No Variations]"
Add component (AddParameter): Name = "Power (Watts)"; Value = "0.4W, 2/5W"; VariantName = "[No Variations]"
Add component (AddParameter): Name = "Price"; Value = "0.02"; VariantName = "[No Variations]"
Add component (AddParameter): Name = "Ratings"; Value = "AEC-Q200"; VariantName = "[No Variations]"
Add component (AddParameter): Name = "Resistance"; Value = "1 kOhms"; VariantName = "[No Variations]"
Add component (AddParameter): Name = "Series"; Value = "ESR"; VariantName = "[No Variations]"
Add component (AddParameter): Name = "Size / Dimension"; Value = "0.079" L x 0.049" W (2.00mm x 1.25mm)"; VariantName = "[No Variations]"
Add component (AddParameter): Name = "Supplier 1"; Value = "DigiKey"; VariantName = "[No Variations]"
Add component (AddParameter): Name = "Supplier Device Package"; Value = "0805"; VariantName = "[No Variations]"
Add component (AddParameter): Name = "Supplier Part Number 1"; Value = "RHM1.00KAECT-ND"; VariantName = "[No Variations]"
Add component (AddParameter): Name = "Temperature Coefficient"; Value = "±100ppm/°C"; VariantName = "[No Variations]"
Add component (AddParameter): Name = "Tolerance"; Value = "±1%"; VariantName = "[No Variations]"
Add component (AddParameter): Name = "Value"; Value = "1 kOhms"; VariantName = "[No Variations]"
Added Component: Designator=R92(RES 0805_2012)
Add component (AddParameter): Name = "ComponentLink1Description"; Value = "Datasheet"; VariantName = "[No Variations]"
Add component (AddParameter): Name = "ComponentLink1URL"; Value = "https://industrial.panasonic.com/cdbs/www-data/pdf/RDM0000/AOA0000C328.pdf"; VariantName = "[No Variations]"
Add component (AddParameter): Name = "ComponentLink2Description"; Value = "DigiKey Link"; VariantName = "[No Variations]"
Add component (AddParameter): Name = "ComponentLink2URL"; Value = "https://www.digikey.com/en/products/detail/panasonic-electronic-components/ERJ-PB6B3300V/6213320"; VariantName = "[No Variations]"
Add component (AddParameter): Name = "Composition"; Value = "Thick Film"; VariantName = "[No Variations]"
Add component (AddParameter): Name = "Device Package"; Value = "0805 (2012 Metric)"; VariantName = "[No Variations]"
Add component (AddParameter): Name = "Features"; Value = "Automotive AEC-Q200, Pulse Withstanding"; VariantName = "[No Variations]"
Add component (AddParameter): Name = "Height - Seated (Max)"; Value = "0.028" (0.70mm)"; VariantName = "[No Variations]"
Add component (AddParameter): Name = "LastUpdated"; Value = "08-02-2024 9.02.05 PM"; VariantName = "[No Variations]"
Add component (AddParameter): Name = "Lifecycle Status"; Value = "Active"; VariantName = "[No Variations]"
Add component (AddParameter): Name = "Manufacturer"; Value = "Panasonic Electronic Components"; VariantName = "[No Variations]"
Add component (AddParameter): Name = "Minimum Order"; Value = "1"; VariantName = "[No Variations]"
Add component (AddParameter): Name = "Number of Terminations"; Value = "2"; VariantName = "[No Variations]"
Add component (AddParameter): Name = "Operating Temperature"; Value = "-55°C ~ 155°C"; VariantName = "[No Variations]"
Add component (AddParameter): Name = "Package / Case"; Value = "0805 (2012 Metric)"; VariantName = "[No Variations]"
Add component (AddParameter): Name = "Packaging"; Value = "TapeAndReel"; VariantName = "[No Variations]"
Add component (AddParameter): Name = "Part Number"; Value = "ERJ-PB6B3300V"; VariantName = "[No Variations]"
Add component (AddParameter): Name = "Part Status"; Value = "Active"; VariantName = "[No Variations]"
Add component (AddParameter): Name = "PartId"; Value = "35583"; VariantName = "[No Variations]"
Add component (AddParameter): Name = "Power (Watts)"; Value = "0.25W, 1/4W"; VariantName = "[No Variations]"
Add component (AddParameter): Name = "Price"; Value = "0.04"; VariantName = "[No Variations]"
Add component (AddParameter): Name = "Ratings"; Value = "AEC-Q200"; VariantName = "[No Variations]"
Add component (AddParameter): Name = "Resistance"; Value = "330 Ohms"; VariantName = "[No Variations]"
Add component (AddParameter): Name = "Series"; Value = "ERJ-PB6"; VariantName = "[No Variations]"
Add component (AddParameter): Name = "Size / Dimension"; Value = "0.079" L x 0.049" W (2.00mm x 1.25mm)"; VariantName = "[No Variations]"
Add component (AddParameter): Name = "Supplier 1"; Value = "DigiKey"; VariantName = "[No Variations]"
Add component (AddParameter): Name = "Supplier Device Package"; Value = "0805"; VariantName = "[No Variations]"
Add component (AddParameter): Name = "Supplier Part Number 1"; Value = "P20537CT-ND"; VariantName = "[No Variations]"
Add component (AddParameter): Name = "Temperature Coefficient"; Value = "±50ppm/°C"; VariantName = "[No Variations]"
Add component (AddParameter): Name = "Tolerance"; Value = "±0.1%"; VariantName = "[No Variations]"
Add component (AddParameter): Name = "Value"; Value = "330 Ohms"; VariantName = "[No Variations]"
Added Component: Designator=R93(RES 0805_2012)
Add component (AddParameter): Name = "ComponentLink1Description"; Value = "Datasheet"; VariantName = "[No Variations]"
Add component (AddParameter): Name = "ComponentLink1URL"; Value = "http://www.vishay.com/docs/20035/dcrcwe3.pdf"; VariantName = "[No Variations]"
Add component (AddParameter): Name = "ComponentLink2Description"; Value = "DigiKey Link"; VariantName = "[No Variations]"
Add component (AddParameter): Name = "ComponentLink2URL"; Value = "https://www.digikey.com/en/products/detail/vishay-dale/CRCW08053K16FKEA/1175692"; VariantName = "[No Variations]"
Add component (AddParameter): Name = "Composition"; Value = "Thick Film"; VariantName = "[No Variations]"
Add component (AddParameter): Name = "Device Package"; Value = "0805 (2012 Metric)"; VariantName = "[No Variations]"
Add component (AddParameter): Name = "Features"; Value = "Automotive AEC-Q200"; VariantName = "[No Variations]"
Add component (AddParameter): Name = "Height - Seated (Max)"; Value = "0.020" (0.50mm)"; VariantName = "[No Variations]"
Add component (AddParameter): Name = "LastUpdated"; Value = "08-02-2024 9.02.17 PM"; VariantName = "[No Variations]"
Add component (AddParameter): Name = "Lifecycle Status"; Value = "Active"; VariantName = "[No Variations]"
Add component (AddParameter): Name = "Manufacturer"; Value = "Vishay Dale"; VariantName = "[No Variations]"
Add component (AddParameter): Name = "Minimum Order"; Value = "1"; VariantName = "[No Variations]"
Add component (AddParameter): Name = "Number of Terminations"; Value = "2"; VariantName = "[No Variations]"
Add component (AddParameter): Name = "Operating Temperature"; Value = "-55°C ~ 155°C"; VariantName = "[No Variations]"
Add component (AddParameter): Name = "Package / Case"; Value = "0805 (2012 Metric)"; VariantName = "[No Variations]"
Add component (AddParameter): Name = "Packaging"; Value = "TapeAndReel"; VariantName = "[No Variations]"
Add component (AddParameter): Name = "Part Number"; Value = "CRCW08053K16FKEA"; VariantName = "[No Variations]"
Add component (AddParameter): Name = "Part Status"; Value = "Active"; VariantName = "[No Variations]"
Add component (AddParameter): Name = "PartId"; Value = "32701"; VariantName = "[No Variations]"
Add component (AddParameter): Name = "Power (Watts)"; Value = "0.125W, 1/8W"; VariantName = "[No Variations]"
Add component (AddParameter): Name = "Price"; Value = "0.01"; VariantName = "[No Variations]"
Add component (AddParameter): Name = "Ratings"; Value = "AEC-Q200"; VariantName = "[No Variations]"
Add component (AddParameter): Name = "Resistance"; Value = "3.16 kOhms"; VariantName = "[No Variations]"
Add component (AddParameter): Name = "Series"; Value = "CRCW"; VariantName = "[No Variations]"
Add component (AddParameter): Name = "Size / Dimension"; Value = "0.079" L x 0.049" W (2.00mm x 1.25mm)"; VariantName = "[No Variations]"
Add component (AddParameter): Name = "Supplier 1"; Value = "DigiKey"; VariantName = "[No Variations]"
Add component (AddParameter): Name = "Supplier Device Package"; Value = "0805"; VariantName = "[No Variations]"
Add component (AddParameter): Name = "Supplier Part Number 1"; Value = "541-3.16KCCT-ND"; VariantName = "[No Variations]"
Add component (AddParameter): Name = "Temperature Coefficient"; Value = "±100ppm/°C"; VariantName = "[No Variations]"
Add component (AddParameter): Name = "Tolerance"; Value = "±1%"; VariantName = "[No Variations]"
Add component (AddParameter): Name = "Value"; Value = "3.16 kOhms"; VariantName = "[No Variations]"
Added Component: Designator=R94(RES 0805_2012)
Add component (AddParameter): Name = "ComponentLink1Description"; Value = "Datasheet"; VariantName = "[No Variations]"
Add component (AddParameter): Name = "ComponentLink1URL"; Value = "https://www.rohm.com/datasheet/ESR01MZPF/esr-e"; VariantName = "[No Variations]"
Add component (AddParameter): Name = "ComponentLink2Description"; Value = "DigiKey Link"; VariantName = "[No Variations]"
Add component (AddParameter): Name = "ComponentLink2URL"; Value = "https://www.digikey.com/en/products/detail/rohm-semiconductor/ESR10EZPF1001/1983480"; VariantName = "[No Variations]"
Add component (AddParameter): Name = "Composition"; Value = "Thick Film"; VariantName = "[No Variations]"
Add component (AddParameter): Name = "Device Package"; Value = "0805 (2012 Metric)"; VariantName = "[No Variations]"
Add component (AddParameter): Name = "Features"; Value = "Automotive AEC-Q200, Pulse Withstanding"; VariantName = "[No Variations]"
Add component (AddParameter): Name = "Height - Seated (Max)"; Value = "0.026" (0.65mm)"; VariantName = "[No Variations]"
Add component (AddParameter): Name = "LastUpdated"; Value = "08-02-2024 9.02.37 PM"; VariantName = "[No Variations]"
Add component (AddParameter): Name = "Lifecycle Status"; Value = "Active"; VariantName = "[No Variations]"
Add component (AddParameter): Name = "Manufacturer"; Value = "Rohm Semiconductor"; VariantName = "[No Variations]"
Add component (AddParameter): Name = "Minimum Order"; Value = "1"; VariantName = "[No Variations]"
Add component (AddParameter): Name = "Number of Terminations"; Value = "2"; VariantName = "[No Variations]"
Add component (AddParameter): Name = "Operating Temperature"; Value = "-55°C ~ 155°C"; VariantName = "[No Variations]"
Add component (AddParameter): Name = "Package / Case"; Value = "0805 (2012 Metric)"; VariantName = "[No Variations]"
Add component (AddParameter): Name = "Packaging"; Value = "TapeAndReel"; VariantName = "[No Variations]"
Add component (AddParameter): Name = "Part Number"; Value = "ESR10EZPF1001"; VariantName = "[No Variations]"
Add component (AddParameter): Name = "Part Status"; Value = "Active"; VariantName = "[No Variations]"
Add component (AddParameter): Name = "PartId"; Value = "28032"; VariantName = "[No Variations]"
Add component (AddParameter): Name = "Power (Watts)"; Value = "0.4W, 2/5W"; VariantName = "[No Variations]"
Add component (AddParameter): Name = "Price"; Value = "0.02"; VariantName = "[No Variations]"
Add component (AddParameter): Name = "Ratings"; Value = "AEC-Q200"; VariantName = "[No Variations]"
Add component (AddParameter): Name = "Resistance"; Value = "1 kOhms"; VariantName = "[No Variations]"
Add component (AddParameter): Name = "Series"; Value = "ESR"; VariantName = "[No Variations]"
Add component (AddParameter): Name = "Size / Dimension"; Value = "0.079" L x 0.049" W (2.00mm x 1.25mm)"; VariantName = "[No Variations]"
Add component (AddParameter): Name = "Supplier 1"; Value = "DigiKey"; VariantName = "[No Variations]"
Add component (AddParameter): Name = "Supplier Device Package"; Value = "0805"; VariantName = "[No Variations]"
Add component (AddParameter): Name = "Supplier Part Number 1"; Value = "RHM1.00KAECT-ND"; VariantName = "[No Variations]"
Add component (AddParameter): Name = "Temperature Coefficient"; Value = "±100ppm/°C"; VariantName = "[No Variations]"
Add component (AddParameter): Name = "Tolerance"; Value = "±1%"; VariantName = "[No Variations]"
Add component (AddParameter): Name = "Value"; Value = "1 kOhms"; VariantName = "[No Variations]"
Added Component: Designator=RL1(OMRON G6DN)
Add component (AddParameter): Name = "Coil Current"; Value = "22 mA"; VariantName = "[No Variations]"
Add component (AddParameter): Name = "Coil Insulation"; Value = "Class B"; VariantName = "[No Variations]"
Add component (AddParameter): Name = "Coil Type"; Value = "Non Latching"; VariantName = "[No Variations]"
Add component (AddParameter): Name = "Coil Voltage"; Value = "5VDC"; VariantName = "[No Variations]"
Add component (AddParameter): Name = "ComponentLink1Description"; Value = "Datasheet"; VariantName = "[No Variations]"
Add component (AddParameter): Name = "ComponentLink1URL"; Value = "https://omronfs.omron.com/en_US/ecb/products/pdf/en-g6dn.pdf"; VariantName = "[No Variations]"
Add component (AddParameter): Name = "ComponentLink2Description"; Value = "DigiKey Link"; VariantName = "[No Variations]"
Add component (AddParameter): Name = "ComponentLink2URL"; Value = "https://www.digikey.com/en/products/detail/omron-electronics-inc-emc-div/G6DN-1A-DC5/5864613"; VariantName = "[No Variations]"
Add component (AddParameter): Name = "Contact Form"; Value = "SPST-NO (1 Form A)"; VariantName = "[No Variations]"
Add component (AddParameter): Name = "Contact Material"; Value = "Silver Alloy"; VariantName = "[No Variations]"
Add component (AddParameter): Name = "Contact Rating (Current)"; Value = "5 A"; VariantName = "[No Variations]"
Add component (AddParameter): Name = "LastUpdated"; Value = "16-08-2023 4.45.25 PM"; VariantName = "[No Variations]"
Add component (AddParameter): Name = "Lifecycle Status"; Value = "Active"; VariantName = "[No Variations]"
Add component (AddParameter): Name = "Manufacturer"; Value = "Omron Electronics Inc-EMC Div"; VariantName = "[No Variations]"
Add component (AddParameter): Name = "Minimum Order"; Value = "1"; VariantName = "[No Variations]"
Add component (AddParameter): Name = "Mounting Type"; Value = "Through Hole"; VariantName = "[No Variations]"
Add component (AddParameter): Name = "Must Operate Voltage"; Value = "3.5 VDC"; VariantName = "[No Variations]"
Add component (AddParameter): Name = "Must Release Voltage"; Value = "0.25 VDC"; VariantName = "[No Variations]"
Add component (AddParameter): Name = "Operate Time"; Value = "10 ms"; VariantName = "[No Variations]"
Add component (AddParameter): Name = "Operating Temperature"; Value = "-40°C ~ 90°C"; VariantName = "[No Variations]"
Add component (AddParameter): Name = "Packaging"; Value = "Tube"; VariantName = "[No Variations]"
Add component (AddParameter): Name = "Part Number"; Value = "G6DN-1A DC5"; VariantName = "[No Variations]"
Add component (AddParameter): Name = "Part Status"; Value = "Active"; VariantName = "[No Variations]"
Add component (AddParameter): Name = "Price"; Value = "1.26"; VariantName = "[No Variations]"
Add component (AddParameter): Name = "Relay Type"; Value = "General Purpose"; VariantName = "[No Variations]"
Add component (AddParameter): Name = "Release Time"; Value = "5 ms"; VariantName = "[No Variations]"
Add component (AddParameter): Name = "Seal Rating"; Value = "Sealed - Fully"; VariantName = "[No Variations]"
Add component (AddParameter): Name = "Series"; Value = "G6DN"; VariantName = "[No Variations]"
Add component (AddParameter): Name = "Supplier 1"; Value = "DigiKey"; VariantName = "[No Variations]"
Add component (AddParameter): Name = "Supplier Part Number 1"; Value = "Z5439-ND"; VariantName = "[No Variations]"
Add component (AddParameter): Name = "Switching Voltage"; Value = "277VAC, 125VDC - Max"; VariantName = "[No Variations]"
Add component (AddParameter): Name = "Termination Style"; Value = "PC Pin"; VariantName = "[No Variations]"
Added Component: Designator=RL2(OMRON G6DN)
Add component (AddParameter): Name = "Coil Current"; Value = "22 mA"; VariantName = "[No Variations]"
Add component (AddParameter): Name = "Coil Insulation"; Value = "Class B"; VariantName = "[No Variations]"
Add component (AddParameter): Name = "Coil Type"; Value = "Non Latching"; VariantName = "[No Variations]"
Add component (AddParameter): Name = "Coil Voltage"; Value = "5VDC"; VariantName = "[No Variations]"
Add component (AddParameter): Name = "ComponentLink1Description"; Value = "Datasheet"; VariantName = "[No Variations]"
Add component (AddParameter): Name = "ComponentLink1URL"; Value = "https://omronfs.omron.com/en_US/ecb/products/pdf/en-g6dn.pdf"; VariantName = "[No Variations]"
Add component (AddParameter): Name = "ComponentLink2Description"; Value = "DigiKey Link"; VariantName = "[No Variations]"
Add component (AddParameter): Name = "ComponentLink2URL"; Value = "https://www.digikey.com/en/products/detail/omron-electronics-inc-emc-div/G6DN-1A-DC5/5864613"; VariantName = "[No Variations]"
Add component (AddParameter): Name = "Contact Form"; Value = "SPST-NO (1 Form A)"; VariantName = "[No Variations]"
Add component (AddParameter): Name = "Contact Material"; Value = "Silver Alloy"; VariantName = "[No Variations]"
Add component (AddParameter): Name = "Contact Rating (Current)"; Value = "5 A"; VariantName = "[No Variations]"
Add component (AddParameter): Name = "LastUpdated"; Value = "16-08-2023 4.45.25 PM"; VariantName = "[No Variations]"
Add component (AddParameter): Name = "Lifecycle Status"; Value = "Active"; VariantName = "[No Variations]"
Add component (AddParameter): Name = "Manufacturer"; Value = "Omron Electronics Inc-EMC Div"; VariantName = "[No Variations]"
Add component (AddParameter): Name = "Minimum Order"; Value = "1"; VariantName = "[No Variations]"
Add component (AddParameter): Name = "Mounting Type"; Value = "Through Hole"; VariantName = "[No Variations]"
Add component (AddParameter): Name = "Must Operate Voltage"; Value = "3.5 VDC"; VariantName = "[No Variations]"
Add component (AddParameter): Name = "Must Release Voltage"; Value = "0.25 VDC"; VariantName = "[No Variations]"
Add component (AddParameter): Name = "Operate Time"; Value = "10 ms"; VariantName = "[No Variations]"
Add component (AddParameter): Name = "Operating Temperature"; Value = "-40°C ~ 90°C"; VariantName = "[No Variations]"
Add component (AddParameter): Name = "Packaging"; Value = "Tube"; VariantName = "[No Variations]"
Add component (AddParameter): Name = "Part Number"; Value = "G6DN-1A DC5"; VariantName = "[No Variations]"
Add component (AddParameter): Name = "Part Status"; Value = "Active"; VariantName = "[No Variations]"
Add component (AddParameter): Name = "Price"; Value = "1.26"; VariantName = "[No Variations]"
Add component (AddParameter): Name = "Relay Type"; Value = "General Purpose"; VariantName = "[No Variations]"
Add component (AddParameter): Name = "Release Time"; Value = "5 ms"; VariantName = "[No Variations]"
Add component (AddParameter): Name = "Seal Rating"; Value = "Sealed - Fully"; VariantName = "[No Variations]"
Add component (AddParameter): Name = "Series"; Value = "G6DN"; VariantName = "[No Variations]"
Add component (AddParameter): Name = "Supplier 1"; Value = "DigiKey"; VariantName = "[No Variations]"
Add component (AddParameter): Name = "Supplier Part Number 1"; Value = "Z5439-ND"; VariantName = "[No Variations]"
Add component (AddParameter): Name = "Switching Voltage"; Value = "277VAC, 125VDC - Max"; VariantName = "[No Variations]"
Add component (AddParameter): Name = "Termination Style"; Value = "PC Pin"; VariantName = "[No Variations]"
Added Component: Designator=RL3(OMRON G6DN)
Add component (AddParameter): Name = "Coil Current"; Value = "22 mA"; VariantName = "[No Variations]"
Add component (AddParameter): Name = "Coil Insulation"; Value = "Class B"; VariantName = "[No Variations]"
Add component (AddParameter): Name = "Coil Type"; Value = "Non Latching"; VariantName = "[No Variations]"
Add component (AddParameter): Name = "Coil Voltage"; Value = "5VDC"; VariantName = "[No Variations]"
Add component (AddParameter): Name = "ComponentLink1Description"; Value = "Datasheet"; VariantName = "[No Variations]"
Add component (AddParameter): Name = "ComponentLink1URL"; Value = "https://omronfs.omron.com/en_US/ecb/products/pdf/en-g6dn.pdf"; VariantName = "[No Variations]"
Add component (AddParameter): Name = "ComponentLink2Description"; Value = "DigiKey Link"; VariantName = "[No Variations]"
Add component (AddParameter): Name = "ComponentLink2URL"; Value = "https://www.digikey.com/en/products/detail/omron-electronics-inc-emc-div/G6DN-1A-DC5/5864613"; VariantName = "[No Variations]"
Add component (AddParameter): Name = "Contact Form"; Value = "SPST-NO (1 Form A)"; VariantName = "[No Variations]"
Add component (AddParameter): Name = "Contact Material"; Value = "Silver Alloy"; VariantName = "[No Variations]"
Add component (AddParameter): Name = "Contact Rating (Current)"; Value = "5 A"; VariantName = "[No Variations]"
Add component (AddParameter): Name = "LastUpdated"; Value = "16-08-2023 4.45.25 PM"; VariantName = "[No Variations]"
Add component (AddParameter): Name = "Lifecycle Status"; Value = "Active"; VariantName = "[No Variations]"
Add component (AddParameter): Name = "Manufacturer"; Value = "Omron Electronics Inc-EMC Div"; VariantName = "[No Variations]"
Add component (AddParameter): Name = "Minimum Order"; Value = "1"; VariantName = "[No Variations]"
Add component (AddParameter): Name = "Mounting Type"; Value = "Through Hole"; VariantName = "[No Variations]"
Add component (AddParameter): Name = "Must Operate Voltage"; Value = "3.5 VDC"; VariantName = "[No Variations]"
Add component (AddParameter): Name = "Must Release Voltage"; Value = "0.25 VDC"; VariantName = "[No Variations]"
Add component (AddParameter): Name = "Operate Time"; Value = "10 ms"; VariantName = "[No Variations]"
Add component (AddParameter): Name = "Operating Temperature"; Value = "-40°C ~ 90°C"; VariantName = "[No Variations]"
Add component (AddParameter): Name = "Packaging"; Value = "Tube"; VariantName = "[No Variations]"
Add component (AddParameter): Name = "Part Number"; Value = "G6DN-1A DC5"; VariantName = "[No Variations]"
Add component (AddParameter): Name = "Part Status"; Value = "Active"; VariantName = "[No Variations]"
Add component (AddParameter): Name = "Price"; Value = "1.26"; VariantName = "[No Variations]"
Add component (AddParameter): Name = "Relay Type"; Value = "General Purpose"; VariantName = "[No Variations]"
Add component (AddParameter): Name = "Release Time"; Value = "5 ms"; VariantName = "[No Variations]"
Add component (AddParameter): Name = "Seal Rating"; Value = "Sealed - Fully"; VariantName = "[No Variations]"
Add component (AddParameter): Name = "Series"; Value = "G6DN"; VariantName = "[No Variations]"
Add component (AddParameter): Name = "Supplier 1"; Value = "DigiKey"; VariantName = "[No Variations]"
Add component (AddParameter): Name = "Supplier Part Number 1"; Value = "Z5439-ND"; VariantName = "[No Variations]"
Add component (AddParameter): Name = "Switching Voltage"; Value = "277VAC, 125VDC - Max"; VariantName = "[No Variations]"
Add component (AddParameter): Name = "Termination Style"; Value = "PC Pin"; VariantName = "[No Variations]"
Added Component: Designator=RV1(MOV14D471K)
Add component (AddParameter): Name = "Availability"; Value = "In Stock"; VariantName = "[No Variations]"
Add component (AddParameter): Name = "Check_prices"; Value = "https://www.snapeda.com/parts/MOV-14D471K/Bourns/view-part/?ref=eda"; VariantName = "[No Variations]"
Add component (AddParameter): Name = "MF"; Value = "Bourns"; VariantName = "[No Variations]"
Add component (AddParameter): Name = "MP"; Value = "MOV-14D471K"; VariantName = "[No Variations]"
Add component (AddParameter): Name = "Package"; Value = "Disc-14 Bourns"; VariantName = "[No Variations]"
Add component (AddParameter): Name = "Price"; Value = "None"; VariantName = "[No Variations]"
Add component (AddParameter): Name = "Purchase-URL"; Value = "https://pricing.snapeda.com/search/part/MOV-14D471K/?ref=eda"; VariantName = "[No Variations]"
Add component (AddParameter): Name = "SnapEDA_Link"; Value = "https://www.snapeda.com/parts/MOV-14D471K/Bourns/view-part/?ref=snap"; VariantName = "[No Variations]"
Add component (AddParameter): Name = "Value"; Value = ""; VariantName = "[No Variations]"
Added Component: Designator=U10(SOIC127P600X175-8N)
Add component (AddParameter): Name = "Check_prices"; Value = "https://www.snapeda.com/parts/24AA02E48-I/SN/Microchip/view-part/?ref=eda"; VariantName = "[No Variations]"
Add component (AddParameter): Name = "MF"; Value = "Microchip"; VariantName = "[No Variations]"
Add component (AddParameter): Name = "MP"; Value = "24AA02E48-I/SN"; VariantName = "[No Variations]"
Add component (AddParameter): Name = "Package"; Value = "SO-8 Microchip"; VariantName = "[No Variations]"
Add component (AddParameter): Name = "SnapEDA_Link"; Value = "https://www.snapeda.com/parts/24AA02E48-I/SN/Microchip/view-part/?ref=snap"; VariantName = "[No Variations]"
Add component (AddParameter): Name = "Value"; Value = ""; VariantName = "[No Variations]"
Added Component: Designator=U12(VREG_TPS79625KTTR)
Add component (AddParameter): Name = "Check_prices"; Value = "https://www.snapeda.com/parts/LM2576HVSX-5.0/NOPB/Texas+Instruments/view-part/?ref=eda"; VariantName = "[No Variations]"
Add component (AddParameter): Name = "MF"; Value = "Texas Instruments"; VariantName = "[No Variations]"
Add component (AddParameter): Name = "MP"; Value = "LM2576HVSX-5.0/NOPB"; VariantName = "[No Variations]"
Add component (AddParameter): Name = "Package"; Value = "TO-263-5 Texas Instruments"; VariantName = "[No Variations]"
Add component (AddParameter): Name = "SnapEDA_Link"; Value = "https://www.snapeda.com/parts/LM2576HVSX-5.0/NOPB/Texas+Instruments/view-part/?ref=snap"; VariantName = "[No Variations]"
Add component (AddParameter): Name = "Value"; Value = ""; VariantName = "[No Variations]"
Added Component: Designator=U13(VREG_TPS79625KTTR)
Add component (AddParameter): Name = "Check_prices"; Value = "https://www.snapeda.com/parts/LM2576HVSX-5.0/NOPB/Texas+Instruments/view-part/?ref=eda"; VariantName = "[No Variations]"
Add component (AddParameter): Name = "MF"; Value = "Texas Instruments"; VariantName = "[No Variations]"
Add component (AddParameter): Name = "MP"; Value = "LM2576HVSX-5.0/NOPB"; VariantName = "[No Variations]"
Add component (AddParameter): Name = "Package"; Value = "TO-263-5 Texas Instruments"; VariantName = "[No Variations]"
Add component (AddParameter): Name = "SnapEDA_Link"; Value = "https://www.snapeda.com/parts/LM2576HVSX-5.0/NOPB/Texas+Instruments/view-part/?ref=snap"; VariantName = "[No Variations]"
Add component (AddParameter): Name = "Value"; Value = ""; VariantName = "[No Variations]"
Added Component: Designator=VR1(VREG_LM1117IMP-3.3/NOPB)
Add component (AddParameter): Name = "Check_prices"; Value = "https://www.snapeda.com/parts/LM1117IMP-3.3/NOPB/Texas+Instruments/view-part/?ref=eda"; VariantName = "[No Variations]"
Add component (AddParameter): Name = "MF"; Value = "Texas Instruments"; VariantName = "[No Variations]"
Add component (AddParameter): Name = "MP"; Value = "LM1117IMP-3.3/NOPB"; VariantName = "[No Variations]"
Add component (AddParameter): Name = "Package"; Value = "SOT-223-4 Texas Instruments"; VariantName = "[No Variations]"
Add component (AddParameter): Name = "SnapEDA_Link"; Value = "https://www.snapeda.com/parts/LM1117IMP-3.3/NOPB/Texas+Instruments/view-part/?ref=snap"; VariantName = "[No Variations]"
Add component (AddParameter): Name = "Value"; Value = ""; VariantName = "[No Variations]"
Added Pin To Net: NetName=GND Pin=C5-1
Added Pin To Net: NetName=GND Pin=C6-1
Added Pin To Net: NetName=GND Pin=C7-1
Added Pin To Net: NetName=GND Pin=C8-1
Added Pin To Net: NetName=GND Pin=C9-1
Added Pin To Net: NetName=GND Pin=C10-1
Added Pin To Net: NetName=GND Pin=C11-2
Added Pin To Net: NetName=GND Pin=C12-2
Added Pin To Net: NetName=GND Pin=C13-1
Added Pin To Net: NetName=GND Pin=C14-1
Added Pin To Net: NetName=RX3 Pin=C25-2
Added Pin To Net: NetName=GND Pin=C55-1
Added Pin To Net: NetName=5v Pin=C55-2
Added Pin To Net: NetName=GND Pin=C56-1
Added Pin To Net: NetName=5v Pin=C56-2
Added Pin To Net: NetName=DI_GND Pin=C57-1
Added Pin To Net: NetName=DI_VCC Pin=C57-2
Added Pin To Net: NetName=DI_GND Pin=C58-1
Added Pin To Net: NetName=DI_VCC Pin=C58-2
Added Pin To Net: NetName=GND Pin=C59-1
Added Pin To Net: NetName=GND Pin=C60-2
Added Pin To Net: NetName=GND Pin=C61-2
Added Pin To Net: NetName=GND Pin=C62-1
Added Pin To Net: NetName=GND Pin=C64-1
Added Pin To Net: NetName=GND Pin=C65-2
Added Pin To Net: NetName=GND Pin=C66-2
Added Pin To Net: NetName=GND Pin=C67-1
Added Pin To Net: NetName=GND Pin=C68-1
Added Pin To Net: NetName=5v Pin=C68-2
Added Pin To Net: NetName=GND Pin=C69-1
Added Pin To Net: NetName=GND Pin=C70-1
Added Pin To Net: NetName=GND Pin=D3-3
Added Pin To Net: NetName=GND Pin=D4-3
Added Pin To Net: NetName=GND Pin=D7-3
Added Pin To Net: NetName=GND Pin=D10-3
Added Pin To Net: NetName=GND Pin=D11-3
Added Pin To Net: NetName=GND Pin=D12-3
Added Pin To Net: NetName=GND Pin=D14-3
Added Pin To Net: NetName=GND Pin=D20-3
Added Pin To Net: NetName=GND Pin=D22-3
Added Pin To Net: NetName=GND Pin=D26-3
Added Pin To Net: NetName=GND Pin=D28-3
Added Pin To Net: NetName=DI_GND Pin=D32-3
Added Pin To Net: NetName=GND Pin=D33-3
Added Pin To Net: NetName=GND Pin=D37-3
Added Pin To Net: NetName=DI_GND Pin=D38-3
Added Pin To Net: NetName=GND Pin=D41-3
Added Pin To Net: NetName=DI_GND Pin=D44-3
Added Pin To Net: NetName=5v Pin=D47-2
Added Pin To Net: NetName=5v Pin=D49-2
Added Pin To Net: NetName=5v Pin=D51-2
Added Pin To Net: NetName=5v Pin=D53-2
Added Pin To Net: NetName=5v Pin=D55-2
Added Pin To Net: NetName=GND Pin=D56-2
Added Pin To Net: NetName=3v3 Pin=D57-1
Added Pin To Net: NetName=GND Pin=D57-2
Added Pin To Net: NetName=GND Pin=D58-A
Added Pin To Net: NetName=GND Pin=D59-C
Added Pin To Net: NetName=GND Pin=D60-A
Added Pin To Net: NetName=5v Pin=D60-C
Added Pin To Net: NetName=GND Pin=D61-A
Added Pin To Net: NetName=GND Pin=D62-C
Added Pin To Net: NetName=3v3 Pin=F2-2
Added Pin To Net: NetName=5v Pin=F3-2
Added Pin To Net: NetName=GND Pin=J6-N
Added Pin To Net: NetName=DI_GND Pin=J15-2
Added Pin To Net: NetName=DI_GND Pin=J15-4
Added Pin To Net: NetName=DI_GND Pin=J15-6
Added Pin To Net: NetName=5v Pin=K1-COIL1
Added Pin To Net: NetName=5v Pin=K2-COIL1
Added Pin To Net: NetName=5v Pin=PS1-1
Added Pin To Net: NetName=GND Pin=PS1-2
Added Pin To Net: NetName=DI_GND Pin=PS1-5
Added Pin To Net: NetName=DI_VCC Pin=PS1-7
Added Pin To Net: NetName=GND Pin=Q1-2
Added Pin To Net: NetName=GND Pin=Q2-2
Added Pin To Net: NetName=GND Pin=Q3-2
Added Pin To Net: NetName=GND Pin=Q4-2
Added Pin To Net: NetName=GND Pin=Q5-2
Added Pin To Net: NetName=GND Pin=Q6-2
Added Pin To Net: NetName=GND Pin=Q7-2
Added Pin To Net: NetName=GND Pin=Q8-2
Added Pin To Net: NetName=RX2 Pin=R1-2
Added Pin To Net: NetName=TX2 Pin=R2-2
Added Pin To Net: NetName=RX4 Pin=R3-2
Added Pin To Net: NetName=TX4 Pin=R5-2
Added Pin To Net: NetName=RX3 Pin=R7-2
Added Pin To Net: NetName=TX3 Pin=R9-2
Added Pin To Net: NetName=RX6 Pin=R12-2
Added Pin To Net: NetName=TX6 Pin=R14-2
Added Pin To Net: NetName=Y_RX1 Pin=R16-2
Added Pin To Net: NetName=Y_TX1 Pin=R17-2
Added Pin To Net: NetName=Y_RX2 Pin=R18-2
Added Pin To Net: NetName=Y_TX2 Pin=R19-2
Added Pin To Net: NetName=3v3 Pin=R31-2
Added Pin To Net: NetName=3v3 Pin=R32-2
Added Pin To Net: NetName=3v3 Pin=R39-2
Added Pin To Net: NetName=3v3 Pin=R40-2
Added Pin To Net: NetName=DI_VCC Pin=R44-1
Added Pin To Net: NetName=DI_VCC Pin=R46-2
Added Pin To Net: NetName=3v3 Pin=R47-2
Added Pin To Net: NetName=3v3 Pin=R48-2
Added Pin To Net: NetName=DI_VCC Pin=R53-1
Added Pin To Net: NetName=DI_VCC Pin=R54-2
Added Pin To Net: NetName=DI_VCC Pin=R57-1
Added Pin To Net: NetName=DI_VCC Pin=R58-1
Added Pin To Net: NetName=3v3 Pin=R59-1
Added Pin To Net: NetName=DI_VCC Pin=R60-2
Added Pin To Net: NetName=3v3 Pin=R61-1
Added Pin To Net: NetName=DI_VCC Pin=R65-1
Added Pin To Net: NetName=DI_VCC Pin=R66-2
Added Pin To Net: NetName=DI_VCC Pin=R67-1
Added Pin To Net: NetName=3v3 Pin=R68-1
Added Pin To Net: NetName=3v3 Pin=R69-2
Added Pin To Net: NetName=3v3 Pin=R70-2
Added Pin To Net: NetName=3v3 Pin=R71-1
Added Pin To Net: NetName=DI_VCC Pin=R72-1
Added Pin To Net: NetName=DI_VCC Pin=R73-2
Added Pin To Net: NetName=DI_VCC Pin=R75-1
Added Pin To Net: NetName=3v3 Pin=R76-1
Added Pin To Net: NetName=3v3 Pin=R77-1
Added Pin To Net: NetName=5v Pin=R79-2
Added Pin To Net: NetName=5v Pin=R80-2
Added Pin To Net: NetName=5v Pin=R82-2
Added Pin To Net: NetName=5v Pin=R84-2
Added Pin To Net: NetName=5v Pin=R86-2
Added Pin To Net: NetName=3v3 Pin=R89-1
Added Pin To Net: NetName=GND Pin=R91-2
Added Pin To Net: NetName=5v Pin=R92-1
Added Pin To Net: NetName=GND Pin=R94-2
Added Pin To Net: NetName=5v Pin=RL1-1
Added Pin To Net: NetName=5v Pin=RL2-1
Added Pin To Net: NetName=5v Pin=RL3-1
Added Pin To Net: NetName=NetLabel257 Pin=U1-2
Added Pin To Net: NetName=NetLabel256 Pin=U1-3
Added Pin To Net: NetName=NetLabel255 Pin=U1-4
Added Pin To Net: NetName=DI1 Pin=U1-5
Added Pin To Net: NetName=GND Pin=U1-20
Added Pin To Net: NetName=GND Pin=U1-27
Added Pin To Net: NetName=GND Pin=U1-49
Added Pin To Net: NetName=M_SCL Pin=U1-67
Added Pin To Net: NetName=GND Pin=U1-74
Added Pin To Net: NetName=NetLabel258 Pin=U1-98
Added Pin To Net: NetName=GND Pin=U1-99
Added Pin To Net: NetName=RX3 Pin=U5-1
Added Pin To Net: NetName=GND Pin=U10-4
Added Pin To Net: NetName=M_SDA Pin=U10-5
Added Pin To Net: NetName=M_SCL Pin=U10-6
Added Pin To Net: NetName=3v3 Pin=U10-8
Added Pin To Net: NetName=GND Pin=U12-3
Added Pin To Net: NetName=GND Pin=U12-5
Added Pin To Net: NetName=GND Pin=U12-6
Added Pin To Net: NetName=GND Pin=U13-3
Added Pin To Net: NetName=GND Pin=U13-5
Added Pin To Net: NetName=GND Pin=U13-6
Added Pin To Net: NetName=GND Pin=VR1-1
Added Pin To Net: NetName=5v Pin=VR1-3
Change Net Name : Old Net Name=NetC6_1 New Net Name=NetC16_1
Change Net Name : Old Net Name=NetC6_2 New Net Name=NetC16_2
Change Net Name : Old Net Name=NetC7_2 New Net Name=NetC17_2
Change Net Name : Old Net Name=NetC8_2 New Net Name=NetC18_2
Change Net Name : Old Net Name=NetC9_1 New Net Name=NetC19_1
Change Net Name : Old Net Name=NetC9_2 New Net Name=NetC19_2
Change Net Name : Old Net Name=NetC14_1 New Net Name=NetC25_1
Change Net Name : Old Net Name=NetC15_2 New Net Name=NetC26_2
Change Net Name : Old Net Name=NetC17_2 New Net Name=NetC27_2
Change Net Name : Old Net Name=NetC18_1 New Net Name=NetC28_1
Change Net Name : Old Net Name=NetC18_2 New Net Name=NetC28_2
Change Net Name : Old Net Name=NetC21_1 New Net Name=NetC31_1
Change Net Name : Old Net Name=NetC21_2 New Net Name=NetC31_2
Change Net Name : Old Net Name=NetC22_2 New Net Name=NetC32_2
Change Net Name : Old Net Name=NetC23_2 New Net Name=NetC33_2
Change Net Name : Old Net Name=NetC24_1 New Net Name=NetC34_1
Change Net Name : Old Net Name=NetC24_2 New Net Name=NetC34_2
Change Net Name : Old Net Name=NetC36_2 New Net Name=NetC46_2
Change Net Name : Old Net Name=NetC37_2 New Net Name=NetC47_2
Change Net Name : Old Net Name=NetC38_1 New Net Name=NetC48_1
Change Net Name : Old Net Name=NetC39_1 New Net Name=NetC49_1
Change Net Name : Old Net Name=NetC39_2 New Net Name=NetC49_2
Change Net Name : Old Net Name=NetC40_1 New Net Name=NetC50_1
Change Net Name : Old Net Name=NetC40_2 New Net Name=NetC50_2
Change Net Name : Old Net Name=NetC41_2 New Net Name=NetC51_2
Change Net Name : Old Net Name=NetC42_1 New Net Name=NetC52_1
Change Net Name : Old Net Name=NetC43_1 New Net Name=NetC53_1
Change Net Name : Old Net Name=NetD1_A New Net Name=NetD5_A
Change Net Name : Old Net Name=NetD2_A New Net Name=NetD6_A
Change Net Name : Old Net Name=NetD2_K New Net Name=NetD6_K
Change Net Name : Old Net Name=NetD3_A New Net Name=NetD8_A
Change Net Name : Old Net Name=NetD5_A New Net Name=NetD15_A
Change Net Name : Old Net Name=NetD6_1 New Net Name=NetD16_1
Change Net Name : Old Net Name=NetD6_2 New Net Name=NetD16_2
Change Net Name : Old Net Name=NetD7_A New Net Name=NetD19_A
Change Net Name : Old Net Name=NetD8_A New Net Name=NetD21_A
Change Net Name : Old Net Name=NetD9_1 New Net Name=NetD22_1
Change Net Name : Old Net Name=NetD9_2 New Net Name=NetD22_2
Change Net Name : Old Net Name=NetD10_A New Net Name=NetD25_A
Change Net Name : Old Net Name=NetD11_A New Net Name=NetD27_A
Change Net Name : Old Net Name=NetD12_1 New Net Name=NetD28_1
Change Net Name : Old Net Name=NetD12_2 New Net Name=NetD28_2
Change Net Name : Old Net Name=NetD13_A New Net Name=NetD30_A
Change Net Name : Old Net Name=NetD14_A New Net Name=NetD31_A
Change Net Name : Old Net Name=NetD15_1 New Net Name=NetD33_1
Change Net Name : Old Net Name=NetD16_A New Net Name=NetD34_A
Change Net Name : Old Net Name=NetD17_A New Net Name=NetD36_A
Change Net Name : Old Net Name=NetD18_1 New Net Name=NetD37_1
Change Net Name : Old Net Name=NetD19_A New Net Name=NetD39_A
Change Net Name : Old Net Name=NetJ11_1 New Net Name=NetJ12_1
Change Net Name : Old Net Name=NetJ11_2 New Net Name=NetJ12_2
Change Net Name : Old Net Name=NetJ11_10 New Net Name=NetJ12_10
Change Net Name : Old Net Name=NetJ11_11 New Net Name=NetJ12_11
Change Net Name : Old Net Name=NetLabel255 New Net Name=DI2
Change Net Name : Old Net Name=NetLabel256 New Net Name=DI3
Change Net Name : Old Net Name=NetLabel257 New Net Name=DI4
Change Net Name : Old Net Name=NetLabel258 New Net Name=DI5
Change Net Name : Old Net Name=NetR1_1 New Net Name=NetR4_1
Change Net Name : Old Net Name=NetR4_1 New Net Name=NetR10_1
Change Net Name : Old Net Name=NetR11_2 New Net Name=NetR23_2
Change Net Name : Old Net Name=NetR12_2 New Net Name=NetR24_2
Change Net Name : Old Net Name=NetR13_2 New Net Name=NetR25_2
Change Net Name : Old Net Name=NetR14_2 New Net Name=NetR26_2
Added Pin To Net: NetName=DI6 Pin=D40-C
Added Pin To Net: NetName=DI6 Pin=D41-4
Added Pin To Net: NetName=DI6 Pin=R70-1
Added Pin To Net: NetName=DI6 Pin=U1-97
Added Net: Name=DI6
Added Pin To Net: NetName=DI7 Pin=D13-C
Added Pin To Net: NetName=DI7 Pin=D14-4
Added Pin To Net: NetName=DI7 Pin=R32-1
Added Pin To Net: NetName=DI7 Pin=U1-96
Added Net: Name=DI7
Added Pin To Net: NetName=DI8 Pin=D17-C
Added Pin To Net: NetName=DI8 Pin=D20-4
Added Pin To Net: NetName=DI8 Pin=R40-1
Added Pin To Net: NetName=DI8 Pin=U1-91
Added Net: Name=DI8
Added Pin To Net: NetName=DI9 Pin=D23-C
Added Pin To Net: NetName=DI9 Pin=D26-4
Added Pin To Net: NetName=DI9 Pin=R48-1
Added Pin To Net: NetName=DI9 Pin=U1-62
Added Net: Name=DI9
Added Pin To Net: NetName=DO1 Pin=R64-1
Added Pin To Net: NetName=DO1 Pin=U1-89
Added Net: Name=DO1
Added Pin To Net: NetName=DO2 Pin=R74-1
Added Pin To Net: NetName=DO2 Pin=U1-88
Added Net: Name=DO2
Added Pin To Net: NetName=DO3 Pin=R78-1
Added Pin To Net: NetName=DO3 Pin=U1-87
Added Net: Name=DO3
Added Pin To Net: NetName=LED Pin=U1-61
Added Net: Name=LED
Added Pin To Net: NetName=MVCC Pin=C5-2
Added Pin To Net: NetName=MVCC Pin=C6-2
Added Pin To Net: NetName=MVCC Pin=C7-2
Added Pin To Net: NetName=MVCC Pin=C8-2
Added Pin To Net: NetName=MVCC Pin=C9-2
Added Pin To Net: NetName=MVCC Pin=C10-2
Added Pin To Net: NetName=MVCC Pin=C69-2
Added Pin To Net: NetName=MVCC Pin=C70-2
Added Pin To Net: NetName=MVCC Pin=D1-1
Added Pin To Net: NetName=MVCC Pin=U1-11
Added Pin To Net: NetName=MVCC Pin=U1-19
Added Pin To Net: NetName=MVCC Pin=U1-21
Added Pin To Net: NetName=MVCC Pin=U1-22
Added Pin To Net: NetName=MVCC Pin=U1-28
Added Pin To Net: NetName=MVCC Pin=U1-50
Added Pin To Net: NetName=MVCC Pin=U1-75
Added Pin To Net: NetName=MVCC Pin=U1-100
Added Pin To Net: NetName=MVCC Pin=VR1-2
Added Pin To Net: NetName=MVCC Pin=VR1-4
Added Net: Name=MVCC
Added Pin To Net: NetName=NetC11_1 Pin=C11-1
Added Pin To Net: NetName=NetC11_1 Pin=U1-48
Added Net: Name=NetC11_1
Added Pin To Net: NetName=NetC12_1 Pin=C12-1
Added Pin To Net: NetName=NetC12_1 Pin=U1-73
Added Net: Name=NetC12_1
Added Pin To Net: NetName=NetC13_2 Pin=C13-2
Added Pin To Net: NetName=NetC13_2 Pin=C14-2
Added Pin To Net: NetName=NetC13_2 Pin=D1-2
Added Pin To Net: NetName=NetC13_2 Pin=D2-2
Added Pin To Net: NetName=NetC13_2 Pin=U1-6
Added Net: Name=NetC13_2
Added Pin To Net: NetName=NetC59_2 Pin=C59-2
Added Pin To Net: NetName=NetC59_2 Pin=C60-1
Added Pin To Net: NetName=NetC59_2 Pin=C64-2
Added Pin To Net: NetName=NetC59_2 Pin=C65-1
Added Pin To Net: NetName=NetC59_2 Pin=D56-1
Added Pin To Net: NetName=NetC59_2 Pin=U12-1
Added Pin To Net: NetName=NetC59_2 Pin=U13-1
Added Net: Name=NetC59_2
Added Pin To Net: NetName=NetC61_1 Pin=C61-1
Added Pin To Net: NetName=NetC61_1 Pin=C62-2
Added Pin To Net: NetName=NetC61_1 Pin=F2-1
Added Pin To Net: NetName=NetC61_1 Pin=L1-2
Added Pin To Net: NetName=NetC61_1 Pin=R90-1
Added Net: Name=NetC61_1
Added Pin To Net: NetName=NetC63_1 Pin=C63-1
Added Pin To Net: NetName=NetC63_1 Pin=D56-4
Added Pin To Net: NetName=NetC63_1 Pin=J19-2
Added Pin To Net: NetName=NetC63_1 Pin=RV1-1
Added Net: Name=NetC63_1
Added Pin To Net: NetName=NetC63_2 Pin=C63-2
Added Pin To Net: NetName=NetC63_2 Pin=D56-3
Added Pin To Net: NetName=NetC63_2 Pin=F1-2
Added Pin To Net: NetName=NetC63_2 Pin=RV1-2
Added Net: Name=NetC63_2
Added Pin To Net: NetName=NetC66_1 Pin=C66-1
Added Pin To Net: NetName=NetC66_1 Pin=C67-2
Added Pin To Net: NetName=NetC66_1 Pin=F3-1
Added Pin To Net: NetName=NetC66_1 Pin=L2-2
Added Pin To Net: NetName=NetC66_1 Pin=R93-2
Added Net: Name=NetC66_1
Added Pin To Net: NetName=NetD2_1 Pin=D2-1
Added Pin To Net: NetName=NetD2_1 Pin=J6-P
Added Net: Name=NetD2_1
Added Pin To Net: NetName=NetD3_1 Pin=D3-1
Added Pin To Net: NetName=NetD3_1 Pin=J7-2
Added Pin To Net: NetName=NetD3_1 Pin=R2-1
Added Net: Name=NetD3_1
Added Pin To Net: NetName=NetD3_2 Pin=D3-2
Added Pin To Net: NetName=NetD3_2 Pin=J7-1
Added Pin To Net: NetName=NetD3_2 Pin=R1-1
Added Net: Name=NetD3_2
Added Pin To Net: NetName=NetD4_1 Pin=D4-1
Added Pin To Net: NetName=NetD4_1 Pin=J7-5
Added Pin To Net: NetName=NetD4_1 Pin=R5-1
Added Net: Name=NetD4_1
Added Pin To Net: NetName=NetD4_2 Pin=D4-2
Added Pin To Net: NetName=NetD4_2 Pin=J7-4
Added Pin To Net: NetName=NetD4_2 Pin=R3-1
Added Net: Name=NetD4_2
Added Pin To Net: NetName=NetD7_1 Pin=D7-1
Added Pin To Net: NetName=NetD7_1 Pin=J9-2
Added Pin To Net: NetName=NetD7_1 Pin=R9-1
Added Net: Name=NetD7_1
Added Pin To Net: NetName=NetD7_2 Pin=D7-2
Added Pin To Net: NetName=NetD7_2 Pin=J9-1
Added Pin To Net: NetName=NetD7_2 Pin=R7-1
Added Net: Name=NetD7_2
Added Pin To Net: NetName=NetD10_1 Pin=D10-1
Added Pin To Net: NetName=NetD10_1 Pin=J9-5
Added Pin To Net: NetName=NetD10_1 Pin=R14-1
Added Net: Name=NetD10_1
Added Pin To Net: NetName=NetD10_2 Pin=D10-2
Added Pin To Net: NetName=NetD10_2 Pin=J9-4
Added Pin To Net: NetName=NetD10_2 Pin=R12-1
Added Net: Name=NetD10_2
Added Pin To Net: NetName=NetD11_1 Pin=D11-1
Added Pin To Net: NetName=NetD11_1 Pin=J10-2
Added Pin To Net: NetName=NetD11_1 Pin=R17-1
Added Net: Name=NetD11_1
Added Pin To Net: NetName=NetD11_2 Pin=D11-2
Added Pin To Net: NetName=NetD11_2 Pin=J10-1
Added Pin To Net: NetName=NetD11_2 Pin=R16-1
Added Net: Name=NetD11_2
Added Pin To Net: NetName=NetD12_1 Pin=D12-1
Added Pin To Net: NetName=NetD12_1 Pin=J10-5
Added Pin To Net: NetName=NetD12_1 Pin=R19-1
Added Net: Name=NetD12_1
Added Pin To Net: NetName=NetD12_2 Pin=D12-2
Added Pin To Net: NetName=NetD12_2 Pin=J10-4
Added Pin To Net: NetName=NetD12_2 Pin=R18-1
Added Net: Name=NetD12_2
Added Pin To Net: NetName=NetD13_A Pin=D13-A
Added Pin To Net: NetName=NetD13_A Pin=R31-1
Added Net: Name=NetD13_A
Added Pin To Net: NetName=NetD14_1 Pin=D14-1
Added Pin To Net: NetName=NetD14_1 Pin=R33-2
Added Net: Name=NetD14_1
Added Pin To Net: NetName=NetD14_2 Pin=D14-2
Added Pin To Net: NetName=NetD14_2 Pin=D18-C
Added Pin To Net: NetName=NetD14_2 Pin=J13-2
Added Net: Name=NetD14_2
Added Pin To Net: NetName=NetD17_A Pin=D17-A
Added Pin To Net: NetName=NetD17_A Pin=R39-1
Added Net: Name=NetD17_A
Added Pin To Net: NetName=NetD18_A Pin=D18-A
Added Pin To Net: NetName=NetD18_A Pin=R37-2
Added Net: Name=NetD18_A
Added Pin To Net: NetName=NetD20_1 Pin=D20-1
Added Pin To Net: NetName=NetD20_1 Pin=R41-2
Added Net: Name=NetD20_1
Added Pin To Net: NetName=NetD20_2 Pin=D20-2
Added Pin To Net: NetName=NetD20_2 Pin=D24-C
Added Pin To Net: NetName=NetD20_2 Pin=J13-4
Added Net: Name=NetD20_2
Added Pin To Net: NetName=NetD23_A Pin=D23-A
Added Pin To Net: NetName=NetD23_A Pin=R47-1
Added Net: Name=NetD23_A
Added Pin To Net: NetName=NetD24_A Pin=D24-A
Added Pin To Net: NetName=NetD24_A Pin=R45-2
Added Net: Name=NetD24_A
Added Pin To Net: NetName=NetD26_1 Pin=D26-1
Added Pin To Net: NetName=NetD26_1 Pin=R49-2
Added Net: Name=NetD26_1
Added Pin To Net: NetName=NetD26_2 Pin=D26-2
Added Pin To Net: NetName=NetD26_2 Pin=D29-C
Added Pin To Net: NetName=NetD26_2 Pin=J13-6
Added Net: Name=NetD26_2
Added Pin To Net: NetName=NetD29_A Pin=D29-A
Added Pin To Net: NetName=NetD29_A Pin=R52-2
Added Net: Name=NetD29_A
Added Pin To Net: NetName=NetD32_1 Pin=D32-1
Added Pin To Net: NetName=NetD32_1 Pin=R59-2
Added Net: Name=NetD32_1
Added Pin To Net: NetName=NetD32_2 Pin=D32-2
Added Pin To Net: NetName=NetD32_2 Pin=D35-C
Added Pin To Net: NetName=NetD32_2 Pin=Q1-3
Added Net: Name=NetD32_2
Added Pin To Net: NetName=NetD32_4 Pin=D32-4
Added Pin To Net: NetName=NetD32_4 Pin=J15-1
Added Pin To Net: NetName=NetD32_4 Pin=R57-2
Added Net: Name=NetD32_4
Added Pin To Net: NetName=NetD33_2 Pin=D33-2
Added Pin To Net: NetName=NetD33_2 Pin=D34-C
Added Pin To Net: NetName=NetD33_2 Pin=J16-1
Added Net: Name=NetD33_2
Added Pin To Net: NetName=NetD35_A Pin=D35-A
Added Pin To Net: NetName=NetD35_A Pin=R61-2
Added Net: Name=NetD35_A
Added Pin To Net: NetName=NetD37_2 Pin=D37-2
Added Pin To Net: NetName=NetD37_2 Pin=D39-C
Added Pin To Net: NetName=NetD37_2 Pin=J16-3
Added Net: Name=NetD37_2
Added Pin To Net: NetName=NetD38_1 Pin=D38-1
Added Pin To Net: NetName=NetD38_1 Pin=R68-2
Added Net: Name=NetD38_1
Added Pin To Net: NetName=NetD38_2 Pin=D38-2
Added Pin To Net: NetName=NetD38_2 Pin=D42-C
Added Pin To Net: NetName=NetD38_2 Pin=Q2-3
Added Net: Name=NetD38_2
Added Pin To Net: NetName=NetD38_4 Pin=D38-4
Added Pin To Net: NetName=NetD38_4 Pin=J15-3
Added Pin To Net: NetName=NetD38_4 Pin=R67-2
Added Net: Name=NetD38_4
Added Pin To Net: NetName=NetD40_A Pin=D40-A
Added Pin To Net: NetName=NetD40_A Pin=R69-1
Added Net: Name=NetD40_A
Added Pin To Net: NetName=NetD41_1 Pin=D41-1
Added Pin To Net: NetName=NetD41_1 Pin=R72-2
Added Net: Name=NetD41_1
Added Pin To Net: NetName=NetD41_2 Pin=D41-2
Added Pin To Net: NetName=NetD41_2 Pin=D43-C
Added Pin To Net: NetName=NetD41_2 Pin=J16-5
Added Net: Name=NetD41_2
Added Pin To Net: NetName=NetD42_A Pin=D42-A
Added Pin To Net: NetName=NetD42_A Pin=R71-2
Added Net: Name=NetD42_A
Added Pin To Net: NetName=NetD43_A Pin=D43-A
Added Pin To Net: NetName=NetD43_A Pin=R73-1
Added Net: Name=NetD43_A
Added Pin To Net: NetName=NetD44_1 Pin=D44-1
Added Pin To Net: NetName=NetD44_1 Pin=R76-2
Added Net: Name=NetD44_1
Added Pin To Net: NetName=NetD44_2 Pin=D44-2
Added Pin To Net: NetName=NetD44_2 Pin=D45-C
Added Pin To Net: NetName=NetD44_2 Pin=Q3-3
Added Net: Name=NetD44_2
Added Pin To Net: NetName=NetD44_4 Pin=D44-4
Added Pin To Net: NetName=NetD44_4 Pin=J15-5
Added Pin To Net: NetName=NetD44_4 Pin=R75-2
Added Net: Name=NetD44_4
Added Pin To Net: NetName=NetD45_A Pin=D45-A
Added Pin To Net: NetName=NetD45_A Pin=R77-2
Added Net: Name=NetD45_A
Added Pin To Net: NetName=NetD46_A Pin=D46-A
Added Pin To Net: NetName=NetD46_A Pin=R79-1
Added Net: Name=NetD46_A
Added Pin To Net: NetName=NetD46_C Pin=D46-C
Added Pin To Net: NetName=NetD46_C Pin=D47-1
Added Pin To Net: NetName=NetD46_C Pin=Q4-3
Added Pin To Net: NetName=NetD46_C Pin=RL1-2
Added Net: Name=NetD46_C
Added Pin To Net: NetName=NetD48_A Pin=D48-A
Added Pin To Net: NetName=NetD48_A Pin=R80-1
Added Net: Name=NetD48_A
Added Pin To Net: NetName=NetD48_C Pin=D48-C
Added Pin To Net: NetName=NetD48_C Pin=D49-1
Added Pin To Net: NetName=NetD48_C Pin=K1-COIL2
Added Pin To Net: NetName=NetD48_C Pin=Q5-3
Added Net: Name=NetD48_C
Added Pin To Net: NetName=NetD50_A Pin=D50-A
Added Pin To Net: NetName=NetD50_A Pin=R82-1
Added Net: Name=NetD50_A
Added Pin To Net: NetName=NetD50_C Pin=D50-C
Added Pin To Net: NetName=NetD50_C Pin=D51-1
Added Pin To Net: NetName=NetD50_C Pin=Q6-3
Added Pin To Net: NetName=NetD50_C Pin=RL2-2
Added Net: Name=NetD50_C
Added Pin To Net: NetName=NetD52_A Pin=D52-A
Added Pin To Net: NetName=NetD52_A Pin=R84-1
Added Net: Name=NetD52_A
Added Pin To Net: NetName=NetD52_C Pin=D52-C
Added Pin To Net: NetName=NetD52_C Pin=D53-1
Added Pin To Net: NetName=NetD52_C Pin=K2-COIL2
Added Pin To Net: NetName=NetD52_C Pin=Q7-3
Added Net: Name=NetD52_C
Added Pin To Net: NetName=NetD54_A Pin=D54-A
Added Pin To Net: NetName=NetD54_A Pin=R86-1
Added Net: Name=NetD54_A
Added Pin To Net: NetName=NetD54_C Pin=D54-C
Added Pin To Net: NetName=NetD54_C Pin=D55-1
Added Pin To Net: NetName=NetD54_C Pin=Q8-3
Added Pin To Net: NetName=NetD54_C Pin=RL3-2
Added Net: Name=NetD54_C
Added Pin To Net: NetName=NetD58_C Pin=D58-C
Added Pin To Net: NetName=NetD58_C Pin=L1-1
Added Pin To Net: NetName=NetD58_C Pin=U12-2
Added Net: Name=NetD58_C
Added Pin To Net: NetName=NetD59_A Pin=D59-A
Added Pin To Net: NetName=NetD59_A Pin=R89-2
Added Net: Name=NetD59_A
Added Pin To Net: NetName=NetD61_C Pin=D61-C
Added Pin To Net: NetName=NetD61_C Pin=L2-1
Added Pin To Net: NetName=NetD61_C Pin=U13-2
Added Net: Name=NetD61_C
Added Pin To Net: NetName=NetD62_A Pin=D62-A
Added Pin To Net: NetName=NetD62_A Pin=R92-2
Added Net: Name=NetD62_A
Added Pin To Net: NetName=NetF1_1 Pin=F1-1
Added Pin To Net: NetName=NetF1_1 Pin=J19-1
Added Net: Name=NetF1_1
Added Pin To Net: NetName=NetJ13_1 Pin=J13-1
Added Pin To Net: NetName=NetJ13_1 Pin=R33-1
Added Pin To Net: NetName=NetJ13_1 Pin=R37-1
Added Net: Name=NetJ13_1
Added Pin To Net: NetName=NetJ13_3 Pin=J13-3
Added Pin To Net: NetName=NetJ13_3 Pin=R41-1
Added Pin To Net: NetName=NetJ13_3 Pin=R45-1
Added Net: Name=NetJ13_3
Added Pin To Net: NetName=NetJ13_5 Pin=J13-5
Added Pin To Net: NetName=NetJ13_5 Pin=R49-1
Added Pin To Net: NetName=NetJ13_5 Pin=R52-1
Added Net: Name=NetJ13_5
Added Pin To Net: NetName=NetJ17_1 Pin=J17-1
Added Pin To Net: NetName=NetJ17_1 Pin=RL1-8
Added Net: Name=NetJ17_1
Added Pin To Net: NetName=NetJ17_2 Pin=J17-2
Added Pin To Net: NetName=NetJ17_2 Pin=RL1-5
Added Net: Name=NetJ17_2
Added Pin To Net: NetName=NetJ17_3 Pin=J17-3
Added Pin To Net: NetName=NetJ17_3 Pin=RL2-8
Added Net: Name=NetJ17_3
Added Pin To Net: NetName=NetJ17_4 Pin=J17-4
Added Pin To Net: NetName=NetJ17_4 Pin=RL2-5
Added Net: Name=NetJ17_4
Added Pin To Net: NetName=NetJ17_5 Pin=J17-5
Added Pin To Net: NetName=NetJ17_5 Pin=RL3-8
Added Net: Name=NetJ17_5
Added Pin To Net: NetName=NetJ17_6 Pin=J17-6
Added Pin To Net: NetName=NetJ17_6 Pin=RL3-5
Added Net: Name=NetJ17_6
Added Pin To Net: NetName=NetJ18_1 Pin=J18-1
Added Pin To Net: NetName=NetJ18_1 Pin=K1-NC
Added Net: Name=NetJ18_1
Added Pin To Net: NetName=NetJ18_2 Pin=J18-2
Added Pin To Net: NetName=NetJ18_2 Pin=K1-COM
Added Net: Name=NetJ18_2
Added Pin To Net: NetName=NetJ18_3 Pin=J18-3
Added Pin To Net: NetName=NetJ18_3 Pin=K1-NO
Added Net: Name=NetJ18_3
Added Pin To Net: NetName=NetJ18_4 Pin=J18-4
Added Pin To Net: NetName=NetJ18_4 Pin=K2-NC
Added Net: Name=NetJ18_4
Added Pin To Net: NetName=NetJ18_5 Pin=J18-5
Added Pin To Net: NetName=NetJ18_5 Pin=K2-COM
Added Net: Name=NetJ18_5
Added Pin To Net: NetName=NetJ18_6 Pin=J18-6
Added Pin To Net: NetName=NetJ18_6 Pin=K2-NO
Added Net: Name=NetJ18_6
Added Pin To Net: NetName=NetQ1_1 Pin=Q1-1
Added Pin To Net: NetName=NetQ1_1 Pin=R64-2
Added Net: Name=NetQ1_1
Added Pin To Net: NetName=NetQ2_1 Pin=Q2-1
Added Pin To Net: NetName=NetQ2_1 Pin=R74-2
Added Net: Name=NetQ2_1
Added Pin To Net: NetName=NetQ3_1 Pin=Q3-1
Added Pin To Net: NetName=NetQ3_1 Pin=R78-2
Added Net: Name=NetQ3_1
Added Pin To Net: NetName=NetQ4_1 Pin=Q4-1
Added Pin To Net: NetName=NetQ4_1 Pin=R81-2
Added Net: Name=NetQ4_1
Added Pin To Net: NetName=NetQ5_1 Pin=Q5-1
Added Pin To Net: NetName=NetQ5_1 Pin=R83-2
Added Net: Name=NetQ5_1
Added Pin To Net: NetName=NetQ6_1 Pin=Q6-1
Added Pin To Net: NetName=NetQ6_1 Pin=R85-2
Added Net: Name=NetQ6_1
Added Pin To Net: NetName=NetQ7_1 Pin=Q7-1
Added Pin To Net: NetName=NetQ7_1 Pin=R87-2
Added Net: Name=NetQ7_1
Added Pin To Net: NetName=NetQ8_1 Pin=Q8-1
Added Pin To Net: NetName=NetQ8_1 Pin=R88-2
Added Net: Name=NetQ8_1
Added Pin To Net: NetName=NetR90_2 Pin=R90-2
Added Pin To Net: NetName=NetR90_2 Pin=R91-1
Added Pin To Net: NetName=NetR90_2 Pin=U12-4
Added Net: Name=NetR90_2
Added Pin To Net: NetName=NetR93_1 Pin=R93-1
Added Pin To Net: NetName=NetR93_1 Pin=R94-1
Added Pin To Net: NetName=NetR93_1 Pin=U13-4
Added Net: Name=NetR93_1
Added Pin To Net: NetName=RL1 Pin=R81-1
Added Pin To Net: NetName=RL1 Pin=U1-86
Added Net: Name=RL1
Added Pin To Net: NetName=RL2 Pin=R85-1
Added Pin To Net: NetName=RL2 Pin=U1-85
Added Net: Name=RL2
Added Pin To Net: NetName=RL3 Pin=R88-1
Added Pin To Net: NetName=RL3 Pin=U1-82
Added Net: Name=RL3
Added Pin To Net: NetName=RL4 Pin=R83-1
Added Pin To Net: NetName=RL4 Pin=U1-81
Added Net: Name=RL4
Added Pin To Net: NetName=RL5 Pin=R87-1
Added Pin To Net: NetName=RL5 Pin=U1-57
Added Net: Name=RL5
Added Class: Name=Power
Added Class: Name=Relay
Added Member To Class: ClassName=main Member=Component C1 15pF
Added Member To Class: ClassName=main Member=Component C2 15pF
Added Member To Class: ClassName=main Member=Component C3 15pF
Added Member To Class: ClassName=main Member=Component C4 15pF
Added Member To Class: ClassName=main Member=Component C5 1µF
Added Member To Class: ClassName=main Member=Component C7 1µF
Added Member To Class: ClassName=main Member=Component C8 1µF
Added Member To Class: ClassName=main Member=Component C11 4.7 µF
Added Member To Class: ClassName=main Member=Component C12 4.7 µF
Added Member To Class: ClassName=main Member=Component C13 10 µF
Added Member To Class: ClassName=main Member=Component C14 1µF
Added Member To Class: ClassName=commucation Member=Component C17 1µF
Added Member To Class: ClassName=commucation Member=Component C18 1µF
Added Member To Class: ClassName=commucation Member=Component C22 1000 pF
Added Member To Class: ClassName=commucation Member=Component C23 1µF
Added Member To Class: ClassName=commucation Member=Component C24 1000 pF
Added Member To Class: ClassName=commucation Member=Component C25 1µF
Added Member To Class: ClassName=commucation Member=Component C27 1µF
Added Member To Class: ClassName=commucation Member=Component C28 1µF
Added Member To Class: ClassName=commucation Member=Component C30 1µF
Added Member To Class: ClassName=commucation Member=Component C31 1µF
Added Member To Class: ClassName=commucation Member=Component C32 1µF
Added Member To Class: ClassName=commucation Member=Component C33 1µF
Added Member To Class: ClassName=commucation Member=Component C34 1µF
Added Member To Class: ClassName=memory Member=Component C36 1µF
Added Member To Class: ClassName=LAN Member=Component C47 15pF
Added Member To Class: ClassName=LAN Member=Component C48 0.022 µF
Added Member To Class: ClassName=LAN Member=Component C49 6800 pF
Added Member To Class: ClassName=LAN Member=Component C51 10000 pF
Added Member To Class: ClassName=LAN Member=Component C52 4.7 µF
Added Member To Class: ClassName=LAN Member=Component C53 10000 pF
Added Member To Class: ClassName=DI_DO Member=Component C55 1µF
Added Member To Class: ClassName=DI_DO Member=Component C56 10 µF
Added Member To Class: ClassName=DI_DO Member=Component C57 10 µF
Added Member To Class: ClassName=DI_DO Member=Component C58 1µF
Added Member To Class: ClassName=main Member=Component D1 CGRA4007-G
Added Member To Class: ClassName=main Member=Component D2 CGRA4007-G
Added Member To Class: ClassName=commucation Member=Component D3 SM712.TCT
Added Member To Class: ClassName=commucation Member=Component D5 597-3305-607F
Added Member To Class: ClassName=commucation Member=Component D7 SM712.TCT
Added Member To Class: ClassName=commucation Member=Component D8 597-3305-607F
Added Member To Class: ClassName=commucation Member=Component D9 SM712.TCT
Added Member To Class: ClassName=commucation Member=Component D10 SM712.TCT
Added Member To Class: ClassName=commucation Member=Component D11 SM712.TCT
Added Member To Class: ClassName=commucation Member=Component D12 SM712.TCT
Added Member To Class: ClassName=DI_DO Member=Component D20 LTV-817S-TA1
Added Member To Class: ClassName=DI_DO Member=Component D23 597-3305-607F
Added Member To Class: ClassName=DI_DO Member=Component D24 597-3305-607F
Added Member To Class: ClassName=DI_DO Member=Component D26 LTV-817S-TA1
Added Member To Class: ClassName=DI_DO Member=Component D29 597-3305-607F
Added Member To Class: ClassName=DI_DO Member=Component D30 597-3305-607F
Added Member To Class: ClassName=DI_DO Member=Component D31 597-3305-607F
Added Member To Class: ClassName=DI_DO Member=Component D32 LTV-817S-TA1
Added Member To Class: ClassName=DI_DO Member=Component D35 597-3305-607F
Added Member To Class: ClassName=DI_DO Member=Component D36 597-3305-607F
Added Member To Class: ClassName=DI_DO Member=Component D37 LTV-817S-TA1
Added Member To Class: ClassName=DI_DO Member=Component D38 LTV-817S-TA1
Added Member To Class: ClassName=DI_DO Member=Component D40 597-3305-607F
Added Member To Class: ClassName=DI_DO Member=Component D41 LTV-817S-TA1
Added Member To Class: ClassName=DI_DO Member=Component D42 597-3305-607F
Added Member To Class: ClassName=DI_DO Member=Component D43 597-3305-607F
Added Member To Class: ClassName=DI_DO Member=Component D44 LTV-817S-TA1
Added Member To Class: ClassName=DI_DO Member=Component D45 597-3305-607F
Added Member To Class: ClassName=main Member=Component J1 NPPN051BFCN-RC
Added Member To Class: ClassName=main Member=Component J2 NPPN051BFCN-RC
Added Member To Class: ClassName=main Member=Component J3 NPPN051BFCN-RC
Added Member To Class: ClassName=commucation Member=Component J10 OQ0632510000G
Added Member To Class: ClassName=memory Member=Component J11 PJS008-2003-0
Added Member To Class: ClassName=LAN Member=Component J12 HR911105A
Added Member To Class: ClassName=DI_DO Member=Component J15 OQ0632510000G
Added Member To Class: ClassName=DI_DO Member=Component J16 OQ0632510000G
Added Member To Class: ClassName=DI_DO Member=Component PS1 RK-0505S/H
Added Member To Class: ClassName=DI_DO Member=Component Q1 BC847BM3T5G
Added Member To Class: ClassName=DI_DO Member=Component Q2 BC847BM3T5G
Added Member To Class: ClassName=DI_DO Member=Component Q3 BC847BM3T5G
Added Member To Class: ClassName=commucation Member=Component R2 10 Ohms
Added Member To Class: ClassName=commucation Member=Component R3 10 Ohms
Added Member To Class: ClassName=commucation Member=Component R4 330 Ohms
Added Member To Class: ClassName=commucation Member=Component R8 1 kOhms
Added Member To Class: ClassName=commucation Member=Component R9 10 Ohms
Added Member To Class: ClassName=commucation Member=Component R10 330 Ohms
Added Member To Class: ClassName=commucation Member=Component R11 1 kOhms
Added Member To Class: ClassName=commucation Member=Component R12 10 Ohms
Added Member To Class: ClassName=commucation Member=Component R13 1 kOhms
Added Member To Class: ClassName=commucation Member=Component R14 10 Ohms
Added Member To Class: ClassName=commucation Member=Component R15 120 Ohms
Added Member To Class: ClassName=commucation Member=Component R16 10 Ohms
Added Member To Class: ClassName=commucation Member=Component R17 10 Ohms
Added Member To Class: ClassName=commucation Member=Component R18 10 Ohms
Added Member To Class: ClassName=commucation Member=Component R19 10 Ohms
Added Member To Class: ClassName=LAN Member=Component R23 10 kOhms
Added Member To Class: ClassName=LAN Member=Component R25 10 kOhms
Added Member To Class: ClassName=LAN Member=Component R26 12.4 kOhms
Added Member To Class: ClassName=LAN Member=Component R28 49.9 Ohms
Added Member To Class: ClassName=LAN Member=Component R29 330 Ohms
Added Member To Class: ClassName=LAN Member=Component R30 330 Ohms
Added Member To Class: ClassName=DI_DO Member=Component R39 330 Ohms
Added Member To Class: ClassName=DI_DO Member=Component R40 10 kOhms
Added Member To Class: ClassName=DI_DO Member=Component R41 1 kOhms
Added Member To Class: ClassName=DI_DO Member=Component R45 330 Ohms
Added Member To Class: ClassName=DI_DO Member=Component R47 330 Ohms
Added Member To Class: ClassName=DI_DO Member=Component R48 10 kOhms
Added Member To Class: ClassName=DI_DO Member=Component R49 1 kOhms
Added Member To Class: ClassName=DI_DO Member=Component R52 330 Ohms
Added Member To Class: ClassName=DI_DO Member=Component R55 330 Ohms
Added Member To Class: ClassName=DI_DO Member=Component R56 10 kOhms
Added Member To Class: ClassName=DI_DO Member=Component R57 10 kOhms
Added Member To Class: ClassName=DI_DO Member=Component R58 1 kOhms
Added Member To Class: ClassName=DI_DO Member=Component R59 1 kOhms
Added Member To Class: ClassName=DI_DO Member=Component R61 330 Ohms
Added Member To Class: ClassName=DI_DO Member=Component R64 330 Ohms
Added Member To Class: ClassName=DI_DO Member=Component R65 1 kOhms
Added Member To Class: ClassName=DI_DO Member=Component R67 10 kOhms
Added Member To Class: ClassName=DI_DO Member=Component R68 1 kOhms
Added Member To Class: ClassName=DI_DO Member=Component R69 330 Ohms
Added Member To Class: ClassName=DI_DO Member=Component R70 10 kOhms
Added Member To Class: ClassName=DI_DO Member=Component R71 330 Ohms
Added Member To Class: ClassName=DI_DO Member=Component R72 1 kOhms
Added Member To Class: ClassName=DI_DO Member=Component R73 330 Ohms
Added Member To Class: ClassName=DI_DO Member=Component R74 330 Ohms
Added Member To Class: ClassName=DI_DO Member=Component R75 10 kOhms
Added Member To Class: ClassName=DI_DO Member=Component R76 1 kOhms
Added Member To Class: ClassName=DI_DO Member=Component R77 330 Ohms
Added Member To Class: ClassName=DI_DO Member=Component R78 330 Ohms
Added Member To Class: ClassName=commucation Member=Component U2 MAX3232ESE
Added Member To Class: ClassName=commucation Member=Component U3 74HC14D
Added Member To Class: ClassName=commucation Member=Component U4 MAX3485EESA+
Added Member To Class: ClassName=commucation Member=Component U5 MAX3232ESE
Added Member To Class: ClassName=memory Member=Component U9 AT24C512C-SSHM-T
Added Member To Class: ClassName=memory Member=Component U10 24AA02E48-I_SN
Added Member To Class: ClassName=main Member=Component Y2 8 MHz
