:020000040800F2
:1000000000800120513100083126000839260008FF
:10001000412600084926000851260008000000007B
:100020000000000000000000000000005926000849
:1000300067260008000000007526000883260008D7
:10004000A1310008A1310008A1310008A131000848
:10005000A1310008A1310008A1310008A131000838
:10006000A1310008A1310008A1310008A131000828
:10007000A1310008A1310008A1310008A131000818
:10008000A1310008A1310008A131000800000000E2
:10009000000000000000000000000000A131000886
:1000A000A1310008A1310008A1310008A1310008E8
:1000B000A131000891260008A1310008A1310008F3
:1000C000A1310008A1310008A1310008A1310008C8
:1000D000A1310008A1310008A13100080000000092
:1000E000A1310008A1310008A13100080000000082
:1000F000000000000000000000000000A131000826
:1001000000000000A1310008A1310008A131000861
:1001100000000000000000000000000000000000DF
:10012000A1310008A1310008A1310008A131000867
:10013000A1310008000000000000000000000000E5
:10014000000000000000000000000000A1310008D5
:10015000A1310008A1310008A1310008A52600083E
:10016000A1310008A13100080000000000000000DB
:10017000000000000000000000000000000000007F
:1001800000000000A1310008000000000000000095
:04019000A131000891
:1001A00010B5054C237833B9044B13B10448AFF3B1
:1001B00000800123237010BDC0000020000000005B
:1001C0000896000808B5034B1BB103490348AFF379
:1001D000008008BD00000000C40000200896000850
:1001E00010F8012B11F8013B012A28BF9A42F7D0E1
:1001F000D01A7047034613F8012B002AFBD1181AB6
:1002000001387047000000000000000000000000FE
:1002100001F0FF01102A2BDB10F0070F08D010F8B7
:10022000013B013A8B422DD010F0070F42B3F6D1BB
:10023000F0B441EA012141EA014122F007047FF0D4
:1002400000070023F0E80256083C85EA010586EA2B
:10025000010685FA47F5A3FA87F586FA47F6A5FA67
:1002600087F68EB9EED1F0BC01F0FF0102F0070273
:1002700032B110F8013B013A83EA010313B1F8D11E
:100280000020704701387047002D06BF35460338FF
:10029000073815F0010F07D1013015F4807F02BF38
:1002A000013015F4C03F0130F0BC0138704700BF89
:1002B00053B94AB9002908BF00281CBF4FF0FF31CD
:1002C0004FF0FF3000F088B9ADF1080C6DE904CEB5
:1002D00000F006F8DDF804E0DDE9022304B0704721
:1002E0002DE9F047089D8E4604468846002B4AD1EA
:1002F0008A42174662D9B2FA82F64EB1C6F120039D
:1003000001FA06F820FA03F3B74043EA0808B440BC
:100310004FEA174E1FFA87FCB8FBFEF1230C0EFBC9
:10032000118843EA084301FB0CF29A4209D9FB18F1
:1003300001F1FF3080F0EA809A4240F2E780023912
:100340003B449A1AA3B2B2FBFEF00EFB102243EA22
:10035000024300FB0CFC9C4509D9FB1800F1FF325D
:1003600080F0D6809C4540F2D3803B44023840EA7E
:100370000140A3EB0C0300211DB1F3400022C5E9AD
:100380000032BDE8F0878B4205D90DB1C5E9000107
:1003900000210846F5E7B3FA83F1002946D17345F9
:1003A00002D3824200F20581841A6EEB030201201F
:1003B0009046002DE5D0C5E90048E2E7002A00F0AC
:1003C0009080B2FA82F6002E40F0A4808A1A030CC4
:1003D0004FEA174E80B2BCB20121B2FBFEFC0EFB0D
:1003E0001C2243EA024304FB0CF29A4207D9FB1891
:1003F0000CF1FF3802D29A4200F2E080C4469B1A08
:10040000B3FBFEF20EFB123340EA034302FB04F49B
:100410009C4207D9FB1802F1FF3002D29C4200F245
:10042000CA8002461B1B42EA0C40A5E7C1F1200628
:100430008B4022FA06F71F430EFA01F420FA06F366
:100440002EFA06FE4FEA1749234300FA01F81FFA75
:1004500087FCBEFBF9F01C0C09FB10EE44EA0E44CD
:1004600000FB0CFEA64502FA01F209D93C1900F185
:10047000FF3A80F09C80A64540F2998002383C44C7
:10048000A4EB0E041FFA83FEB4FBF9F309FB13443B
:100490004EEA044403FB0CFCA44508D93C1903F1C3
:1004A000FF3E80F08280A4457FD9023B3C4443EA72
:1004B0000040A4EB0C04A0FB02EC64457346E1464B
:1004C00062D35FD05DB1B8EB030264EB090404FAB8
:1004D00006F622FA01F31E43CC40C5E90064002170
:1004E0004FE7B1FBF2FC010C41EA0E4180B240EA59
:1004F00001423B4638463C46B846BE462026B1FB44
:10050000F7F1A2EB080241EA0C4166E7014618E761
:1005100010462CE7C6F120022EFA02F3B740B14094
:1005200020FA02F24FEA174E0A43B3FBFEF8BCB2C0
:100530000EFB1833110C41EA034108FB04F9B040EB
:1005400089454FEA104380B23ED9791808F1FF3C43
:1005500001D289451FD8A1EB0901B1FBFEF909FBC6
:1005600004F80EFB191192B242EA0142424529D227
:10057000BA1809F1FF31C4D24245C2D2A9F1020131
:100580003A44BEE7F0459DD2BEEB02036CEB070C8C
:100590000138E14696E7A7EB09094944A8F1020CA6
:1005A000B1FBFEF909FB04F8DBE773467FE7504631
:1005B00066E70846FDE63B44023A33E7ACF1020C3D
:1005C0003B441CE749469CE7A1EB0901C446B1FB4B
:1005D000FEF909FB04F8C4E7704700BF80B400AF20
:1005E000BFF34F8F00BF064BDB6803F4E0620449A2
:1005F000044B1343CB60BFF34F8F00BF00BFFDE739
:1006000000ED00E00400FA0580B500AF00235022A1
:100610000121012001F0B8FA012001F057FC00BFD0
:1006200080BD80B582B000AF4FF44A7002F0FAF896
:1006300003461C2B20D01C2B35DC002B29D0172B7C
:1006400031D14FF40A7002F0EDF8034603F00103D4
:10065000002B04D001214FF40A7002F02FF9012081
:1006600002F083FA0346FB80FB88002B1DD0FB8839
:10067000184600F02FF818E0012001F0B9FB002324
:1006800050220121012001F07FFA012001F01EFC1F
:100690000CE0002350220121012001F075FA012015
:1006A00001F014FC02E000BF00E000BF00BF08370B
:1006B000BD4680BD80B500AF012001F099FB00234D
:1006C00050220121012001F05FFA012001F0FEFB20
:1006D00000BF80BD80B58CB000AF0346FB80FB88B7
:1006E000B3F5806F02D340F2FF33FB80FB881A46DC
:1006F0004B49012001F098FD78617B69002B02DCF9
:10070000FFF7D8FF88E07B69FB62454AFB6A134428
:1007100000221A700023BB624249414807F02CFCBA
:1007200038613B69002B05D03B690F33184607F051
:10073000CFF8B8623C493A4807F01EFC78627B6A01
:10074000002B06D07B6A0433354A9B1AFA6AD31A07
:1007500000E000233B620023FB6141E0022002F045
:1007600093FD012002F001FA0346FB81FB89002B77
:1007700033D0FB897B837A8BFB6A1344B3F5806F9C
:1007800005DBFB6A9BB2C3F57F7303337B83FB6A94
:10079000234A13447A8B1946012001F045FDB860C5
:1007A000BB68002B19DDFA6ABB681344FB621C4A64
:1007B000FB6A134400221A701B49194807F0DCFB3E
:1007C00078627B6A002B06D07B6A0433144A9B1A3A
:1007D000FA6AD31A00E000233B62FB690133FB6134
:1007E000BB6A002B0BDD3A6ABB6A9A4207DAFB69E7
:1007F000182B04DCFB6A40F2FE329342AEDD7B6ACA
:10080000002B02D07B6A043300E0084B19460448F1
:1008100000F00EF8FFF74EFF3037BD4680BD00BF39
:10082000E000002020960008309600083896000866
:1008300080B5A4B000AF7860396007F1840300226E
:100840001A605A6007F1440340220021184607F05D
:1008500059FB07F1440307F184025949786807F00E
:100860004BFA07F144033F21184607F053FBC7F842
:100870008C0007F1240320220021184607F042FBD8
:10088000D7F88C30002B0CD0D7F88C30591C07F1DE
:1008900024031F22184607F05CFBD7F88C30002297
:1008A0001A7007F1840347491846FFF799FC03467D
:1008B000002B52D107F1440343491846FFF790FC3F
:1008C0000346002B08D007F1440340491846FFF7C0
:1008D00087FC0346002B0FD107F124033C4918463F
:1008E00007F04AFB0346002B14BF01230023DBB2B1
:1008F000184600F0E7F960E007F14403354918466F
:10090000FFF76EFC0346002B14D1334B1B78002BF2
:1009100003D12E4800F0ACF94FE007F10C03184664
:1009200002F0D6FB07F10C0300220021184600F06C
:10093000EDF942E007F1440328491846FFF750FC5F
:100940000346002B06D1244B00221A701F4800F0EA
:100950008FF932E000F0A8F92FE007F18403204975
:100960001846FFF73DFC0346002B24D107F1440352
:1009700016491846FFF734FC0346002B03D13868AC
:1009800000F030F819E007F1440312491846FFF768
:1009900027FC0346002B0BD10F4B1B78002B03D1F8
:1009A0000A4800F065F908E0386800F06BF804E0E8
:1009B00000F07AF901E000F077F99037BD4680BD8C
:1009C0003C960008489600084C960008509600088F
:1009D0005896000860960008DC0000206C9600081D
:1009E0007496000880B592B000AF786007F12803D4
:1009F00020220021184607F085FA07F1080320227B
:100A00000021184607F07EFA07F128022023164934
:100A1000786800F091FA07F10802202313497868FA
:100A200000F08AFA07F1280311491846FFF7D8FBAE
:100A30000346002B0FD107F108030E491846FFF7B4
:100A4000CFFB0346002B06D10B4B01221A700B483B
:100A500000F00EF903E00A4800F00AF900BF00BFF9
:100A60004837BD4680BD00BF7C96000888960008C8
:100A7000949600089C960008DC0000206096000810
:100A8000A496000880B5AAB000AF786007F184038F
:100A900020220021184607F035FA07F164032022CE
:100AA0000021184607F02EFA07F144032022002106
:100AB000184607F027FA07F1840220234A4978688C
:100AC00000F03AFA07F1640220234849786800F000
:100AD00033FA07F1440220234549786800F02CFAE4
:100AE00007F1400207F184031146184600F08CFA22
:100AF0000346002B17D007F13C0207F164031146AF
:100B0000184600F081FA0346002B0CD007F138029A
:100B100007F144031146184600F076FA0346002B0D
:100B200001D0012300E0002387F8A73097F8A73011
:100B3000002B12D097F84030002B0ED197F841309F
:100B4000002B0AD197F84230002B06D197F843309A
:100B5000002B02D1002387F8A73097F8A730002B8D
:100B600012D097F83830002B0ED197F83930002B7F
:100B70000AD197F83A30002B06D197F83B30002B7A
:100B800002D1002387F8A73097F8A730002B0CD1AB
:100B900007F10803184602F09BFA07F10803012247
:100BA0001449184600F0B2F81AE007F1200318467D
:100BB00002F08EFA3B6CC7F82630FB6BC7F82A3080
:100BC000BB6BC7F82E3007F12003184600F084FFF6
:100BD00000F02AF94FF4967002F056FBFFF7FEFC86
:100BE000A837BD4680BD00BFB4960008B89600087F
:100BF000BC960008C096000880B5B8B002AFF86097
:100C0000B9607A607868FFF7F5FA0346C7F8D43020
:100C1000BB68002B01D0BB6800E0134B07F110004C
:100C20000193D7F8D4300093FB68104AC02107F035
:100C30000BF8C7F8D000D7F8D0309AB207F11003FC
:100C40001946012001F09CF9D7F8D430002B07DDBC
:100C5000D7F8D4309BB21A467968012001F090F998
:100C600000BFD837BD4680BD3896000808970008F9
:100C700080B59AB000AF786007F108007B68074A3A
:100C8000602106F0E1FF07F10803054A194605480F
:100C9000FFF7B2FF00BF6837BD4680BD6C97000804
:100CA000389600087C97000880B500AF034A002101
:100CB0000348FFF7A1FF00BF80BD00BF8897000871
:100CC000A097000880B582B000AF0346FB71FB79A6
:100CD000002B01D0084B00E0084B094A4FF440615B
:100CE000084806F0B1FF074A00210748FFF784FFD4
:100CF00000BF0837BD4680BDB09700083896000891
:100D0000E8970008E0040020609D0008F0B5D1B02D
:100D100012AF78633963134687F82F303B6B002B93
:100D200010D097F82F30002B01D0394A00E0394A13
:100D300007F138003B6B00931346374AC02106F099
:100D400083FF02E0002387F838307B6B1B789C46DA
:100D50007B6B5B781D467B6B9B781E467B6BDB78E1
:100D6000BB627B6B1B797B627B6B5B793B627B6BD2
:100D70009B79FB617B6BDB79BB617B6B1B7A7B6156
:100D80007B6B5B7A3B617B6B9B7AFB607B6BDB7A7B
:100D9000BB607B6B1B7B7B607B6B5B7B1C467B6BDD
:100DA0009B7B18467B6BDB7B19467B6B1B7C1A4657
:100DB0007B6B5B7C119310920F910E900D947A686F
:100DC0000C92BA680B92FA680A923A6909927A69A7
:100DD0000892BA690792FA69069207F138030593F7
:100DE0003A6A04927A6A0392BB6A0293019600956A
:100DF00063460A4A4FF44061094806F025FF084A55
:100E000000210848FFF7F8FE00BFFC37BD46F0BDE3
:100E1000689D00086C9D0008709D00088C9D00086E
:100E2000E0040020609D000880B500AF064A4FF442
:100E30004061064806F008FF044A00210448FFF715
:100E4000DBFE00BF80BD00BF68A40008E0040020F6
:100E5000609D000880B588B000AFF860B9607A6026
:100E60000023FB610023BB6152E0BB69FA681344B5
:100E70001B782B2B08D1FB695A1CFA611A46BB68F8
:100E8000134420221A7040E0BB69FA6813441B78AF
:100E9000252B2FD1BB690133FA6813441B78002B33
:100EA00028D0BB690233FA6813441B78002B21D089
:100EB000BB690133FA6813441B783B75BB69023385
:100EC000FA6813441B787B750023BB7507F1140384
:100ED00010220021184606F07BFD0146FB695A1CD2
:100EE000FA611A46BB681344CAB21A70BB6902336E
:100EF000BB610AE0BB69FA681A44FB69591CF961D5
:100F00001946BB680B4412781A70BB690133BB6188
:100F1000BB69FA6813441B78002B04D07B68013B43
:100F2000FA699A42A1DBFB69BA68134400221A707D
:100F300000BF2037BD4680BD80B59AB000AFF860D5
:100F4000B9607A603B607B6800221A70B868FFF76E
:100F500051F9F865FB687B6649E0FA6DB968786E0F
:100F600006F0E5FF0346002B36D17A6EFB6D134485
:100F70001B783D2B30D1FB6D01337A6E1344BB657A
:100F80002621B86D06F0C6FF78657B6D002B03D077
:100F90007A6DBB6DD31A03E0B86DFFF72BF90346EA
:100FA0003B663B6E3F2B01DD3F233B663A6E07F10C
:100FB0001403B96D184606F0CCFF07F114023B6E1E
:100FC000134400221A7007F114033A68796818462E
:100FD000FFF740FF012312E02621786E06F09AFF0A
:100FE00078667B6E002B02D07B6E01337B667B6E56
:100FF000002B03D07B6E1B78002BAED1002318464C
:101000006837BD4680BD000080B58CB004AF786005
:10101000396007F1140107F1180207F10B0302937D
:1010200007F10C03019307F1100300930B461E49CF
:10103000786806F061FEF861FB69042B01D000239B
:101040002DE0BB69002B14DBBB69FF2B11DC7B6936
:10105000002B0EDB7B69FF2B0BDC3B69002B08DBD5
:101060003B69FF2B05DCFB68002B02DBFB68FF2BD9
:1010700001DD002313E0BB69DAB23B681A707A69BC
:101080003B680133D2B21A703A693B680233D2B27C
:101090001A70FA683B680333D2B21A7001231846FB
:1010A0002037BD4680BD00BFBCA6000880B588B013
:1010B00004AF78603960642302930623019307F13B
:1010C000080300930123FA22A021786803F09CF81A
:1010D0000346002B01D0002312E00023FB730BE03A
:1010E000FA7BFB7B39680B4410323A4412F8082C27
:1010F0001A70FB7B0133FB73FB7B052BF0D90123BB
:1011000018461037BD4680BD80B500AF0022402193
:10111000024802F001FF00BF80BD00BF0004024092
:1011200080B500AF01224021024802F0F5FE00BF69
:1011300080BD00BF0004024080B582B000AFF91D41
:101140004FF0FF330122044804F0CBFBFB79184633
:101150000837BD4680BD00BF3411002080B582B085
:1011600000AF0346FB71F91D4FF0FF330122034826
:1011700004F073FA00BF0837BD4680BD341100206B
:10118000B0B5A2B000AF02F00DF800F0FDF900F02C
:1011900043FB00F093FA00F015FB00F0C5FA00F0F5
:1011A0005FFAC049C04801F029FEC049C04801F0BB
:1011B0004BFEC049BF4801F0BFFE07F1600318466F
:1011C00000F060FC034687F8873097F88730002BE3
:1011D0002ED107F1400300221A605A609A60DA604B
:1011E0001A61C3F81320B44A07F1400392E80300E0
:1011F000186004331980B14A07F14603106818607B
:10120000AF4A07F14A0310681860AE4A07F14E036F
:101210001068186007F1600407F140050FCD0FC496
:1012200095E8030020600434218002340B0C237005
:1012300007F158031946A448FFF738FF0346002B6F
:1012400008D007F1600307F1580292E80300186024
:101250000433198002219D4802F046FE0346002B0C
:101260000CBF01230023DBB287F8863097F8863065
:10127000002B0FD0964BFB636FF07F43BB63954B06
:101280007B63FB6BC7F86630BB6BC7F86A307B6B60
:10129000C7F86E3097F88730002B03D097F8863068
:1012A000002B04D007F16003184600F015FC4FF442
:1012B000FA7001F0E9FF07F16003184601F0C8FE7B
:1012C0004FF4FA7001F0E0FF834801F001FF322291
:1012D0008249834805F08EFB824804F057FF0023C3
:1012E00041F270720121002000F04EFC002000F05D
:1012F000EDFDFFF789F9FFF794F94FF4427001F023
:1013000091FA03461C2B00F01C811C2B00F3328148
:10131000002B00F02481172B40F02C814FF4027039
:1013200001F080FA034603F00103002B07D00121EE
:101330004FF4027001F0C2FA6B4806F07DFC4FF4E6
:10134000385001F06FFA034687F8853097F88530FA
:1013500003F00103002B0CD1002000F049FD002315
:1013600041F270720121002000F00EFC002000F01C
:10137000ADFD002001F0F9FB03461A465B4B1A60F5
:101380005A4B1B68002B2EDD584B1B689BB21A462C
:101390005749002000F048FF0346544A1360534B5E
:1013A0001B68534A0021D1545149524806F0DCFBD6
:1013B00051494F48FEF714FF0346002B13D1052275
:1013C0004E49002000F0DCFD01224FF480513F48DF
:1013D00002F0A2FD01224FF400613C4802F09CFDA6
:1013E000474B01221A70474B1B78002B0AD0454B04
:1013F00000221A70444B00221A7006224349002032
:1014000000F0BEFD424B1B78002B00F0B580414937
:10141000324806F0B1FDC7F880003F492F4806F07A
:10142000ABFDF867D7F88030002B00F0A580FB6F8C
:10143000002B00F0A180FA6FD7F880309A4240F27A
:101440009B80D7F880300233C7F88030FA6FD7F826
:101450008030D31ABB673B4632220021184606F083
:1014600051FDBA6F3B46D7F88010184606F071FD63
:101470003A46BB6F134400221A703B461A4627496E
:10148000274806F017FC2648FEF7B4FE03461A4626
:10149000244B1A601E4B1B78002B6DD0214B1B6810
:1014A0009BB241E021110008091100085D110008FC
:1014B000391100080000002020A7000828A7000814
:1014C0002CA7000830A70008E01000200000024010
:1014D000C0A80164C0A80101841200209C12002051
:1014E000D41100208C110020CCA60008801200200E
:1014F0001C120020E0A60008F0A60008FCA60008C8
:1015000083130020821300208113002004A7000809
:10151000011300200CA7000810A7000814A700085A
:10152000041300207C1300201A461449002000F008
:1015300027FD0421124802F008FD124B00221A7008
:101540001AE0002000F054FC002341F270720121E7
:10155000002000F019FB002000F0B8FC0DE0002393
:1015600041F270720121002000F00EFB002000F01B
:10157000ADFC02E000BFBEE600BFBCE604130020E5
:10158000000C02400113002080B594B000AF07F1B9
:10159000200330220021184606F0B4FC07F10C03AA
:1015A00000221A605A609A60DA601A610023BB60F8
:1015B000294B1B6C284A43F080531364264B1B6C49
:1015C00003F08053BB60BB6800237B60234B1B6828
:1015D00023F44043214A43F4004313601F4B1B682C
:1015E00003F440437B607B6802233B620123FB6280
:1015F00010233B630223BB630023FB6310233B6484
:101600004FF4A8737B640423BB640723FB6407F1D6
:101610002003184603F000FB0346002B01D000F026
:101620000BFA0F23FB6002233B6100237B614FF425
:101630008053BB610023FB6107F10C0302211846B4
:1016400003F062FD0346002B01D000F0F5F900BF66
:101650005037BD4680BD00BF0038024000700040DA
:1016600080B500AF124B134A1A60114B124A5A60F0
:101670000F4B00229A600E4B0022DA600C4B4FF4A5
:1016800080421A610A4B00225A61094B00229A617A
:10169000074B0022DA61064B00221A62044802F06E
:1016A0006FFC0346002B01D000F0C6F900BF80BDDF
:1016B000E0100020005C0040801A060080B500AFFA
:1016C000174B184A1A60164B4FF482725A60144B2B
:1016D00000229A60124B0022DA60114B00221A613C
:1016E0000F4B00225A610E4B4FF400729A610C4B63
:1016F0001822DA610A4B00221A62094B00225A6250
:10170000074B00229A62064B0A22DA62044803F071
:101710001BFF0346002B01D000F08EF900BF80BDF7
:10172000341100200030014080B586B000AF07F1D1
:10173000080300221A605A609A60DA603B46002271
:101740001A605A601D4B1E4A1A601C4B40F29F22C1
:101750005A601A4B00229A60184B4FF22342DA600B
:10176000164B00221A61154B00229A61134804F0AF
:10177000BDFC0346002B01D000F05EF94FF480530E
:10178000BB6007F1080319460C4804F051FE0346FC
:10179000002B01D000F050F900233B6000237B6058
:1017A0003B461946054805F053F80346002B01D087
:1017B00000F042F900BF1837BD4680BD8C110020F3
:1017C0000004004080B500AF114B124A1A60104B64
:1017D0004FF4E1325A600E4B00229A600C4B00220B
:1017E000DA600B4B00221A61094B0C225A61084B3C
:1017F00000229A61064B0022DA61054805F0AAF83A
:101800000346002B01D000F017F900BF80BD00BFD8
:10181000D41100200014014080B58AB000AF07F158
:10182000140300221A605A609A60DA601A61002379
:101830003B61474B1B6B464A43F080031363444BA9
:101840001B6B03F080033B613B690023FB60404B53
:101850001B6B3F4A43F0010313633D4B1B6B03F0CB
:101860000103FB60FB680023BB60394B1B6B384AEC
:1018700043F004031363364B1B6B03F00403BB609C
:10188000BB6800237B60324B1B6B314A43F008037B
:1018900013632F4B1B6B03F008037B607B680023F3
:1018A0003B602B4B1B6B2A4A43F002031363284B0C
:1018B0001B6B03F002033B603B6800224FF4C051F6
:1018C000244802F029FB00220421234802F024FBD3
:1018D00000224021214802F01FFB02237B610023EC
:1018E000BB610123FB6107F114031946194802F09B
:1018F00077F94FF4C0537B610123BB610023FB6187
:1019000000233B6207F114031946124802F068F9FC
:1019100004237B610123BB610023FB6100233B6245
:1019200007F1140319460C4802F05AF940237B6171
:101930000123BB610023FB6100233B6207F1140319
:101940001946064802F04CF900BF2837BD4680BD55
:101950000038024000000240000C02400004024037
:1019600080B582B000AF78600B467B807B681B68D7
:101970000B4A93420FD17B88DAB20A4B1A700A4B9A
:1019800001221A7032220949094805F033F804216E
:10199000084802F0DAFA00BF0837BD4680BD00BF34
:1019A0000014014000130020011300209C120020AD
:1019B000D4110020000C024080B582B000AF7860E6
:1019C000184B1B780133DAB2164B1A70154B1B7883
:1019D000062B02D9144B01221A70144B1B78002BD2
:1019E00005D0134B1B780133DAB2114B1A70104B30
:1019F0001B78012B11D90E4B00221A700B4B0022C1
:101A00001A7000224FF480510A4802F085FA002231
:101A10004FF40061074802F07FFA00BF0837BD4667
:101A200080BD00BF8113002082130020831300209B
:101A3000801300200000024080B400AF72B600BFE7
:101A400000BFFDE780B487B000AF78607B68FB60C3
:101A500000237B6100233B610AE0FA683B69134481
:101A60001B781A467B6913447B613B6901333B61F8
:101A70003B69162BF1D97B6918461C37BD465DF8CA
:101A8000047B704790B585B000AF7860104BFB6069
:101A9000FB681B680F4A934201D0002313E0FB68E8
:101AA000DC69FB6804331846FFF7CCFF03469C4211
:101AB00001D0002307E0FB68043317221946786839
:101AC00006F0E3FA012318461437BD4690BD00BF67
:101AD00000000608E1D9C3A52DE9B04392B000AFDC
:101AE0007860284B3B627B6807F124041D46286818
:101AF0006968AA68EB680FC428692060AB8AAA7D70
:101B0000A3801346A3717868FFF79CFF0346FB632D
:101B100001F0D4FD0023BB600023FB6007237B6141
:101B20000123BB610223FB6107F1080207F10C03EB
:101B30001146184601F034FF07F120033B640023EF
:101B40007B6414E07B6C03F1006101F5C0213A6C09
:101B50007B6C13441B78DBB20022984691464246C8
:101B60004B46002001F058FD7B6C01337B647B6C9D
:101B70001F2BE7D901F0C4FD00BF4837BD46BDE8C3
:101B8000B08300BFE1D9C3A590B589B000AF0446CA
:101B9000084611461A462346FB710346BB710B46A5
:101BA000BB801346FB700023FB83FB79072B02D914
:101BB0004FF0FF330DE1BB7903F00F03013B0D2B19
:101BC0002CD801A252F823F0011C0008231C0008A5
:101BD000231C0008231C00081D1C00081D1C0008F5
:101BE0001D1C00081D1C00081D1C0008231C0008EB
:101BF000231C00081D1C00081D1C0008231C0008D5
:101C000007F10803042219464FF4706000F0A4FEA7
:101C1000BB68002B07D16FF00203DAE06FF004031A
:101C2000D7E000BF00E000BFFB7803F00403002B07
:101C300002D06FF00503CCE0FB78002B28D0BB79F5
:101C4000012B02D0022B08D022E0FB7803F0210305
:101C5000002B1AD16FF00503BBE0FB7803F02003E3
:101C6000002B06D097F90330002B02DB6FF0050341
:101C7000AFE0FB7803F01003002B08D097F9033096
:101C8000002B04DB6FF00503A3E000BF00E000BF02
:101C9000FB79184600F0ACF8FB799B000133D800C3
:101CA00097F9033023F00F035AB297F90630134324
:101CB0005BB2DBB2194600F001FEBB88002B10D1ED
:101CC000464B1B885A1C91B2444A1180BB80434B3F
:101CD0001B884FF6F072934203D1404B4FF44042C1
:101CE0001A80FB799B000133DB0003F580631A4601
:101CF000BB881B0A9BB2DBB21946104600F0DEFD22
:101D0000FB799B000133DB0003F5A0631A46BB8817
:101D1000DBB21946104600F0D1FDFB799B00013380
:101D2000DB0003F580730121184600F0C7FD00BFFA
:101D3000FB799B000133DB0003F58073184600F04C
:101D400071FD0346002BF3D1FB79012202FA03F364
:101D50001BB2DB431AB2224B1B881BB213401BB2CF
:101D60009AB21F4B1A80FB7803F00102FB7902FA4A
:101D700003F31AB21A4B1B881BB213431BB29AB25D
:101D8000174B1A80FB79012202FA03F31BB2DB43E3
:101D90001AB2144B1B881BB213401BB29AB2114BE0
:101DA0001A80FB79104A002122F81310FB790F4AA0
:101DB0000021D15400BFFB799B000133DB0003F508
:101DC0004073184600F02EFD0346002BF3D097F920
:101DD000073018462437BD4690BD00BF08000020DC
:101DE00084130020861300208813002098130020FD
:101DF00080B582B000AF0346FB71FB79072B02D997
:101E00004FF0FF3355E0FB799B000133DB0003F516
:101E100080731021184600F051FD00BFFB799B0034
:101E20000133DB0003F58073184600F0FBFC03462A
:101E3000002BF3D1FB799B000133DB0003F500732A
:101E40001F21184600F03AFDFB79012202FA03F344
:101E50001BB2DB431AB2194B1B881BB213401BB2D7
:101E60009AB2164B1A80FB79012202FA03F31BB2D5
:101E7000DB431AB2124B1B881BB213401BB29AB23F
:101E80000F4B1A80FB790F4A002122F81310FB79BF
:101E90000D4A0021D15400BFFB799B000133DB00C8
:101EA00003F54073184600F0BDFC0346002BF3D148
:101EB000012318460837BD4680BD00BF84130020AB
:101EC00086130020881300209813002080B582B06C
:101ED00000AF0346FB71FB79072B02D94FF0FF33AC
:101EE00049E0FB799B000133DB00184600F09AFCC7
:101EF000034603F00303012B02D06FF004033AE022
:101F0000FB799B000133DB0003F54073184600F0BA
:101F100089FC0346132B02D06FF002032BE0FB7900
:101F20009B000133DB0003F580730221184600F0AB
:101F3000C5FC00BFFB799B000133DB0003F5807318
:101F4000184600F06FFC0346002BF3D106E0FB7946
:101F50001846FFF74DFF6FF003030CE0FB799B0081
:101F60000133DB0003F54073184600F05BFC0346C9
:101F7000142BECD1012318460837BD4680BD000064
:101F800080B584B000AF03463960FB711346BB8057
:101F90000023FB730023BB81FB79072B02D94FF091
:101FA000FF3338E1FB799B000133DB00184600F07A
:101FB00039FC034603F00F03012B02D06FF004033A
:101FC00029E1BB88002B02D16FF00D0323E1FB79DF
:101FD0009B000133DB0003F54073184600F022FC40
:101FE0000346FB73FB7B172B05D0FB7B1C2B02D01E
:101FF0006FF006030FE18A4B1B881A46FB7942FA01
:1020000003F303F00103002B39D0FB799B0001336C
:10201000DB0003F50073184600F004FC034603F0F0
:102020001F03FB73FB7B03F01003002B19D0FB791C
:102030009B000133DB0003F500731021184600F00C
:102040003DFCFB79012202FA03F31BB2DB431AB217
:10205000734B1B881BB213401BB29AB2704B1A8091
:102060000DE0FB7B03F00803002B06D0FB7918463C
:10207000FFF7BEFE6FF00C03CDE00023CBE0FB7951
:102080009B000133DB0003F5F853184600F0CAFB50
:1020900003469B02BB81BA88BB899A4201D9BB899E
:1020A000BB80FB79184600F017FD0346BB81FB7926
:1020B0009B000133DB0003F54073184600F0B2FBD0
:1020C0000346FB73FB7B172B0CD0FB7B1C2B09D02F
:1020D000FB7B002B03D1FB791846FFF789FE6FF0DD
:1020E000060398E04F4B1B881A46FB7942FA03F32C
:1020F00003F00103002B05D0BA88BB899A4201D9AD
:10210000002388E0BA88BB899A4200D9C9E700BF9A
:10211000BA88FB793968184600F070FD404B1B887F
:102120001A46FB7942FA03F303F00103002B4DD06A
:1021300034E0FB799B000133DB0003F54073184664
:1021400000F070FB0346FB73FB7B172B1AD0FB7B65
:102150001C2B17D0FB7B002B0DD0FB799B00013390
:10216000DB0003F50073184600F05CFB034603F048
:102170000803002B03D0FB791846FFF739FE6FF0F8
:10218000060348E0274B1B881A46FB7942FA03F303
:1021900003F00103002B01D000233CE0FB799B00FE
:1021A0000133DB0003F50073184600F03BFB0346E8
:1021B00003F01003002BBCD0FB799B000133DB0044
:1021C00003F500731021184600F078FBFB799B00A3
:1021D0000133DB0003F580732021184600F06EFB0D
:1021E00000BFFB799B000133DB0003F580731846C9
:1021F00000F018FB0346002BF3D1FB79012202FA11
:1022000003F31AB2064B1B881BB213431BB29AB2DC
:10221000034B1A80BB8818461037BD4680BD00BFEF
:10222000861300208413002090B585B000AF0346CC
:102230003960FB711346BB800023FB730023BB8115
:10224000FB79072B02D94FF0FF3398E0FB799B0015
:102250000133DB00184600F0E5FA034603F00F03F4
:10226000012B02D06FF0040389E0BB88002B02D160
:102270006FF00D0383E0FB799B000133DB0003F576
:10228000F053184600F0CEFA03469B02BB81BA8990
:10229000BB889A4201D2BB89BB80FB79184600F00B
:1022A00064FC0346BB81FB799B000133DB0003F533
:1022B0004073184600F0B6FA0346FB73FB7B172BFE
:1022C00026D0FB7B1C2B1CD1BB89002B30D1FB798A
:1022D000184600F001FC03461C46FB799B000133C5
:1022E000DB0003F5F853184600F09CFA03469B0206
:1022F0009C420DD1FB791846FFF77AFD6FF006037B
:102300003DE0FB791846FFF773FD6FF0060336E0FA
:102310001D4B1B881A46FB7942FA03F303F00103B5
:10232000002B01D000232AE0BB89002B02D1B4E7A7
:1023300000BF00E000BFBA89BB889A4201D2BB89C6
:10234000BB80BA88FB793968184600F0B1FCFB798C
:102350009B000133DB0003F580734021184600F039
:10236000ADFA00BFFB799B000133DB0003F58073FE
:10237000184600F057FA0346002BF3D1BB881846E5
:102380001437BD4690BD00BF8413002080B483B0D5
:1023900000AF00237B60104B5B6C0F4A43F480431B
:1023A00053640D4B5B6C03F480437B607B680023BC
:1023B0003B60094B1B6C084A43F080531364064B87
:1023C0001B6C03F080533B603B6800BF0C37BD467D
:1023D0005DF8047B704700BF0038024080B58AB0CA
:1023E00000AF786007F1140300221A605A609A6007
:1023F000DA601A617B681B68294A93424BD100233B
:102400003B61284B1B6B274A43F004031363254BA6
:102410001B6B03F004033B613B690023FB60214B12
:102420001B6B204A43F0010313631E4B1B6B03F02D
:102430000103FB60FB684FF400737B611223BB61F7
:102440000123FB6103233B6204237B6207F1140336
:102450001946154801F0C4FB4FF480737B611223C9
:10246000BB610123FB6103233B6204237B6207F111
:10247000140319460D4801F0B3FB0023BB60094B60
:102480001B6C084A43F400031364064B1B6C03F4F3
:102490000003BB60BB6800BF2837BD4680BD00BFDE
:1024A000005C00400038024000080240000002408A
:1024B00080B58AB000AF786007F1140300221A607B
:1024C0005A609A60DA601A617B681B68194A934205
:1024D0002BD100233B61184B5B6C174A43F48053AC
:1024E0005364154B5B6C03F480533B613B690023E1
:1024F000FB60114B1B6B104A43F0020313630E4B3E
:102500001B6B03F00203FB60FB6838237B61022333
:10251000BB610023FB6103233B6205237B6207F160
:1025200014031946054801F05BFB00BF2837BD4680
:1025300080BD00BF0030014000380240000402406E
:1025400080B584B000AF78607B681B680E4A934208
:1025500015D10023FB600D4B1B6C0C4A43F00203AA
:1025600013640A4B1B6C03F00203FB60FB68002240
:1025700000211D2000F087FF1D2000F0A0FF00BFFC
:102580001037BD4680BD00BF000400400038024047
:1025900080B58AB000AF786007F1140300221A609A
:1025A0005A609A60DA601A617B681B681D4A934220
:1025B00033D100233B611C4B5B6C1B4A43F020036F
:1025C0005364194B5B6C03F020033B613B690023B0
:1025D000FB60154B1B6B144A43F004031363124B4F
:1025E0001B6B03F00403FB60FB68C0237B610223C9
:1025F000BB610023FB6103233B6208237B6207F17D
:1026000014031946094801F0EBFA00220021472083
:1026100000F039FF472000F052FF00BF2837BD46C9
:1026200080BD00BF00140140003802400008024095
:1026300080B400AF00BFFDE780B400AF00BFFDE78E
:1026400080B400AF00BFFDE780B400AF00BFFDE77E
:1026500080B400AF00BFFDE780B400AF00BFBD464F
:102660005DF8047B704780B400AF00BFBD465DF8E5
:10267000047B704780B400AF00BFBD465DF8047BAB
:10268000704780B500AF00F0DFFD00BF80BD0000E7
:1026900080B500AF024803F0DBFD00BF80BD00BF86
:1026A0008C11002080B500AF024804F001FA00BF91
:1026B00080BD00BFD411002080B586B000AFF860A7
:1026C000B9607A6000237B610AE0AFF300800146C5
:1026D000BB685A1CBA60CAB21A707B6901337B614D
:1026E0007A697B689A42F0DB7B6818461837BD46EA
:1026F00080BD80B586B000AFF860B9607A60002315
:102700007B6109E0BB685A1CBA601B781846AFF3BE
:1027100000807B6901337B617A697B689A42F1DBD7
:102720007B6818461837BD4680BD80B483B000AFC3
:1027300078604FF0FF3318460C37BD465DF8047BD8
:10274000704780B483B000AF786039603B684FF465
:1027500000525A60002318460C37BD465DF8047BD2
:10276000704780B483B000AF7860012318460C37FF
:10277000BD465DF8047B704780B485B000AFF8605B
:10278000B9607A60002318461437BD465DF8047BB3
:102790007047000080B586B000AF7860144A154BD2
:1027A000D31A7B617B693B61134B1B68002B02D101
:1027B000114B124A1A60104B1A687B6813443A692D
:1027C0009A4207D205F034FC03460C221A604FF0FF
:1027D000FF3309E0084B1B68FB60074B1A687B68F6
:1027E0001344054A1360FB6818461837BD4680BD80
:1027F0000080012000040000A0130020001500202C
:1028000080B400AF064BD3F88830054A43F4700318
:10281000C2F8883000BFBD465DF8047B704700BF3A
:1028200000ED00E080B584B000AF7860224BDB683B
:102830009847214B5B6998471F4B5B6A002B03D07D
:102840001D4B9B6A002B14D11B4B1B6A7A68120C20
:10285000D2B210469847184B1B6A7A68120AD2B255
:1028600010469847144B1B6A7A68D2B210469847B4
:1028700011E07B681B0CDBB23B737B681B0ADBB28D
:102880007B737B68DBB2BB730B4B9B6A07F10C025B
:10289000032110469847084BDB6998470346FB73B2
:1028A000054B9B699847044B1B699847FB7B18466F
:1028B0001037BD4680BD00BF1000002080B584B039
:1028C00000AF78600B46FB70224BDB689847214BCA
:1028D0005B6998477B6843F004037B601D4B9B6AF0
:1028E000002B19D11B4B1B6A7A68120CD2B210460E
:1028F0009847184B1B6A7A68120AD2B2104698475A
:10290000144B1B6A7A68D2B210469847114B1B6A67
:10291000FA781046984713E07B681B0CDBB23B73D8
:102920007B681B0ADBB27B737B68DBB2BB73FB7813
:10293000FB73084B9B6A07F10C0204211046984771
:10294000044B9B699847034B1B69984700BF10379E
:10295000BD4680BD1000002090B587B000AFF86084
:10296000B9601346FB802B4BDB689847294B5B69AA
:102970009847284B5B6A002B03D0264B9B6A002BA1
:1029800026D1244B1B6AFA68120CD2B21046984723
:10299000204B1B6AFA68120AD2B2104698471D4BA8
:1029A0001B6AFA68D2B2104698470023FB820AE0FD
:1029B000184BDB69FA8AB9688C189847034623706C
:1029C000FB8A0133FB82FA8AFB889A42F0D317E034
:1029D000FB681B0CDBB23B74FB681B0ADBB27B742D
:1029E000FB68DBB2BB740B4B9B6A07F1100203213F
:1029F00010469847074B5B6AFA881146B8689847B3
:102A0000044B9B699847034B1B69984700BF1C37D1
:102A1000BD4690BD1000002080B586B000AFF860C4
:102A2000B9601346FB802B4BDB689847294B5B69E9
:102A30009847FB6843F00403FB60264B9B6A002B1E
:102A400026D1244B1B6AFA68120CD2B21046984762
:102A5000204B1B6AFA68120AD2B2104698471D4BE7
:102A60001B6AFA68D2B2104698470023FB820AE03C
:102A7000184B1B6AFA8AB9680A44127810469847BC
:102A8000FB8A0133FB82FA8AFB889A42F0D317E073
:102A9000FB681B0CDBB23B74FB681B0ADBB27B746C
:102AA000FB68DBB2BB740B4B9B6A07F1100203217E
:102AB00010469847074B9B6AFA881146B8689847B2
:102AC000044B9B699847034B1B69984700BF183715
:102AD000BD4680BD1000002090B585B000AF034614
:102AE000FB710023FB810023BB81FB799B00013339
:102AF000DB0003F500531846FFF794FE0346BB8145
:102B0000BB891B029CB2FB799B000133DB0003F500
:102B100004531846FFF786FE03462344BB81BB8956
:102B2000002B19D0FB799B000133DB0003F5005328
:102B30001846FFF777FE0346FB81FB891B029CB218
:102B4000FB799B000133DB0003F504531846FFF7C4
:102B500069FE03462344FB81FA89BB899A42C4D1AA
:102B6000FB8918461437BD4690BD90B585B000AFBF
:102B70000346FB710023FB810023BB81FB799B0093
:102B80000133DB0003F518531846FFF74BFE0346ED
:102B9000BB81BB891B029CB2FB799B000133DB002C
:102BA00003F51C531846FFF73DFE03462344BB8143
:102BB000BB89002B19D0FB799B000133DB0003F5A7
:102BC00018531846FFF72EFE0346FB81FB891B02B4
:102BD0009CB2FB799B000133DB0003F51C531846C4
:102BE000FFF720FE03462344FB81FA89BB899A4202
:102BF000C4D1FB8918461437BD4690BD90B585B049
:102C000000AF03463960FB711346BB800023FB8194
:102C10000023BB60BB88002B46D0FB799B000133AF
:102C2000DB0003F510531846FFF7FCFD03461B02BB
:102C30009CB2FB799B000133DB0003F5145318466B
:102C4000FFF7F0FD03462344FB81FB891A02FB7961
:102C50009B000233DB001344BB60BB881A46396813
:102C6000B868FFF7D9FEFA89BB881344FB81FB796A
:102C70009B000133DB0003F510531A46FB891B0A46
:102C80009BB2DBB219461046FFF718FEFB799B009A
:102C90000133DB0003F514531A46FB89DBB21946F6
:102CA0001046FFF70BFE00E000BF1437BD4690BD95
:102CB00090B585B000AF03463960FB711346BB8009
:102CC0000023FB810023BB60BB88002B46D0FB792F
:102CD0009B000133DB0003F520531846FFF7A2FDEC
:102CE00003461B029CB2FB799B000133DB0003F51A
:102CF00024531846FFF796FD03462344FB81FB89C6
:102D00001A02FB799B000333DB001344BB60BB88D2
:102D10001A463968B868FFF71FFEFA89BB88134462
:102D2000FB81FB799B000133DB0003F520531A463E
:102D3000FB891B0A9BB2DBB219461046FFF7BEFDAA
:102D4000FB799B000133DB0003F524531A46FB8912
:102D5000DBB219461046FFF7B1FD00E000BF1437A3
:102D6000BD4690BD80B400AF00BFBD465DF8047B9A
:102D7000704780B400AF00BFBD465DF8047B70476C
:102D800080B400AF00BFBD465DF8047B704780B4DF
:102D900000AF00BFBD465DF8047B704780B483B0D0
:102DA00000AF78607B681B78DBB218460C37BD46F5
:102DB0005DF8047B704780B483B000AF78600B4649
:102DC000FB707B68FA781A7000BF0C37BD465DF85F
:102DD000047B704780B400AF00231846BD465DF801
:102DE000047B704780B483B000AF0346FB7100BF23
:102DF0000C37BD465DF8047B7047000080B483B09B
:102E000000AF786039607B68002B02D03B68002BF4
:102E100006D10A4B0A4A5A61084B0A4A9A6106E0EF
:102E2000064A7B685361054A3B68936100BF00BF57
:102E30000C37BD465DF8047B704700BF10000020D2
:102E4000812D00088F2D000880B483B000AF78601A
:102E5000396000BF0F4B1B8803F40073002BF9D0BF
:102E60007B68002B02D03B68002B06D1094B0A4A35
:102E7000DA61084B094A1A6206E0064A7B68D361A8
:102E8000044A3B68136200BF00BF0C37BD465DF8C3
:102E9000047B704710000020D52D0008E52D0008A8
:102EA00080B586B000AF3B1D062219464FF4106076
:102EB000FFF752FD07F11403042219464FF4807006
:102EC000FFF74AFD07F11003042219464FF4A060F2
:102ED000FFF742FD07F10C03042219464FF470601E
:102EE000FFF73AFD80210020FFF7E8FC0020FFF704
:102EF00099FC3B1D062219464FF41060FFF78CFD2C
:102F000007F11403042219464FF48070FFF784FD83
:102F100007F11003042219464FF4A060FFF77CFD6F
:102F200007F10C03042219464FF47060FFF774FD9B
:102F300000BF1837BD4680BD80B584B000AF786053
:102F400039600023BB73FFF7ABFF7B68002B3BD0DE
:102F50000023BB730023FB7315E097F90F307A68E9
:102F600013441A78BB7B1344DBB2BB7397F90E3062
:102F7000102B02DD4FF0FF3366E097F90F30DBB224
:102F80000133DBB2FB7397F90F30072BE5DD00232C
:102F9000FB7315E097F90F309B000133DB0003F55D
:102FA000F853184697F90F307A6813441B7819467E
:102FB000FFF784FC97F90F30DBB20133DBB2FB7310
:102FC00097F90F30072BE5DD3B68002B3BD0002342
:102FD000BB730023FB7315E097F90F303A68134475
:102FE0001A78BB7B1344DBB2BB7397F90E30102BFE
:102FF00002DD4FF0FF3327E097F90F30DBB20133EA
:10300000DBB2FB7397F90F30072BE5DD0023FB7371
:1030100015E097F90F309B000133DB0003F5F05307
:10302000184697F90F303A6813441B781946FFF792
:1030300045FC97F90F30DBB20133DBB2FB7397F934
:103040000F30072BE5DD002318461037BD4680BD45
:1030500080B582B000AF78607B68062219464FF4D5
:103060001060FFF7D9FC7B680E33042219464FF439
:103070008070FFF7D1FC7B680A33042219464FF4B5
:10308000A060FFF7C9FC7B680633042219464FF4A1
:103090007060FFF7C1FC7B689A7C0B4B1A707B68F1
:1030A000DA7C094B5A707B681A7D074B9A707B68F3
:1030B0005A7D054BDA707B689A7D044B1A7000BF0D
:1030C0000837BD4680BD00BFA4130020A813002010
:1030D00080B582B000AF78607B68062219464FF455
:1030E0001060FFF739FC7B680E33042219464FF459
:1030F0008070FFF731FC7B680A33042219464FF4D5
:10310000A060FFF729FC7B680633042219464FF4C0
:103110007060FFF721FC0C4B1A787B689A740A4B9D
:103120005A787B68DA74084B9A787B681A75064B74
:10313000DA787B685A75054B1A787B689A7500BFF8
:103140000837BD4680BD00BFA4130020A81300208F
:10315000DFF834D0FFF754FB0C480D490D4A00232B
:1031600002E0D458C4500433C4188C42F9D30A4A3C
:103170000A4C002301E013600432A242FBD304F0A6
:103180005DFFFDF7FDFF704700800120000000207B
:10319000C0000020B8A80008C0000020FC140020D7
:1031A000FEE7000080B500AF0E4B1B680D4A43F4EC
:1031B000007313600B4B1B680A4A43F4806313606F
:1031C000084B1B68074A43F480731360032000F028
:1031D0004FF9002000F008F8FFF7D8F80023184650
:1031E00080BD00BF003C024080B582B000AF786077
:1031F000124B1A68124B1B7819464FF47A73B3FBC3
:10320000F1F3B2FBF3F3184600F067F90346002B25
:1032100001D001230EE07B680F2B0AD800227968C9
:103220004FF0FF3000F02FF9064A7B68136000234F
:1032300000E0012318460837BD4680BD0C00002081
:10324000400000203C00002080B400AF064B1B78FB
:103250001A46064B1B681344044A136000BFBD4660
:103260005DF8047B704700BF40000020AC130020D5
:1032700080B400AF034B1B681846BD465DF8047B65
:10328000704700BFAC13002080B584B000AF7860F9
:10329000FFF7EEFFB8607B68FB60FB68B3F1FF3FB0
:1032A00005D00A4B1B781A46FB681344FB6000BF2D
:1032B000FFF7DEFF0246BB68D31AFA689A42F7D8D6
:1032C00000BF00BF1037BD4680BD00BF40000020DA
:1032D00080B485B000AF78607B6803F00703FB60C3
:1032E0000C4BDB68BB60BA684FF6FF031340BB6052
:1032F000FB681A02BB68134343F0BF6343F4003317
:10330000BB60044ABB68D36000BF1437BD465DF89C
:10331000047B704700ED00E080B400AF044BDB6835
:103320001B0A03F007031846BD465DF8047B70478F
:1033300000ED00E080B483B000AF0346FB7197F965
:103340000730002B0BDBFB7903F01F02074997F9CD
:1033500007305B09012000FA02F241F8232000BF88
:103360000C37BD465DF8047B704700BF00E100E00C
:1033700080B483B000AF03463960FB7197F9073022
:10338000002B0ADB3B68DAB20C4997F907301201CF
:10339000D2B20B4483F800230AE03B68DAB2084952
:1033A000FB7903F00F03043B1201D2B20B441A76EF
:1033B00000BF0C37BD465DF8047B704700E100E0BC
:1033C00000ED00E080B489B000AFF860B9607A60C9
:1033D000FB6803F00703FB61FB69C3F10703042BE0
:1033E00028BF0423BB61FB690433062B02D9FB69A8
:1033F000033B00E000237B614FF0FF32BB6902FA20
:1034000003F3DA43BB681A407B699A404FF0FF31FF
:103410007B6901FA03F3D9437B680B4013431846D9
:103420002437BD465DF8047B7047000080B582B04C
:1034300000AF78607B68013BB3F1807F01D301234B
:103440000FE00A4A7B68013B53600F214FF0FF30C9
:10345000FFF78EFF054B00229A60044B07221A608B
:10346000002318460837BD4680BD00BF10E000E0CD
:1034700080B582B000AF78607868FFF729FF00BFA1
:103480000837BD4680BD80B586B000AF0346B96041
:103490007A60FB7300237B61FFF73EFF78617A68F7
:1034A000B9687869FFF78EFF024697F90F30114629
:1034B0001846FFF75DFF00BF1837BD4680BD80B5D9
:1034C00082B000AF0346FB7197F907301846FFF74B
:1034D00031FF00BF0837BD4680BD80B582B000AF68
:1034E00078607868FFF7A2FF034618460837BD46A4
:1034F00080BD80B584B000AF78607B689B6DFB6059
:10350000FFF7B6FEB8607B6893F83530DBB2022B6C
:1035100008D07B6880225A657B68002283F83420BB
:10352000012352E07B681B681A687B681B6822F0E5
:1035300016021A607B681B685A697B681B6822F058
:1035400080025A617B681B6C002B03D17B689B6CEB
:10355000002B07D07B681B681A687B681B6822F009
:1035600008021A607B681B681A687B681B6822F077
:1035700001021A6013E0FFF77BFE0246BB68D31A14
:10358000052B0CD97B6820225A657B68032283F8BF
:1035900035207B68002283F83420032315E07B6804
:1035A0001B681B6803F00103002BE4D17B68DB6D13
:1035B0003F229A40FB689A607B68012283F835209D
:1035C0007B68002283F83420002318461037BD465C
:1035D00080BD80B483B000AF78607B6893F83530ED
:1035E000DBB2022B04D07B6880225A6501230CE0F9
:1035F0007B68052283F835207B681B681A687B6826
:103600001B6822F001021A60002318460C37BD46E1
:103610005DF8047B7047000080B586B000AFF860AD
:10362000B960C7E90023234B1B7E012B01D1022384
:103630003BE0204B01221A764CF2503000F070F83B
:103640000346FB75FB7D002B2BD1FB68002B05D1BE
:103650003B781946B86800F01BF916E0FB68012BAF
:1036600005D13B881946B86800F0EEF80DE0FB681C
:10367000022B05D13B681946B86800F0C3F804E096
:10368000D7E90023B86800F08BF84CF2503000F016
:1036900047F80346FB75084B1B69074A23F00103F3
:1036A0001361044B00221A76FB7D18461837BD467D
:1036B00080BD00BF44000020003C024080B483B0C5
:1036C00000AF0023FB710B4B1B69002B0BDA094B7E
:1036D000094A5A60074B094A5A60064B1B69002B7E
:1036E00001DA0123FB71FB7918460C37BD465DF802
:1036F000047B7047003C024023016745AB89EFCD56
:1037000080B400AF054B1B69044A43F000431361CA
:1037100000231846BD465DF8047B7047003C02401C
:1037200080B584B000AF78600023FB601A4B0022A4
:10373000DA61FFF79DFDF86010E07B68B3F1FF3FB1
:103740000CD07B68002B07D0FFF792FD0246FB6888
:10375000D31A7A689A4201D2032319E00F4BDB682F
:1037600003F48033002BE8D10C4BDB6803F001033A
:10377000002B02D0094B0122DA60084BDB6803F40E
:10378000F973002B03D000F0A5F8012300E000231B
:1037900018461037BD4680BD44000020003C024062
:1037A00080B485B000AFF860C7E90023144B1B69F3
:1037B000134A23F440731361114B1B69104A43F4FD
:1037C000407313610E4B1B690D4A43F001031361F3
:1037D000FB683A681A60BFF36F8F00BFD7E900013A
:1037E0004FF000024FF000030A000023F968043193
:1037F00013460B6000BF1437BD465DF8047B70476D
:10380000003C024080B483B000AF786039600D4B5B
:103810001B690C4A23F4407313610A4B1B69094A64
:1038200043F400731361074B1B69064A43F001031D
:1038300013617B683A681A6000BF0C37BD465DF8BB
:10384000047B7047003C024080B483B000AF7860D6
:103850000B467B800D4B1B690C4A23F440731361AC
:103860000A4B1B69094A43F480731361074B1B69B8
:10387000064A43F0010313617B687A881A8000BF0F
:103880000C37BD465DF8047B704700BF003C02402A
:1038900080B483B000AF78600B46FB700C4B1B69A3
:1038A0000B4A23F440731361094B094A1B691361E6
:1038B000074B1B69064A43F0010313617B68FA78E2
:1038C0001A7000BF0C37BD465DF8047B704700BF1F
:1038D000003C024080B400AF2F4BDB6803F01003C4
:1038E000002B08D02D4BDB6943F010032B4AD3612A
:1038F000294B1022DA60284BDB6803F02003002BF1
:1039000008D0264BDB6943F00803244AD361224BDD
:103910002022DA60204BDB6803F04003002B08D044
:103920001E4BDB6943F004031C4AD3611A4B40224F
:10393000DA60194BDB6803F08003002B08D0174BCB
:10394000DB6943F00203154AD361134B8022DA602E
:10395000114BDB6803F48073002B09D00F4BDB693C
:1039600043F001030D4AD3610B4B4FF48072DA60D0
:10397000094BDB6803F00203002B08D0074BDB691F
:1039800043F02003054AD361034B0222DA6000BFF3
:10399000BD465DF8047B7047003C024044000020B7
:1039A00080B584B000AF786039600023BB60314BD4
:1039B0001B7E012B01D1022358E02E4B01221A76E7
:1039C0004CF25030FFF7ACFE0346FB73FB7B002B41
:1039D00048D13B684FF0FF321A607B681B68012BAF
:1039E00015D17B681B69DAB27B685B6819461046A3
:1039F00000F044F84CF25030FFF792FE0346FB73A0
:103A00001D4B1B691C4A23F00403136128E07B68EB
:103A10009B68BB601CE07B681B69DBB21946B86819
:103A200000F050F84CF25030FFF77AFE0346FB737B
:103A3000114B1B69104A23F0FA031361FB7B002B27
:103A400003D03B68BA681A600AE0BB680133BB6008
:103A50007B68DA687B689B681344BA689A42DAD359
:103A600000F078F8034B00221A76FB7B18461037DB
:103A7000BD4680BD44000020003C024080B483B0BD
:103A800000AF03463960FB710D4B1B690C4A23F4F0
:103A9000407313610A4B1B69094A43F00403136125
:103AA000074B1A69FB791B021343054A43F4803321
:103AB000136100BF0C37BD465DF8047B704700BF43
:103AC000003C024080B485B000AF78600B46FB70CC
:103AD0000023FB60FB78002B02D10023FB6010E089
:103AE000FB78012B03D14FF48073FB6009E0FB7876
:103AF000022B03D14FF40073FB6002E04FF44073DC
:103B0000FB60134B1B69124A23F440731361104B83
:103B10001A690F49FB6813430B610D4B1B690C4A73
:103B200023F0F80313610A4B1A697B68DB00134327
:103B3000074A43F002031361054B1B69044A43F42F
:103B40008033136100BF1437BD465DF8047B7047B6
:103B5000003C024080B400AF204B1B6803F40073AC
:103B6000002B17D01D4B1B681C4A23F400731360F5
:103B70001A4B1B68194A43F400631360174B1B6808
:103B8000164A23F400631360144B1B68134A43F472
:103B900000731360114B1B6803F48063002B17D074
:103BA0000E4B1B680D4A23F4806313600B4B1B689C
:103BB0000A4A43F480531360084B1B68074A23F4F6
:103BC00080531360054B1B68044A43F48063136001
:103BD00000BFBD465DF8047B704700BF003C02405B
:103BE00080B489B000AF7860396000237B61002326
:103BF0003B610023BB610023FB6159E10122FB69AA
:103C000002FA03F37B613B681B687A6913403B61EE
:103C10003A697B699A4240F048813B685B6803F0EF
:103C20000303012B05D03B685B6803F00303022B01
:103C300030D17B689B68BB61FB695B00032202FAA1
:103C400003F3DB43BA691340BB613B68DA68FB6985
:103C50005B0002FA03F3BA691343BB617B68BA697C
:103C60009A607B685B68BB610122FB6902FA03F31F
:103C7000DB43BA691340BB613B685B681B0903F017
:103C80000102FB6902FA03F3BA691343BB617B6863
:103C9000BA695A603B685B6803F00303032B17D0D3
:103CA0007B68DB68BB61FB695B00032202FA03F3FC
:103CB000DB43BA691340BB613B689A68FB695B00F0
:103CC00002FA03F3BA691343BB617B68BA69DA602D
:103CD0003B685B6803F00303022B23D1FB69DA081E
:103CE0007B68083253F82230BB61FB6903F007039D
:103CF0009B000F2202FA03F3DB43BA691340BB6156
:103D00003B681A69FB6903F007039B0002FA03F39F
:103D1000BA691343BB61FB69DA087B680832B96989
:103D200043F822107B681B68BB61FB695B000322C0
:103D300002FA03F3DB43BA691340BB613B685B687B
:103D400003F00302FB695B0002FA03F3BA69134351
:103D5000BB617B68BA691A603B685B6803F44033F7
:103D6000002B00F0A2800023FB60574B5B6C564A8F
:103D700043F480435364544B5B6C03F48043FB6017
:103D8000FB68524AFB699B08023352F82330BB613F
:103D9000FB6903F003039B000F2202FA03F3DB43EA
:103DA000BA691340BB617B68494A934219D07B686A
:103DB000484A934213D07B68474A93420DD07B68B0
:103DC000464A934207D07B68454A934201D1042377
:103DD00008E0072306E0032304E0022302E00123B6
:103DE00000E00023FA6902F0030292009340BA69EE
:103DF0001343BB613549FB699B080233BA6941F83B
:103E00002320384B9B68BB613B69DB43BA69134095
:103E1000BB613B685B6803F48013002B03D0BA6975
:103E20003B691343BB612F4ABB6993602D4BDB6831
:103E3000BB613B69DB43BA691340BB613B685B68AC
:103E400003F40013002B03D0BA693B691343BB6131
:103E5000244ABB69D360234B5B68BB613B69DB438E
:103E6000BA691340BB613B685B6803F40033002B05
:103E700003D0BA693B691343BB611A4ABB695360FB
:103E8000184B1B68BB613B69DB43BA691340BB61DC
:103E90003B685B6803F48033002B03D0BA693B694D
:103EA0001343BB610F4ABB691360FB690133FB61BC
:103EB000FB690F2B7FF6A2AE00BF00BF2437BD46C3
:103EC0005DF8047B704700BF0038024000380140B5
:103ED000000002400004024000080240000C0240C2
:103EE00000100240003C014080B485B000AF786013
:103EF0000B467B807B681A697B881340002B02D0BD
:103F00000123FB7301E00023FB73FB7B184614378E
:103F1000BD465DF8047B704780B483B000AF786025
:103F20000B467B8013467B707B78002B03D07A880E
:103F30007B689A6103E07B881A047B689A6100BF02
:103F40000C37BD465DF8047B704780B485B000AF88
:103F500078600B467B807B685B69FB607A88FB68D6
:103F600013401A04FB68D9437B880B401A437B68D3
:103F70009A6100BF1437BD465DF8047B70470000AE
:103F800080B584B000AF78607B68002B01D101233D
:103F90002BE17B6893F83D30DBB2002B06D17B68C8
:103FA000002283F83C207868FEF718FA7B68242208
:103FB00083F83D207B681B681A687B681B6822F0C9
:103FC00001021A607B681B681A687B681B6842F4F0
:103FD00000421A607B681B681A687B681B6822F4C1
:103FE00000421A6001F088FAF8607B685B68814AD9
:103FF000934207D8FB68804A934294BF0123002371
:10400000DBB206E0FB687D4A934294BF01230023A4
:10401000DBB2002B01D00123E7E0FB68784AA2FB6A
:1040200003239B0CBB607B681B685B6823F03F012C
:104030007B681B68BA680A435A607B681B681B6A06
:1040400023F03F017B685B686A4A934202D8BB68F1
:10405000013309E0BB684FF4967202FB03F3694A2F
:10406000A2FB03239B0901337A6812680B43136296
:104070007B681B68DB6923F44F4222F0FF027B68F8
:104080005B685C498B4219D8FB68591E7B685B688A
:104090005B00B1FBF3F3591C40F6FC730B40002BA3
:1040A0000AD0FB68591E7B685B685B00B1FBF3F3C9
:1040B0000133C3F30B0351E004234FE07B689B689B
:1040C000002B11D1FB68581E7B6859680B465B00BA
:1040D0000B44B0FBF3F30133C3F30B03002B0CBF12
:1040E00001230023DBB212E0FB68581E7B6859688D
:1040F0000B469B000B4499000B44B0FBF3F30133D8
:10410000C3F30B03002B0CBF01230023DBB2002BF6
:1041100001D0012322E07B689B68002B0ED1FB6855
:10412000581E7B6859680B465B000B44B0FBF3F3E9
:104130000133C3F30B0343F400430FE0FB68581E45
:104140007B6859680B469B000B4499000B44B0FBFD
:10415000F3F30133C3F30B0343F440437968096875
:104160001343CB617B681B681B6823F0C0017B682D
:10417000DA697B681B6A1A437B681B680A431A600A
:104180007B681B689B6823F4034323F0FF037A6872
:1041900011697A68D26811437A6812680B43936098
:1041A0007B681B68DB6823F0FF017B685A697B68CA
:1041B0009B691A437B681B680A43DA607B681B684B
:1041C0001A687B681B6842F001021A607B68002253
:1041D0001A647B68202283F83D207B6800221A63E2
:1041E0007B68002283F83E20002318461037BD4626
:1041F00080BD00BFA08601007F841E00FF083D0037
:1042000083DE1B43D34D621080B58CB002AFF860E3
:10421000084611461A4603467B810B463B811346EE
:10422000FB80FFF725F87862FB6893F83D30DBB23E
:10423000202B40F014827B6A0093192301227B49D2
:10424000F86800F0FBFA0346002B01D0022307E2D6
:10425000FB6893F83C30012B01D1022300E2FB689C
:10426000012283F83C20FB681B681B6803F00103F4
:10427000012B07D0FB681B681A68FB681B6842F0BB
:1042800001021A60FB681B681A68FB681B6822F44D
:1042900000621A60FB68222283F83D20FB684022FE
:1042A00083F83E20FB6800221A64FB683A6B5A626E
:1042B000FB68BA8E5A85FB685B8D9AB2FB681A85DB
:1042C000FB685B4ADA62F8883A8979897B6A0193EC
:1042D000BB6B00930346F86800F0C8F90346002B57
:1042E00001D00123BCE1FB681B8D002B13D10023FF
:1042F0003B62FB681B685B693B62FB681B689B69F0
:104300003B623B6AFB681B681A68FB681B6842F4E7
:1043100000721A6090E1FB681B8D012B1BD1FB68BA
:104320001B681A68FB681B6822F480621A6000230D
:10433000FB61FB681B685B69FB61FB681B689B6931
:10434000FB61FB69FB681B681A68FB681B6842F429
:1043500000721A6070E1FB681B8D022B1BD1FB6899
:104360001B681A68FB681B6822F480621A60FB688D
:104370001B681A68FB681B6842F400621A6000231D
:10438000BB61FB681B685B69BB61FB681B689B6961
:10439000BB61BB6950E100237B61FB681B685B6903
:1043A0007B61FB681B689B697B617B6944E1FB68FF
:1043B0001B8D032B00F2F180FB681B8D012B23D199
:1043C0007A6AB96BF86800F09BFB0346002B01D0BA
:1043D000012345E1FB681B681A69FB685B6AD2B27E
:1043E0001A70FB685B6A5A1CFB685A62FB681B8D7B
:1043F000013B9AB2FB681A85FB685B8D9BB2013B5F
:104400009AB2FB685A8517E1FB681B8D022B4ED1CF
:104410007B6A0093BB6B00220649F86800F00EFA35
:104420000346002B08D001231AE100BF0200100050
:104430000000FFFF04000100FB681B681A68FB68AE
:104440001B6842F400721A60FB681B681A69FB68FB
:104450005B6AD2B21A70FB685B6A5A1CFB685A62CC
:10446000FB681B8D013B9AB2FB681A85FB685B8D6C
:104470009BB2013B9AB2FB685A85FB681B681A69BC
:10448000FB685B6AD2B21A70FB685B6A5A1CFB68F5
:104490005A62FB681B8D013B9AB2FB681A85FB6868
:1044A0005B8D9BB2013B9AB2FB685A85C4E07B6A84
:1044B0000093BB6B00226C49F86800F0BFF903461B
:1044C000002B01D00123CBE0FB681B681A68FB6856
:1044D0001B6822F480621A60FB681B681A69FB681B
:1044E0005B6AD2B21A70FB685B6A5A1CFB685A623C
:1044F000FB681B8D013B9AB2FB681A85FB685B8DDC
:104500009BB2013B9AB2FB685A857B6A0093BB6BF6
:1045100000225549F86800F091F90346002B01D0BC
:1045200001239DE0FB681B681A68FB681B6842F466
:1045300000721A60FB681B681A69FB685B6AD2B27A
:104540001A70FB685B6A5A1CFB685A62FB681B8D19
:10455000013B9AB2FB681A85FB685B8D9BB2013BFD
:104560009AB2FB685A85FB681B681A69FB685B6A2C
:10457000D2B21A70FB685B6A5A1CFB685A62FB680D
:104580001B8D013B9AB2FB681A85FB685B8D9BB261
:10459000013B9AB2FB685A854EE07A6AB96BF868BB
:1045A00000F0AEFA0346002B01D0012358E0FB686F
:1045B0001B681A69FB685B6AD2B21A70FB685B6A97
:1045C0005A1CFB685A62FB681B8D013B9AB2FB6860
:1045D0001A85FB685B8D9BB2013B9AB2FB685A85DA
:1045E000FB681B685B6903F00403042B24D1FB68A0
:1045F0001B8D032B07D1FB681B681A68FB681B68BF
:1046000022F480621A60FB681B681A69FB685B6AA7
:10461000D2B21A70FB685B6A5A1CFB685A62FB686C
:104620001B8D013B9AB2FB681A85FB685B8D9BB2C0
:10463000013B9AB2FB685A85FB681B8D002B7FF407
:10464000B6AEFB68202283F83D20FB68002283F889
:104650003E20FB68002283F83C20002300E0022378
:1046600018462837BD4680BD0400010080B588B0DB
:1046700002AFF860084611461A4603467B810B4696
:104680003B811346FB80FB681B681A68FB681B684C
:1046900042F480621A60FB681B681A68FB681B683A
:1046A00042F480721A607B6A00933B6A00224FF0EA
:1046B0000111F86800F0C2F80346002B0DD0FB682A
:1046C0001B681B6803F48073B3F5807F03D1FB681C
:1046D0004FF400721A640323AAE07B89DBB21A4606
:1046E000FB681B6802F0FE021A617B6A3A6A524953
:1046F000F86800F01DF90346002B01D0012397E074
:1047000000237B61FB681B685B697B61FB681B683E
:104710009B697B617B697A6A396AF86800F0A8F95D
:104720000346002B0DD0FB681B6C042B07D1FB68E4
:104730001B681A68FB681B6842F400721A60012348
:1047400076E0FB88012B05D13B89DAB2FB681B6858
:104750001A6121E03B891B0A9BB2DAB2FB681B6835
:104760001A617A6A396AF86800F082F90346002B08
:104770000DD0FB681B6C042B07D1FB681B681A6803
:10478000FB681B6842F400721A60012350E03B8909
:10479000DAB2FB681B681A617A6A396AF86800F055
:1047A00067F90346002B0DD0FB681B6C042B07D167
:1047B000FB681B681A68FB681B6842F400721A6089
:1047C000012335E0FB681B681A68FB681B6842F42C
:1047D00080721A607B6A00933B6A00224FF00111DD
:1047E000F86800F02BF80346002B0DD0FB681B681F
:1047F0001B6803F48073B3F5807F03D1FB684FF42B
:1048000000721A64032313E07B89DBB243F00103D7
:10481000DAB2FB681B681A617B6A3A6A0649F86873
:1048200000F086F80346002B01D0012300E00023AE
:1048300018461837BD4680BD0200010080B584B01F
:1048400000AFF860B9603B601346FB7148E03B681D
:10485000B3F1FF3F44D0FEF70BFD0246BB69D31A0C
:104860003A689A4202D33B68002B39D1BB681B0CD3
:10487000DBB2012B0DD1FB681B685B69DA43BB68B7
:1048800013409BB2002B0CBF01230023DBB21A465E
:104890000CE0FB681B689B69DA43BB6813409BB262
:1048A000002B0CBF01230023DBB21A46FB799A428E
:1048B00016D1FB6800221A63FB68202283F83D2092
:1048C000FB68002283F83E20FB681B6C43F020024B
:1048D000FB681A64FB68002283F83C20012323E074
:1048E000BB681B0CDBB2012B0DD1FB681B685B693D
:1048F000DA43BB6813409BB2002B0CBF012300239B
:10490000DBB21A460CE0FB681B689B69DA43BB68A4
:1049100013409BB2002B0CBF01230023DBB21A46CD
:10492000FB799A4293D0002318461037BD4680BDCC
:1049300080B584B000AFF860B9607A603B6071E028
:10494000FB681B685B6903F48063B3F5806F23D158
:10495000FB681B681A68FB681B6842F400721A60E7
:10496000FB681B686FF480625A61FB6800221A635F
:10497000FB68202283F83D20FB68002283F83E205C
:10498000FB681B6C43F00402FB681A64FB6800229E
:1049900083F83C20012367E07B68B3F1FF3F41D0FF
:1049A000FEF766FC02463B68D31A7A689A4202D345
:1049B0007B68002B36D1BB681B0CDBB2012B0CD102
:1049C000FB681B685B69DA43BB6813409BB2002B32
:1049D00014BF01230023DBB20BE0FB681B689B695B
:1049E000DA43BB6813409BB2002B14BF01230023A2
:1049F000DBB2002B16D0FB6800221A63FB68202272
:104A000083F83D20FB68002283F83E20FB681B6C86
:104A100043F02002FB681A64FB68002283F83C2004
:104A2000012321E0BB681B0CDBB2012B0CD1FB681E
:104A30001B685B69DA43BB6813409BB2002B14BF51
:104A400001230023DBB20BE0FB681B689B69DA43A0
:104A5000BB6813409BB2002B14BF01230023DBB2C1
:104A6000002B7FF46DAF002318461037BD4680BD84
:104A700080B584B000AFF860B9607A6034E0F8685F
:104A800000F09BF80346002B01D0012334E0BB6803
:104A9000B3F1FF3F28D0FEF7EBFB02467B68D31A49
:104AA000BA689A4202D3BB68002B1DD1FB681B6811
:104AB0005B6903F08003802B16D0FB6800221A6329
:104AC000FB68202283F83D20FB68002283F83E200B
:104AD000FB681B6C43F02002FB681A64FB68002231
:104AE00083F83C20012307E0FB681B685B6903F047
:104AF0008003802BC3D1002318461037BD4680BDEC
:104B000080B584B000AFF860B9607A6049E0FB68B6
:104B10001B685B6903F01003102B19D1FB681B683D
:104B20006FF010025A61FB6800221A63FB682022B2
:104B300083F83D20FB68002283F83E20FB681A6C56
:104B4000FB681A64FB68002283F83C20012330E0F4
:104B5000FEF78EFB02467B68D31ABA689A4202D3EC
:104B6000BB68002B1DD1FB681B685B6903F0400329
:104B7000402B16D0FB6800221A63FB68202283F8C2
:104B80003D20FB68002283F83E20FB681B6C43F04D
:104B90002002FB681A64FB68002283F83C20012392
:104BA00007E0FB681B685B6903F04003402BAED154
:104BB000002318461037BD4680BD80B483B000AFD7
:104BC00078607B681B685B6903F48063B3F5806F72
:104BD0001BD17B681B686FF480625A617B6800227E
:104BE0001A637B68202283F83D207B68002283F8CB
:104BF0003E207B681B6C43F004027B681A647B6870
:104C0000002283F83C20012300E0002318460C37E3
:104C1000BD465DF8047B704780B586B000AF786014
:104C20007B68002B01D1012367E27B681B6803F0DE
:104C30000103002B75D0884B9B6803F00C03042BF9
:104C40000CD0854B9B6803F00C03082B12D1824BD0
:104C50005B6803F48003B3F5800F0BD17E4B1B68B8
:104C600003F40033002B5BD07B685B68002B57D1CB
:104C7000012342E27B685B68B3F5803F06D1764B47
:104C80001B68754A43F4803313601DE07B685B68E2
:104C9000B3F5A02F0CD1704B1B686F4A43F48023EF
:104CA00013606D4B1B686C4A43F4803313600BE058
:104CB000694B1B68684A23F480331360664B1B689A
:104CC000654A23F4802313607B685B68002B13D054
:104CD000FEF7CEFA386108E0FEF7CAFA02463B69F1
:104CE000D31A642B01D9032307E25B4B1B6803F43F
:104CF0000033002BF0D014E0FEF7BAFA386108E078
:104D0000FEF7B6FA02463B69D31A642B01D9032396
:104D1000F3E1514B1B6803F40033002BF0D100E0AA
:104D200000BF7B681B6803F00203002B63D04A4B73
:104D30009B6803F00C03002B0BD0474B9B6803F0E0
:104D40000C03082B1CD1444B5B6803F48003002B3D
:104D500016D1414B1B6803F00203002B05D07B6882
:104D6000DB68012B01D00123C7E13B4B1B6823F01B
:104D7000F8027B681B69DB00374913430B603AE09C
:104D80007B68DB68002B20D0344B01221A60FEF7D1
:104D90006FFA386108E0FEF76BFA02463B69D31AF6
:104DA000022B01D90323A8E12B4B1B6803F002035C
:104DB000002BF0D0284B1B6823F0F8027B681B699E
:104DC000DB00254913430B6015E0244B00221A60D9
:104DD000FEF74EFA386108E0FEF74AFA02463B69F0
:104DE000D31A022B01D9032387E11B4B1B6803F065
:104DF0000203002BF0D17B681B6803F00803002B33
:104E000036D07B685B69002B16D0154B01221A60E7
:104E1000FEF72EFA386108E0FEF72AFA02463B69EF
:104E2000D31A022B01D9032367E10B4B5B6F03F00D
:104E30000203002BF0D01BE0094B00221A60FEF7A2
:104E400017FA38610EE0FEF713FA02463B69D31AEF
:104E5000022B07D9032350E10038024000004742EB
:104E6000800E4742884B5B6F03F00203002BEAD1B0
:104E70007B681B6803F00403002B00F0978000237D
:104E8000FB75814B1B6C03F08053002B0FD100236B
:104E9000BB607D4B1B6C7C4A43F0805313647A4BA0
:104EA0001B6C03F08053BB60BB680123FB75774B21
:104EB0001B6803F48073002B18D1744B1B68734A72
:104EC00043F480731360FEF7D3F9386108E0FEF70E
:104ED000CFF902463B69D31A022B01D903230CE117
:104EE0006A4B1B6803F48073002BF0D07B689B68CF
:104EF000012B06D1644B1B6F634A43F00103136718
:104F00001CE07B689B68052B0CD15F4B1B6F5E4AD6
:104F100043F0040313675C4B1B6F5B4A43F00103D0
:104F200013670BE0584B1B6F574A23F001031367BD
:104F3000554B1B6F544A23F0040313677B689B682F
:104F4000002B15D0FEF794F938610AE0FEF790F9CE
:104F500002463B69D31A41F28832934201D90323B6
:104F6000CBE0494B1B6F03F00203002BEED014E0A3
:104F7000FEF77EF938610AE0FEF77AF902463B69EE
:104F8000D31A41F28832934201D90323B5E03E4B54
:104F90001B6F03F00203002BEED1FB7D012B05D12B
:104FA000394B1B6C384A23F0805313647B689B6930
:104FB000002B00F0A180344B9B6803F00C03082BFE
:104FC0005CD07B689B69022B41D1314B00221A6077
:104FD000FEF74EF9386108E0FEF74AF902463B69F0
:104FE000D31A022B01D9032387E0274B1B6803F058
:104FF0000073002BF0D17B68DA697B681B6A1A4367
:105000007B685B6A9B011A437B689B6A5B08013B78
:105010001B041A437B68DB6A1B061B4913434B6066
:105020001B4B01221A60FEF723F9386108E0FEF7F6
:105030001FF902463B69D31A022B01D903235CE016
:10504000114B1B6803F00073002BF0D054E0104BA1
:1050500000221A60FEF70CF9386108E0FEF708F943
:1050600002463B69D31A022B01D9032345E0064BC4
:105070001B6803F00073002BF0D13DE07B689B6957
:10508000012B07D1012338E00038024000700040B6
:10509000600047421B4B5B68FB607B689B69012B90
:1050A00028D0FB6803F480027B68DB699A4221D137
:1050B000FB6803F03F027B681B6A9A421AD1FA68C8
:1050C00047F6C07313407A68526A9201934211D135
:1050D000FB6803F440327B689B6A5B08013B1B045E
:1050E0009A4207D1FB6803F070627B68DB6A1B069B
:1050F0009A4201D0012300E0002318461837BD462C
:1051000080BD00BF0038024080B584B000AF786039
:1051100039607B68002B01D10123CCE0684B1B6810
:1051200003F007033A689A420CD9654B3A68D2B249
:105130001A70634B1B6803F007033A689A4201D068
:105140000123B8E07B681B6803F00203002B20D02A
:105150007B681B6803F00403002B05D0594B9B6848
:10516000584A43F4E05393607B681B6803F00803DC
:10517000002B05D0534B9B68524A43F46043936025
:10518000504B9B6823F0F0027B689B684D491343AA
:105190008B607B681B6803F00103002B44D07B68A5
:1051A0005B68012B07D1474B1B6803F40033002BCE
:1051B00019D101237FE07B685B68022B03D07B68F9
:1051C0005B68032B07D13F4B1B6803F00073002B78
:1051D00009D101236FE03B4B1B6803F00203002B56
:1051E00001D1012367E0374B9B6823F003027B6802
:1051F0005B68344913438B60FEF73AF8F8600AE0C5
:10520000FEF736F80246FB68D31A41F28832934221
:1052100001D903234FE02B4B9B6803F00C027B6802
:105220005B689B009A42EBD1254B1B6803F0070398
:105230003A689A420CD2224B3A68D2B21A70204B8A
:105240001B6803F007033A689A4201D0012332E059
:105250007B681B6803F00403002B08D0194B9B6884
:1052600023F4E0527B68DB68164913438B607B684C
:105270001B6803F00803002B09D0124B9B6823F432
:1052800060427B681B69DB000E4913438B6000F0B2
:1052900021F802460B4B9B681B0903F00F030A49D8
:1052A000CB5C22FA03F3094A1360094B1B681846CA
:1052B000FDF79AFF002318461037BD4680BD00BF9A
:1052C000003C02400038024040A700080C000020CB
:1052D0003C0000202DE9B04F94B000AF00237B6468
:1052E0000023FB6400233B640023BB64794B9B6871
:1052F00003F00C03082B0DD0082B00F2E180002BEB
:1053000002D0042B03D0DBE0734BBB64DBE0734BB8
:10531000BB64D8E06F4B5B6803F03F037B646D4B6D
:105320005B6803F48003002B63D06A4B5B689B09C6
:105330000022BB63FA63BB6BC3F308033B63002328
:105340007B63D7E90C4522462B464FF000004FF017
:105350000001590141EAD261500102460B46214643
:10536000511A3961294663EB01037B614FF000025A
:105370004FF00003D7E904AB59468B01514643EA8D
:10538000916351468A015146B2EB0108594663EBDD
:1053900001094FF000024FF000034FEAC90343EA4E
:1053A00058734FEAC80290469946234618EB030308
:1053B000BB602B4649EB0303FB604FF000024FF04C
:1053C0000003D7E9024529464B02214643EAD1535F
:1053D00021464A02104619467B6C0022BB62FA62E3
:1053E000D7E90A23FAF764FF02460B461346FB642B
:1053F00058E0384B5B689B09002218461146C0F301
:1054000008033B6200237B62D7E9088942464B468A
:105410004FF000004FF00001590141EAD261500104
:1054200002460B464146B2EB010A494663EB010BCB
:105430004FF000024FF000034FEA8B1343EA9A63E8
:105440004FEA8A12B2EB0A0463EB0B054FF000023D
:105450004FF00003EB0043EA5473E20014461D468C
:105460004346E3183B604B4645EB03037B604FF03C
:1054700000024FF00003D7E9004529468B02214680
:1054800043EA915321468A02104619467B6C00225A
:10549000BB61FA61D7E90623FAF70AFF02460B4619
:1054A0001346FB640B4B5B681B0C03F003030133D7
:1054B0005B003B64FA6C3B6CB2FBF3F3BB6402E051
:1054C000054BBB6400BFBB6C18465037BD46BDE8FA
:1054D000B08F00BF003802400024F40000127A00B0
:1054E00080B400AF034B1B681846BD465DF8047BD3
:1054F000704700BF0C00002080B500AFFFF7F0FF41
:105500000246054B9B689B0A03F007030349CB5CEB
:1055100022FA03F3184680BD0038024050A7000865
:1055200080B500AFFFF7DCFF0246054B9B685B0BC5
:1055300003F007030349CB5C22FA03F3184680BD4E
:105540000038024050A7000880B582B000AF7860F4
:105550007B68002B01D101237BE07B685B6A002B19
:1055600008D17B685B68B3F5827F09D07B68002235
:10557000DA6105E07B6800221A617B6800225A61CB
:105580007B6800229A627B6893F85130DBB2002B73
:1055900006D17B68002283F850207868FCF788FFEA
:1055A0007B68022283F851207B681B681A687B683D
:1055B0001B6822F040021A607B685B6803F4827209
:1055C0007B689B6803F404431A437B68DB6803F43D
:1055D00000631A437B681B6903F002031A437B686C
:1055E0005B6903F001031A437B689B6903F4007352
:1055F0001A437B68DB6903F038031A437B681B6A34
:1056000003F0800342EA03017B689B6A03F40052C3
:105610007B681B680A431A607B689B691B0C03F05C
:1056200004017B685B6A03F010027B681B680A4315
:105630005A607B681B68DA697B681B6822F4006229
:10564000DA617B6800225A657B68012283F8512069
:10565000002318460837BD4680BD80B588B000AF2E
:10566000F860B9603B601346FB80FDF701FEF8610E
:10567000FB887B83FB6893F85130DBB2012B01D0B0
:1056800002232AE1BB68002B02D0FB88002B01D14A
:10569000012322E1FB6893F85030012B01D1022352
:1056A0001BE1FB68012283F85020FB68032283F88A
:1056B0005120FB6800225A65FB68BA681A63FB68D0
:1056C000FA889A86FB68FA88DA86FB6800229A6371
:1056D000FB6800229A87FB680022DA87FB680022B9
:1056E0005A64FB6800221A64FB689B68B3F5004F9C
:1056F0000FD1FB681B681A68FB681B6822F0400228
:105700001A60FB681B681A68FB681B6842F48042D9
:105710001A60FB681B681B6803F04003402B07D02E
:10572000FB681B681A68FB681B6842F040021A603D
:10573000FB68DB68B3F5006F52D1FB685B68002B38
:1057400002D07B8B012B45D1FB681B6B1A88FB6851
:105750001B68DA60FB681B6B9A1CFB681A63FB68AA
:10576000DB8E9BB2013B9AB2FB68DA8632E0FB68C3
:105770001B689B6803F00203022B12D1FB681B6BB2
:105780001A88FB681B68DA60FB681B6B9A1CFB6855
:105790001A63FB68DB8E9BB2013B9AB2FB68DA8628
:1057A00018E0FDF765FD0246FB69D31A3A689A4294
:1057B00003D83B68B3F1FF3F02D13B68002B09D10E
:1057C000FB68012283F85120FB68002283F85020F7
:1057D000032382E0FB68DB8E9BB2002BC7D153E032
:1057E000FB685B68002B02D07B8B012B47D1FB68E9
:1057F0001A6BFB681B680C3312781A70FB681B6B02
:105800005A1CFB681A63FB68DB8E9BB2013B9AB2A1
:10581000FB68DA8633E0FB681B689B6803F00203D1
:10582000022B13D1FB681A6BFB681B680C331278D0
:105830001A70FB681B6B5A1CFB681A63FB68DB8ED3
:105840009BB2013B9AB2FB68DA8618E0FDF710FDC7
:105850000246FB69D31A3A689A4203D83B68B3F10F
:10586000FF3F02D13B68002B09D1FB68012283F87E
:105870005120FB68002283F8502003232DE0FB68B1
:10588000DB8E9BB2002BC6D1FA693968F86800F04C
:10589000D9FB0346002B02D0FB6820225A65FB6827
:1058A0009B68002B0AD100237B61FB681B68DB68C7
:1058B0007B61FB681B689B687B617B69FB680122DD
:1058C00083F85120FB68002283F85020FB685B6D51
:1058D000002B01D0012300E0002318462037BD46ED
:1058E00080BD80B588B002AFF860B9603B601346F8
:1058F000FB80FB6893F85130DBB2012B01D002230F
:1059000004E1BB68002B02D0FB88002B01D10123EE
:10591000FCE0FB685B68B3F5827F12D1FB689B6893
:10592000002B0ED1FB68042283F85120FA883B68D3
:1059300000931346BA68B968F86800F0EBF80346BC
:10594000E4E0FDF795FC7861FB6893F85030012B9B
:1059500001D10223DAE0FB68012283F85020FB68C2
:10596000042283F85120FB6800225A65FB68BA685C
:105970009A63FB68FA889A87FB68FA88DA87FB687B
:1059800000221A63FB6800229A86FB680022DA86EE
:10599000FB6800221A64FB6800225A64FB689B685B
:1059A000B3F5004F0FD1FB681B681A68FB681B68D2
:1059B00022F040021A60FB681B681A68FB681B68CB
:1059C00022F480421A60FB681B681B6803F04003E6
:1059D000402B07D0FB681B681A68FB681B6842F005
:1059E00040021A60FB68DB68002B70D135E0FB6871
:1059F0001B689B6803F00103012B15D1FB681B6832
:105A000003F10C02FB689B6B1278D2B21A70FB6830
:105A10009B6B5A1CFB689A63FB68DB8F9BB2013B54
:105A20009AB2FB68DA8718E0FDF722FC02467B6930
:105A3000D31A3A689A4203D83B68B3F1FF3F02D1C8
:105A40003B68002B09D1FB68012283F85120FB68D9
:105A5000002283F85020032358E0FB68DB8F9BB2C1
:105A6000002BC4D138E0FB681B689B6803F001037E
:105A7000012B13D1FB681B68DA68FB689B6B92B241
:105A80001A80FB689B6B9A1CFB689A63FB68DB8F30
:105A90009BB2013B9AB2FB68DA8718E0FDF7E8FB9E
:105AA00002467B69D31A3A689A4203D83B68B3F13D
:105AB000FF3F02D13B68002B09D1FB68012283F82C
:105AC0005120FB68002283F8502003231EE0FB686E
:105AD000DB8F9BB2002BC6D17A693968F86800F079
:105AE0004BFA0346002B02D0FB6820225A65FB6864
:105AF000012283F85120FB68002283F85020FB68C4
:105B00005B6D002B01D0012300E0002318461837FD
:105B1000BD4680BD80B58AB000AFF860B9607A60DC
:105B20007B8001237B62FDF7A3FB3862FB6893F85F
:105B30005130FB77FB685B68BB617B88FB82FB7F36
:105B4000012B0CD0BB69B3F5827F06D1FB689B6843
:105B5000002B02D1FB7F042B01D002237FE1BB6825
:105B6000002B05D07B68002B02D07B88002B01D155
:105B7000012374E1FB6893F85030012B01D102231B
:105B80006DE1FB68012283F85020FB6893F85130E7
:105B9000DBB2042B03D0FB68052283F85120FB689D
:105BA00000225A65FB687A689A63FB687A88DA870C
:105BB000FB687A889A87FB68BA681A63FB687A88F8
:105BC000DA86FB687A889A86FB6800221A64FB688A
:105BD00000225A64FB681B681B6803F04003402BDB
:105BE00007D0FB681B681A68FB681B6842F040021C
:105BF0001A60FB68DB68B3F5006F7ED1FB685B68F9
:105C0000002B02D0FB8A012B6CD1FB681B6B1A881E
:105C1000FB681B68DA60FB681B6B9A1CFB681A63E5
:105C2000FB68DB8E9BB2013B9AB2FB68DA8659E0D7
:105C3000FB681B689B6803F00203022B1BD1FB6807
:105C4000DB8E9BB2002B16D07B6A012B13D1FB6835
:105C50001B6B1A88FB681B68DA60FB681B6B9A1C5D
:105C6000FB681A63FB68DB8E9BB2013B9AB2FB6850
:105C7000DA8600237B62FB681B689B6803F00103E4
:105C8000012B19D1FB68DB8F9BB2002B14D0FB6872
:105C90001B68DA68FB689B6B92B21A80FB689B6B8F
:105CA0009A1CFB689A63FB68DB8F9BB2013B9AB23C
:105CB000FB68DA8701237B62FDF7DAFA02463B6A6A
:105CC000D31A3A6B9A420DD83B6BB3F1FF3F09D020
:105CD000FB68012283F85120FB68002283F85020E2
:105CE0000323BCE0FB68DB8E9BB2002BA0D1FB68DA
:105CF000DB8F9BB2002B9BD182E0FB685B68002BA3
:105D000002D0FB8A012B71D1FB681A6BFB681B6800
:105D10000C3312781A70FB681B6B5A1CFB681A63F1
:105D2000FB68DB8E9BB2013B9AB2FB68DA865DE0D2
:105D3000FB681B689B6803F00203022B1CD1FB6805
:105D4000DB8E9BB2002B17D07B6A012B14D1FB6832
:105D50001A6BFB681B680C3312781A70FB681B6B9C
:105D60005A1CFB681A63FB68DB8E9BB2013B9AB23C
:105D7000FB68DA8600237B62FB681B689B6803F084
:105D80000103012B19D1FB68DB8F9BB2002B14D0D0
:105D9000FB681B68DA68FB689B6BD2B21A70FB6801
:105DA0009B6B5A1CFB689A63FB68DB8F9BB2013BC1
:105DB0009AB2FB68DA8701237B62FDF759FA024643
:105DC0003B6AD31A3A6B9A4203D83B6BB3F1FF3F5D
:105DD00002D13B6B002B09D1FB68012283F85120D3
:105DE000FB68002283F85020032338E0FB68DB8E39
:105DF0009BB2002B9CD1FB68DB8F9BB2002B97D111
:105E00003A6A396BF86800F01DF90346002B08D098
:105E1000FB6820225A65FB68002283F8502001238A
:105E20001DE0FB689B68002B0AD100233B61FB68E7
:105E30001B68DB683B61FB681B689B683B613B69D7
:105E4000FB68012283F85120FB68002283F8502070
:105E5000FB685B6D002B01D0012300E00023184696
:105E60002837BD4680BD000080B588B000AFF8601F
:105E7000B9603B601346FB71FDF7FAF90246BB6A55
:105E80009B1A3A681344FB61FDF7F2F9B861394B8C
:105E90001B685B011B0DFA6902FB03F37B6155E094
:105EA0003B68B3F1FF3F51D0FDF7E2F90246BB6911
:105EB000D31AFA699A4202D9FB69002B3DD1FB68DB
:105EC0001B685A68FB681B6822F0E0025A60FB6896
:105ED0005B68B3F5827F11D1FB689B68B3F5004F17
:105EE00004D0FB689B68B3F5806F07D1FB681B6823
:105EF0001A68FB681B6822F040021A60FB689B6A04
:105F0000B3F5005F0FD1FB681B681A68FB681B685C
:105F100022F400521A60FB681B681A68FB681B6851
:105F200042F400521A60FB68012283F85120FB689A
:105F3000002283F85020032318E07B69002B02D154
:105F40000023FB6102E07B69013B7B61FB681B680E
:105F50009A68BB681340BA689A420CBF01230023B9
:105F6000DBB21A46FB799A429AD1002318462037B1
:105F7000BD4680BD0C00002080B586B002AFF86041
:105F8000B9607A60FB685B68B3F5827F11D1FB680A
:105F90009B68B3F5004F04D0FB689B68B3F5806F36
:105FA00007D1FB681B681A68FB681B6822F0400277
:105FB0001A60FB685B68B3F5827F2AD1FB689B6837
:105FC000B3F5806F12D07B680093BB6800228021FC
:105FD000F868FFF749FF0346002B2DD0FB685B6D87
:105FE00043F02002FB685A65032326E07B68009398
:105FF000BB6800220121F868FFF736FF0346002B3B
:106000001AD0FB685B6D43F02002FB685A650323DE
:1060100013E07B680093BB6800220121F868FFF75A
:1060200023FF0346002B07D0FB685B6D43F0200283
:10603000FB685A65032300E0002318461037BD466D
:1060400080BD000080B588B002AFF860B9607A60AA
:106050007B680093BB6801220221F868FFF704FF08
:106060000346002B07D0FB685B6D43F02002FB6802
:106070005A65032332E01B4B1B681B4AA2FB032318
:106080005B0D4FF47A7202FB03F37B61FB685B6884
:10609000B3F5827F12D17B680093BB680022802118
:1060A000F868FFF7E1FE0346002B16D0FB685B6D36
:1060B00043F02002FB685A6503230FE07B69002B45
:1060C0000AD07B69013B7B61FB681B689B6803F01E
:1060D0008003802BF2D000E000BF00231846183761
:1060E000BD4680BD0C000020819F5E1680B582B049
:1060F00000AF78607B68002B01D1012341E07B6811
:1061000093F83D30DBB2002B06D17B68002283F888
:106110003C207868FCF714FA7B68022283F83D2063
:106120007B681A687B6804331946104600F070FAE1
:106130007B68012283F846207B68012283F83E2099
:106140007B68012283F83F207B68012283F840208E
:106150007B68012283F841207B68012283F842207A
:106160007B68012283F843207B68012283F8442066
:106170007B68012283F845207B68012283F83D205B
:10618000002318460837BD4680BD000080B485B0A6
:1061900000AF78607B6893F83D30DBB2012B01D013
:1061A000012344E07B68022283F83D207B681B6862
:1061B000DA687B681B6842F00102DA607B681B6862
:1061C0001E4A934218D07B681B68B3F1804F13D0EE
:1061D0007B681B681A4A93420ED07B681B68194A79
:1061E000934209D07B681B68174A934204D07B68AE
:1061F0001B68164A934211D17B681B689B6803F0A9
:106200000703FB60FB68062B10D07B681B681A68CD
:106210007B681B6842F001021A6007E07B681B681C
:106220001A687B681B6842F001021A600023184656
:106230001437BD465DF8047B704700BF0000014085
:106240000004004000080040000C004000400140F5
:1062500080B584B000AF78607B681B68DB68FB604A
:106260007B681B681B69BB60BB6803F00203002BE3
:1062700020D0FB6803F00203002B1BD07B681B6857
:106280006FF002021A617B6801221A777B681B6833
:106290009B6903F00303002B03D0786800F099F9A1
:1062A00005E0786800F08BF9786800F09CF97B686D
:1062B00000221A77BB6803F00403002B20D0FB6890
:1062C00003F00403002B1BD07B681B686FF00402F3
:1062D0001A617B6802221A777B681B689B6903F44A
:1062E0004073002B03D0786800F073F905E07868FC
:1062F00000F065F9786800F076F97B6800221A777B
:10630000BB6803F00803002B20D0FB6803F00803F0
:10631000002B1BD07B681B686FF008021A617B683A
:1063200004221A777B681B68DB6903F00303002BE8
:1063300003D0786800F04DF905E0786800F03FF987
:10634000786800F050F97B6800221A77BB6803F088
:106350001003002B20D0FB6803F01003002B1BD090
:106360007B681B686FF010021A617B6808221A773D
:106370007B681B68DB6903F44073002B03D07868EB
:1063800000F027F905E0786800F019F9786800F066
:106390002AF97B6800221A77BB6803F00103002BFF
:1063A0000CD0FB6803F00103002B07D07B681B684F
:1063B0006FF001021A617868FBF7FEFABB6803F020
:1063C0008003002B0CD0FB6803F08003002B07D068
:1063D0007B681B686FF080021A61786800F0B0FA81
:1063E000BB6803F04003002B0CD0FB6803F04003B4
:1063F000002B07D07B681B686FF040021A61786839
:1064000000F0FBF8BB6803F02003002B0CD0FB6806
:1064100003F02003002B07D07B681B686FF020027D
:106420001A61786800F082FA00BF1037BD4680BD5F
:1064300080B584B000AF786039600023FB737B685F
:1064400093F83C30012B01D10223B4E07B68012298
:1064500083F83C207B68022283F83D207B681B6820
:106460009B68BB60BB6823F07703BB60BB6823F409
:106470007F43BB607B681B68BA689A603B681B6897
:10648000B3F5005F3ED0B3F5005F00F28780B3F54F
:10649000805F00F08680B3F5805F7FD8702B1AD0C4
:1064A000702B7BD8602B50D0602B77D8502B3CD0F2
:1064B000502B73D8402B58D0402B6FD8302B64D042
:1064C000302B6BD8202B60D0202B67D8002B5CD0D2
:1064D000102B5AD062E07B6818683B6899683B686B
:1064E0005A683B68DB6800F093F97B681B689B681F
:1064F000BB60BB6843F07703BB607B681B68BA680E
:106500009A604FE07B6818683B6899683B685A68F6
:106510003B68DB6800F07CF97B681B689A687B68E5
:106520001B6842F480429A603CE07B6818683B68D4
:1065300059683B68DB681A4600F0F0F87B681B6816
:106540005021184600F049F92CE07B6818683B6838
:1065500059683B68DB681A4600F00FF97B681B68D6
:106560006021184600F039F91CE07B6818683B6828
:1065700059683B68DB681A4600F0D0F87B681B68F6
:106580004021184600F029F90CE07B681A683B6846
:106590001B681946104600F020F903E00123FB7345
:1065A00000E000BF7B68012283F83D207B68002269
:1065B00083F83C20FB7B18461037BD4680BD80B475
:1065C00083B000AF786000BF0C37BD465DF8047B38
:1065D000704780B483B000AF786000BF0C37BD4611
:1065E0005DF8047B704780B483B000AF786000BF73
:1065F0000C37BD465DF8047B704780B483B000AFB4
:10660000786000BF0C37BD465DF8047B7047000022
:1066100080B485B000AF786039607B681B68FB6030
:106620007B68374A93420FD07B68B3F1804F0BD021
:106630007B68344A934207D07B68334A934203D045
:106640007B68324A934208D1FB6823F07003FB60F9
:106650003B685B68FA681343FB607B68284A934297
:106660001BD07B68B3F1804F17D07B68254A9342DB
:1066700013D07B68244A93420FD07B68234A93420D
:106680000BD07B68224A934207D07B68214A934211
:1066900003D07B68204A934208D1FB6823F44073FF
:1066A000FB603B68DB68FA681343FB60FB6823F020
:1066B00080023B685B691343FB603B689A687B68B8
:1066C000DA623B681A687B689A627B680C4A93427C
:1066D00003D13B681A697B681A637B681B6843F0C7
:1066E00004027B681A607B6801225A617B68FA6841
:1066F0001A6000BF1437BD465DF8047B704700BFC9
:10670000000001400004004000080040000C004070
:1067100000400140004401400048014080B487B07F
:1067200000AFF860B9607A60FB681B6A7B61FB6848
:106730001B6A23F00102FB681A62FB689B693B61DC
:106740003B6923F0F0033B617B681B013A6913430B
:106750003B617B6923F00A037B617A69BB68134361
:106760007B61FB683A699A61FB687A691A6200BFCB
:106770001C37BD465DF8047B704780B487B000AF1E
:10678000F860B9607A60FB681B6A7B61FB681B6A12
:1067900023F01002FB681A62FB689B693B613B694E
:1067A00023F470433B617B681B033A6913433B61ED
:1067B0007B6923F0A0037B61BB681B017A691343EB
:1067C0007B61FB683A699A61FB687A691A6200BF6B
:1067D0001C37BD465DF8047B704780B485B000AFC0
:1067E000786039607B689B68FB60FB6823F070030E
:1067F000FB603A68FB68134343F00703FB607B6868
:10680000FA689A6000BF1437BD465DF8047B704794
:1068100080B487B000AFF860B9607A603B60FB6815
:106820009B687B617B6923F47F437B613B681A0231
:106830007B681A43BB6813437A6913437B61FB6827
:106840007A699A6000BF1C37BD465DF8047B7047CB
:1068500080B485B000AF786039607B6893F83C30D5
:10686000012B01D1022350E07B68012283F83C20F8
:106870007B68022283F83D207B681B685B68FB60B5
:106880007B681B689B68BB60FB6823F07003FB6040
:106890003B681B68FA681343FB607B681B68FA68F7
:1068A0005A607B681B681C4A934218D07B681B683F
:1068B000B3F1804F13D07B681B68184A93420ED007
:1068C0007B681B68164A934209D07B681B68154A8F
:1068D000934204D07B681B68134A93420CD1BB6877
:1068E00023F08003BB603B685B68BA681343BB60FE
:1068F0007B681B68BA689A607B68012283F83D2038
:106900007B68002283F83C20002318461437BD46DC
:106910005DF8047B704700BF0000014000040040A8
:1069200000080040000C00400040014080B483B0EB
:1069300000AF786000BF0C37BD465DF8047B704740
:1069400080B483B000AF786000BF0C37BD465DF8FF
:10695000047B704780B582B000AF78607B68002B05
:1069600001D1012342E07B6893F84130DBB2002B78
:1069700006D17B68002283F840207868FBF708FE88
:106980007B68242283F841207B681B68DA687B6877
:106990001B6822F40052DA60786800F025FD7B68FD
:1069A0001B681A697B681B6822F490421A617B6835
:1069B0001B685A697B681B6822F02A025A617B684F
:1069C0001B68DA687B681B6842F40052DA607B68F7
:1069D00000225A647B68202283F841207B682022B1
:1069E00083F842207B6800225A6300231846083748
:1069F000BD4680BD80B58CB000AFF860B96013466D
:106A0000FB80FB6893F84230DBB2202B4AD1BB6895
:106A1000002B02D0FB88002B01D1012343E0FB684F
:106A200001221A63FB6800225A63FB881A46B96880
:106A3000F86800F005FB034687F82F3097F82F30F1
:106A4000002B2CD1FB681B6B012B25D100233B6154
:106A5000FB681B681B683B61FB681B685B683B61EC
:106A60003B69FB681B680C33BB61BB6953E8003FA3
:106A70007B617B6943F01003BB62FB681B680C33CE
:106A8000BA6A7A623B62396A7A6A41E80023FB613A
:106A9000FB69002BE5D102E0012387F82F3097F83E
:106AA0002F3000E0022318463037BD4680BD00007D
:106AB00080B5BAB000AF78607B681B681B68C7F808
:106AC000E4307B681B68DB68C7F8E0307B681B68D4
:106AD0005B69C7F8DC300023C7F8D8300023C7F85B
:106AE000D430D7F8E43003F00F03C7F8D830D7F824
:106AF000D830002B0FD1D7F8E43003F02003002B5F
:106B000009D0D7F8E03003F02003002B03D07868D9
:106B100000F0ACFB73E2D7F8D830002B00F0DE8039
:106B2000D7F8DC3003F00103002B06D1D7F8E030B2
:106B300003F49073002B00F0D180D7F8E43003F019
:106B40000103002B0BD0D7F8E03003F48073002B47
:106B500005D07B685B6C43F001027B685A64D7F810
:106B6000E43003F00403002B0BD0D7F8DC3003F043
:106B70000103002B05D07B685B6C43F002027B684D
:106B80005A64D7F8E43003F00203002B0BD0D7F897
:106B9000DC3003F00103002B05D07B685B6C43F015
:106BA00004027B685A64D7F8E43003F00803002B32
:106BB00011D0D7F8E03003F02003002B05D1D7F82F
:106BC000DC3003F00103002B05D07B685B6C43F0E5
:106BD00008027B685A647B685B6C002B00F00A82B9
:106BE000D7F8E43003F02003002B08D0D7F8E030CA
:106BF00003F02003002B02D0786800F037FB7B689D
:106C00001B685B6903F04003402B0CBF012300238A
:106C1000DBB2C7F8D4307B685B6C03F00803002B51
:106C200003D1D7F8D430002B4FD0786800F042FA67
:106C30007B681B685B6903F04003402B41D17B6894
:106C40001B681433C7F89C30D7F89C3053E8003FDA
:106C5000C7F89830D7F8983023F04003C7F8D03001
:106C60007B681B681433D7F8D020C7F8A820C7F872
:106C7000A430D7F8A410D7F8A82041E80023C7F81B
:106C8000A030D7F8A030002BD9D17B68DB6B002B6C
:106C900013D07B68DB6B8A4A1A657B68DB6B18460E
:106CA000FCF797FC0346002B16D07B68DB6B1B6D53
:106CB0007A68D26B104698470EE0786800F0B6F913
:106CC0000AE0786800F0B2F906E0786800F0AEF902
:106CD0007B6800225A648DE100BF8BE17B681B6BEF
:106CE000012B40F06781D7F8E43003F01003002B4C
:106CF00000F06081D7F8E03003F01003002B00F0C3
:106D000059810023BB607B681B681B68BB607B6884
:106D10001B685B68BB60BB687B681B685B6903F0D2
:106D20004003402B40F0CE807B68DB6B1B685B68C8
:106D3000A7F8BE30B7F8BE30002B00F0A9807B6802
:106D40009B8DB7F8BE209A4280F0A2807B68B7F88E
:106D5000BE20DA857B68DB6BDB69B3F5807F00F0F2
:106D600088807B681B680C33C7F88830D7F8883078
:106D700053E8003FC7F88430D7F8843023F4807399
:106D8000C7F8B8307B681B680C33D7F8B820C7F851
:106D90009420C7F89030D7F89010D7F8942041E8A5
:106DA0000023C7F88C30D7F88C30002BD9D17B6802
:106DB0001B6814337B677B6F53E8003F3B673B6F77
:106DC00023F00103C7F8B4307B681B681433D7F88D
:106DD000B420C7F88020FB67F96FD7F8802041E81E
:106DE0000023BB67BB6F002BE1D17B681B681433AA
:106DF0003B663B6E53E8003FFB65FB6D23F04003B1
:106E0000C7F8B0307B681B681433D7F8B020FA6637
:106E1000BB66B96EFA6E41E800237B667B6E002B81
:106E2000E3D17B68202283F842207B6800221A632A
:106E30007B681B680C33FB64FB6C53E8003FBB644E
:106E4000BB6C23F01003C7F8AC307B681B680C33B5
:106E5000D7F8AC20BA657B65796DBA6D41E800233F
:106E60003B653B6D002BE3D17B68DB6B1846FCF781
:106E700040FB7B6802225A637B689A8D7B68DB8DBE
:106E80009BB2D31A9BB219467868FAF769FDB3E052
:106E90007B689B8DB7F8BE209A4240F0AD807B683E
:106EA000DB6BDB69B3F5807F40F0A6807B68022254
:106EB0005A637B689B8D19467868FAF751FD9BE011
:106EC0007B7100087B689A8D7B68DB8D9BB2D31A3F
:106ED000A7F8CE307B68DB8D9BB2002B00F08E8054
:106EE000B7F8CE30002B00F089807B681B680C332C
:106EF000BB63BB6B53E8003F7B637B6B23F49073F6
:106F0000C7F8C8307B681B680C33D7F8C8207A6490
:106F10003B64396C7A6C41E80023FB63FB6B002B0C
:106F2000E3D17B681B6814337B627B6A53E8003FC4
:106F30003B623B6A23F00103C7F8C4307B681B68DF
:106F40001433D7F8C4203A63FB62F96A3A6B41E81C
:106F50000023BB62BB6A002BE3D17B68202283F84D
:106F600042207B6800221A637B681B680C333B61FC
:106F70003B6953E8003FFB60FB6823F01003C7F850
:106F8000C0307B681B680C33D7F8C020FA61BB6146
:106F9000B969FA6941E800237B617B69002BE3D181
:106FA0007B6802225A63B7F8CE3019467868FAF740
:106FB000D7FC23E0D7F8E43003F08003002B09D09E
:106FC000D7F8E03003F08003002B03D0786800F09E
:106FD000E5F814E0D7F8E43003F04003002B0ED0BE
:106FE000D7F8E03003F04003002B08D0786800F0B9
:106FF00025F904E000BF02E000BF00E000BFE83771
:10700000BD4680BD80B483B000AF786000BF0C3750
:10701000BD465DF8047B704780B483B000AF7860F4
:1070200000BF0C37BD465DF8047B704780B483B069
:1070300000AF786000BF0C37BD465DF8047B704739
:1070400080B485B000AFF860B9601346FB80FB6880
:10705000BA689A62FB68FA889A85FB68FA88DA85CA
:10706000FB6800225A64FB68222283F84220FB68F6
:107070001B69002B07D0FB681B68DA68FB681B687C
:1070800042F48072DA60FB681B685A69FB681B680F
:1070900042F001025A61FB681B68DA68FB681B68F2
:1070A00042F02002DA60002318461437BD465DF82E
:1070B000047B704780B495B000AF78607B681B6834
:1070C0000C337B637B6B53E8003F3B633B6B23F4E8
:1070D0009073FB647B681B680C33FA6C3A64FB6347
:1070E000F96B3A6C41E80023BB63BB6B002BE5D125
:1070F0007B681B6814333B623B6A53E8003FFB61CB
:10710000FB6923F00103BB647B681B681433BA6C12
:10711000FA62BB62B96AFA6A41E800237B627B6A61
:10712000002BE5D17B681B6B012B19D17B681B6899
:107130000C33FB60FB6853E8003FBB60BB6823F087
:1071400010037B647B681B680C337A6CBA617B61CB
:107150007969BA6941E800233B613B69002BE5D1BD
:107160007B68202283F842207B6800221A6300BFDC
:107170005437BD465DF8047B704780B584B000AFDE
:1071800078607B689B6BFB60FB680022DA85F8689F
:10719000FFF74CFF00BF1037BD4680BD80B485B0FF
:1071A00000AF78607B6893F84130DBB2212B3ED191
:1071B0007B689B68B3F5805F14D17B681B69002BEB
:1071C00010D17B681B6AFB60FB681B881A467B68D2
:1071D0001B68C2F308025A607B681B6A9A1C7B68B2
:1071E0001A6208E07B681B6A591C7A6811621A7877
:1071F0007B681B685A607B68DB8C9BB2013B9BB24F
:107200007A681946D184002B0FD17B681B68DA6835
:107210007B681B6822F08002DA607B681B68DA6892
:107220007B681B6842F04002DA60002300E0022322
:1072300018461437BD465DF8047B704780B582B0B0
:1072400000AF78607B681B68DA687B681B6822F097
:107250004002DA607B68202283F841207868FFF7DB
:10726000D1FE002318460837BD4680BD80B58CB0DE
:1072700000AF78600023FB620023BB627B6893F859
:107280004230DBB2222B40F0AA807B689B68B3F5CA
:10729000805F15D17B681B69002B11D17B689B6ACD
:1072A000BB627B681B685B689BB2C3F308039AB23E
:1072B000BB6A1A807B689B6A9A1C7B689A6224E08E
:1072C0007B689B6AFB627B689B68B3F5805F07D035
:1072D0007B689B68002B0AD17B681B69002B06D159
:1072E0007B681B685B68DAB2FB6A1A7008E07B682F
:1072F0001B685B68DBB203F07F03DAB2FB6A1A70CB
:107300007B689B6A5A1C7B689A627B68DB8D9BB2A8
:10731000013B9BB27A681946D185002B5DD17B6811
:107320001B68DA687B681B6822F02002DA607B68E1
:107330001B68DA687B681B6822F48072DA607B68FD
:107340001B685A697B681B6822F001025A617B68DE
:10735000202283F842207B6800225A637B681B6BE3
:10736000012B35D17B6800221A637B681B680C33C4
:107370007B617B6953E8003F3B613B6923F010036D
:107380007B627B681B680C337A6A3A62FB61F9693D
:107390003A6A41E80023BB61BB69002BE5D17B68F9
:1073A0001B681B6803F01003102B0AD10023FB603D
:1073B0007B681B681B68FB607B681B685B68FB6005
:1073C000FB687B689B8D19467868FAF7C9FA02E07A
:1073D0007868FFF721FE002302E0002300E002238B
:1073E00018463037BD4680BD2DE9B04FC0B000AF64
:1073F000C7F8F400D7F8F4301B681B6923F4405039
:10740000D7F8F430D968D7F8F4301A6840EA0103A5
:107410001361D7F8F4309A68D7F8F4301B691A432F
:10742000D7F8F4305B691A43D7F8F430DB691343BB
:10743000C7F8F830D7F8F4301B68DB6823F416413E
:1074400021F00C01D7F8F4301A68D7F8F8300B4364
:10745000D360D7F8F4301B685B6923F44070D7F829
:10746000F4309969D7F8F4301A6840EA010353619F
:10747000D7F8F4301A688F4B9A4205D0D7F8F43019
:107480001A688D4B9A4204D1FEF74AF8C7F8FC00FF
:1074900003E0FEF731F8C7F8FC00D7F8F430DB69F9
:1074A000B3F5004F40F00C81D7F8FC300022C7F84C
:1074B000E830C7F8EC20D7E93A4522462B46911828
:1074C000B9655B41FB65D7E91623214612EB01083C
:1074D000294643EB01094FF000024FF000034FEA49
:1074E000C90343EA58734FEAC802904699462346B7
:1074F00018EB0303C7F8E0302B4649EB0303C7F84A
:10750000E430D7F8F4305B680022C7F8D830C7F809
:10751000DC20D7E936120B46DB183B65134642EBFD
:1075200003037B65D7E91423D7E93801F8F7C0FED8
:1075300002460B46614BA3FB02235B091C01D7F8F3
:10754000FC300022C7F8D030C7F8D420D7E93489FE
:1075500042464B469118B9645B41FB64D7E912235C
:10756000414612EB010A494643EB010B4FF0000282
:107570004FF000034FEACB0343EA5A734FEACA02C3
:1075800092469B4643461AEB0303C7F8C8304B4666
:107590004BEB0303C7F8CC30D7F8F4305B6800221C
:1075A000C7F8C030C7F8C420D7E930120B46DB1843
:1075B0003B64134642EB03037B64D7E91023D7E90E
:1075C0003201F8F775FE02460B4611463B4BA3FB12
:1075D00001235B09642202FB03F3CB1ADB0003F1F6
:1075E0003202364BA3FB02235B095B0003F4F87302
:1075F0001C44D7F8FC300022C7F8B830C7F8BC20CC
:10760000D7E92E8942464B469118B9635B41FB632B
:10761000D7E90E2341465118396349464B417B63F4
:107620004FF000024FF00003D7E90CAB5946CB00F6
:10763000514643EA51735146CA0010461946034663
:1076400042469B18C7F8B0304B460A4642EB03034C
:10765000C7F8B430D7F8F4305B680022C7F8A83018
:10766000C7F8AC20D7E92A120B46DB18BB621346D9
:1076700042EB0303FB62D7E90A23D7E92C01F8F7B1
:1076800017FE02460B460D4BA3FB02135B09642158
:1076900001FB03F3D31ADB003233084AA2FB0323B6
:1076A0005B0903F00702D7F8F4301B6822449A60A4
:1076B00006E100BF00100140001401401F85EB519E
:1076C000D7F8FC300022C7F8A030C7F8A420D7E9CB
:1076D000288942464B46911839625B417B62D7E963
:1076E000082341465418494643EB01054FF0000278
:1076F0004FF00003EB0043EA5473E20014461D46CA
:107700004346E318C7F898304B4645EB0303C7F8E8
:107710009C30D7F8F4305B680022C7F89030C7F887
:1077200094204FF000024FF00003D7E9244529468A
:107730008B00214643EA917321468A00D7E926014E
:10774000F8F7B6FD02460B46604BA3FB02235B092C
:107750001C01D7F8FC300022C7F88830C7F88C200D
:10776000D7E9228942464B469118B9615B41FB61DA
:10777000D7E9062341465118396149464B417B619F
:107780004FF000024FF00003D7E904AB5946CB009D
:10779000514643EA51735146CA0010461946034602
:1077A00042469B18C7F880304B460A4642EB03031B
:1077B000C7F88430D7F8F4305B680022BB67FA67FB
:1077C0004FF000024FF00003D7E91E8949468B00B5
:1077D000414643EA917341468A00D7E92001F8F710
:1077E00067FD02460B461146384BA3FB01235B099C
:1077F000642202FB03F3CB1A1B013233334AA2FB90
:1078000003235B0903F0F0031C44D7F8FC3000228B
:107810003B677A67D7E91C8942464B469118B960A5
:107820005B41FB60D7E90223414651183960494664
:107830004B417B604FF000024FF00003D7E900ABF3
:107840005946CB00514643EA51735146CA0010468F
:107850001946034642469B18BB664B460A4642EB16
:107860000303FB66D7F8F4305B6800223B667A6658
:107870004FF000024FF00003D7E9188949468B000A
:10788000414643EA917341468A00D7E91A01F8F765
:107890000FFD02460B460D4BA3FB02135B0964214F
:1078A00001FB03F3D31A1B013233084AA2FB032363
:1078B0005B0903F00F02D7F8F4301B6822449A608A
:1078C00000BF07F58077BD46BDE8B08F1F85EB513F
:1078D0000A22002100F07CB8242B2DE9F0478646CF
:1078E000904601D8012B06D100F0A2FB16230360BD
:1078F0000020BDE8F08734480D462A4615F8014BB4
:10790000065D16F00806F8D12D2C10D12C78012632
:10791000951C33F0100215D1302C0DD12A7802F0CD
:10792000DF02582A08D16C78023510230AE02B2C8C
:1079300004BF2C78951CECE7002BF6D1302C14BF3B
:107940000A23082306F1004C0CF1FF3C0022BCFB8B
:10795000F3F9104603FB19CAA4F13007092F0FD819
:107960003C46A3421BDD571C07D0814514D301D1EF
:10797000A24511DB00FB0340012215F8014BEBE7A8
:10798000A4F14107192F01D8373CEAE7A4F16107B8
:10799000192F04D8573CE4E74FF0FF32EDE7531CB2
:1079A00008D12223CEF800306046B8F1000FA0D0F5
:1079B000691E06E006B14042B8F1000F99D0002AD6
:1079C000F6D1C8F8001094E759A70008FFF784BF64
:1079D00013460A46014602480068FFF77DBF00BF14
:1079E00070000020002310B50446C0E90033C0E950
:1079F0000433836081814366C28183611946082212
:107A00005C3000F07FFA0D4B63620D4BA3620D4BAF
:107A1000E3620D4B23630D4B24629C4206D003F1BD
:107A20006802944202D0D0339C4205D104F1580040
:107A3000BDE8104000F026BB10BD00BF517D00081E
:107A4000777D0008AF7D0008D37D0008B0130020CB
:107A5000024A0349034800F069B800BF64000020EF
:107A6000299200087400002041680C4B994210B51F
:107A7000044601D001F0D8FBA168094B994202D01D
:107A8000204601F0D1FBE168064B994204D0204624
:107A9000BDE8104001F0C8BB10BD00BFB01300200E
:107AA000181400208014002010B50B4B0B4C0C4A0E
:107AB0001A60204600220421FFF794FF04F16800B9
:107AC00001220921FFF78EFF04F1D0000222BDE858
:107AD00010401221FFF786BFE8140020B0130020E9
:107AE000517A0008014800F0CEBA00BFF11400201E
:107AF000014800F0C9BA00BFF114002010B50446D7
:107B0000FFF7F0FF236A1BB1BDE81040FFF7F0BF9D
:107B1000044B2362044B1B68002BF5D1FFF7C4FF15
:107B2000F2E700BF697A0008E81400202DE9F84365
:107B30000746884614460026D4E90195B9F10109A3
:107B400005D52468002CF7D13046BDE8F883AB8911
:107B5000012B07D9B5F90E30013303D02946384639
:107B6000C04706436835E9E70FB407B5064904ABDB
:107B7000086853F8042B8168019300F0DFFE03B01E
:107B80005DF804EB04B0704770000020036A70B524
:107B9000846805460E460BB9FFF7B0FF636EDB073E
:107BA00005D4A389980502D4A06D00F06CFAA389CE
:107BB000190702D52369002B35D12146284600F04C
:107BC0004BF980B34FF0FF35636EDA0705D4A38914
:107BD0009B0502D4A06D00F057FA284670BD002B1B
:107BE00004DAA2699A4217DC0A2915D023685A1CC4
:107BF00022601970A36816F8011F013BA3600029D9
:107C0000EDD1002B11DA22460A21284600F0E5F8D2
:107C10000130D7D00A25D7E72246284600F0DDF804
:107C20000130E7D1CEE7013EE4E723685A1C226029
:107C30000A221A70EEE70000024B01461868FFF7AF
:107C4000A5BF00BF700000200CB430B5184B0C1E4F
:107C50001D689DB008DA8B232B604FF0FF301DB0FC
:107C6000BDE8304002B070474FF40273ADF81430F5
:107C70004FF000031B9314BF04F1FF33234604931A
:107C800007934FF6FF7302900690ADF81630209AD6
:107C900021AB02A92846019300F05AFB431CBCBF4C
:107CA0008B232B60002CDAD0029B00221A70D6E7BF
:107CB000700000200EB410B59DB01FAB029006906E
:107CC0006FF000410A48079104910A4953F8042BC8
:107CD0000591002402A9006801931B9400F038FB71
:107CE000029B1C701DB0BDE8104003B0704700BF80
:107CF000700000200802FFFF0EB470B59DB021ACEB
:107D000000254FF4017254F8046BADF814201B9554
:107D100002900690F8F76EFA0B4B039007900B4811
:107D20000B934FF6FF73ADF816303246234602A987
:107D300000680F951495019400F060FC1DB0BDE83B
:107D4000704003B0704700BF737D000870000020D2
:107D500010B50C46B1F90E1000F046F90028ABBF83
:107D6000636DA3891B1823F48053ACBF6365A381A3
:107D700010BD002070472DE9F0411F468B89DB05BF
:107D800005460C46164605D5B1F90E100223002211
:107D900000F018F9A389B4F90E1023F48053A381DD
:107DA00032463B462846BDE8F04100F02FB910B5F9
:107DB0000C46B1F90E1000F005F9431CA38915BF5C
:107DC000606523F4805343F48053A38118BFA381DB
:107DD00010BDB1F90E1000F0E5B8F8B50E46144626
:107DE000054618B1036A0BB9FFF788FEA369A360C3
:107DF000A3891A0701D5236943B92146284600F013
:107E00002BF818B14FF0FF373846F8BD23682269C8
:107E1000981A6369F6B28342374605DC2146284644
:107E200001F002FA0028EDD1A368013BA3602368AA
:107E30005A1C22601E706269431C9A4204D0A389B6
:107E4000DB07E1D50A2EDFD12146284601F0ECF907
:107E50000028D9D0D6E7000038B5294B0546186868
:107E60000C4618B1036A0BB9FFF748FEB4F90C30A1
:107E7000190722D4DA0607D409222A6043F0400306
:107E8000A3814FF0FF3033E0580712D5616B41B149
:107E900004F14403994202D0284600F005F900237A
:107EA0006363A38923F02403A38100236360236910
:107EB0002360A38943F00803A38123694BB9A389F5
:107EC00003F42073B3F5007F03D02146284601F068
:107ED000F9F9B4F90C3013F001020AD00022A260C3
:107EE00062695242A261226942B913F08000C5D191
:107EF00038BD990758BF6269A260F4E70020F7E730
:107F00007000002002440346934200D1704703F8FA
:107F1000011BF9E7C9B20346184613F8012B12B149
:107F20008A42F9D17047002918BF0020704710B568
:107F30006AB10139841810F8012B11F8013F9A42F7
:107F400003D1A04201D0002AF5D1D01A10BD1046AD
:107F5000FCE710B50139034632B111F8014F03F8BF
:107F6000014B013A002CF7D11A440021934200D171
:107F700010BD03F8011BF9E70A7870B56AB970BD46
:107F80009A4209D10C46054614F8013F002BF6D061
:107F900015F8016F9E42F7D001300378002BEFD126
:107FA0001846ECE738B5064D0023044608462B601A
:107FB000FAF7BBFB431C02D12B6803B1236038BD29
:107FC000EC14002038B5074D04460846114600223F
:107FD0002A601A46FAF7D0FB431C02D12B6803B182
:107FE000236038BDEC14002038B5074D0446084620
:107FF000114600222A601A46FAF75EFB431C02D1A2
:108000002B6803B1236038BDEC14002038B5074D50
:1080100004460846114600222A601A46FAF769FB10
:10802000431C02D12B6803B1236038BDEC1400203F
:10803000014B1868704700BF7000002070B50D4DEF
:108040000D4C641BA4100026A64209D10B4D0C4C0C
:1080500001F0DAFA641BA4100026A64205D170BD17
:1080600055F8043B98470136EEE755F8043B98472E
:108070000136F2E7B0A80008B0A80008B0A80008D0
:10808000B4A800087047704770470A44914200F155
:10809000FF3300D1704710B511F8014B03F8014FC1
:1080A0009142F9D110BD000038B50546002941D0F4
:1080B00051F8043C0C1F002BB8BFE41800F0E0F8A6
:1080C0001D4A136833B9636014602846BDE8384020
:1080D00000F0DCB8A34208D9206821188B4201BF08
:1080E00019685B6809182160EDE71A465B680BB1F7
:1080F000A342FAD911685018A0420BD1206801445C
:10810000501883421160E0D118685B6853600844DE
:108110001060DAE702D90C232B60D6E7206821181B
:108120008B4204BF19685B68636004BF0918216053
:108130005460CAE738BD00BFF814002070B50F4E78
:108140000C463168054611B901F0A8F930602146A6
:10815000284601F0A3F9431C03D14FF0FF34204619
:1081600070BDC41C24F00304A042F8D0211A284694
:1081700001F094F90130F2D1EFE700BFF4140020D0
:108180002DE9F843CD1C25F0030508350C2D38BF2B
:108190000C25002D064601DBA94204D90C233360CF
:1081A0000020BDE8F883DFF8D48000F069F8D8F843
:1081B00000301C4644BB29463046FFF7BFFF431C36
:1081C000044658D1D8F800402746002F43D1002C50
:1081D0004BD023683946304604EB030901F05EF9C1
:1081E000814542D121686D1A29463046FFF7A6FF26
:1081F00001303AD023682B442360D8F800305A6805
:1082000062BBC8F800700FE02268521B20D40B2A12
:1082100017D96119A342256018BF5960636808BF68
:10822000C8F8001062514B60304600F02FF804F19E
:108230000B00231D20F00700C21A1CBF1B1AA350FD
:10824000AFE76268A3420CBFC8F800205A60EBE7B2
:1082500023466468AEE73C467F68B6E71A465B682B
:10826000A342FBD100235360DEE70C23336030468A
:1082700000F00CF894E70560D6E700BFF814002082
:108280000148FFF700BF00BFF01400200148FFF7CE
:10829000FBBE00BFF01400202DE9F0478E681F469A
:1082A000BE420B6882460C4690462DD8B1F90C2090
:1082B00012F4906F26D06569096905EB4505A3EBBB
:1082C000010905EBD5757B1C4B446D109D4238BFF1
:1082D0001D46530527D52946FFF752FF064660B3D2
:1082E00021694A46FFF7D1FEA38923F4906343F046
:1082F0008003A381266165614E44A5EB09052660D4
:10830000A5603E46BE4200D93E4620683246414600
:1083100001F087F8A3689B1BA360236833442360A4
:108320000020BDE8F0872A4601F0C8F8064600287C
:10833000E0D121695046FFF7B7FE0C23CAF80030A0
:10834000A38943F04003A3814FF0FF30E9E7000029
:108350002DE9F04F98468B891B069DB007460D46C8
:10836000144610D50B6973B94021FFF709FF286047
:10837000286130B90C233B604FF0FF301DB0BDE8E1
:10838000F08F40236B610023099320238DF829305F
:10839000CDF80C803023DFF89C818DF82A304FF027
:1083A000010923469A4613F8012B0AB1252AF9D16F
:1083B000BAEB040B0BD05B46224629463846FFF742
:1083C0006BFF013000F0A780099A5A4409929AF88D
:1083D0000030002B00F09F8000234FF0FF32CDE9EA
:1083E00005230AF1010A049307938DF853301A9379
:1083F0005446052214F8011B4E48F7F709FF049A6A
:10840000D8B9D00644BF20238DF85330110744BF9C
:108410002B238DF853309AF800302A2B15D0079A69
:10842000544600204FF00A0C214611F8013B303B26
:10843000092B4BD9B0B1079214E0A0EB080309FA5D
:1084400003F313430493A246D2E7039B191D1B6851
:108450000391002BBBBF5B4242F0020207930793DC
:10846000B8BF049223782E2B0AD163782A2B32D1FD
:10847000039B1A1D1B68039243EAE37302340593BE
:10848000DFF8C0A0217803225046F7F7C1FE38B1CB
:10849000049BA0EB0A004022824013430134049362
:1084A00014F8011B24488DF828100622F7F7B0FEB7
:1084B000002836D0214B1BBB039B073323F0070357
:1084C00008330393099B334409936AE70CFB023298
:1084D0000C460120A8E700230134059319464FF00C
:1084E0000A0C204610F8012B303A092A03D9002B38
:1084F000C6D00591C4E70CFB012104460123F0E737
:1085000003AB00932A460E4B04A93846AFF3008014
:10851000421C0646D6D1AB895B063FF52DAF0998C4
:108520002CE703AB00932A46054B04A9384600F01C
:108530008BFBEDE759A8000863A8000800000000C5
:10854000998200085FA8000838B54B1C144603D177
:108550004FF0FF35284638BD938923F020039381DF
:10856000636B5268CDB28BB1A36B934208DD236875
:108570005A1E226003F8015C636801336360E9E717
:10858000214600F014FF0028F1D0E1E721692368BB
:1085900051B1994208D213F8011CA94204D1013B00
:1085A000013223606260D5E7C4E90F3204F144036D
:1085B00063630323A363234603F8465F2360012319
:1085C000DCE710B50C46496B69B104F144039942EC
:1085D00001D0FFF769FD236C63600020606313B175
:1085E000E36B236010BD2369236000236360A389CC
:1085F00043F02003A3814FF0FF30F3E72DE9F04F64
:108600000C46ADF5237D0021CDE94411A649A0918A
:108610000DF10408A549A64FCDF818810646A19191
:10862000009392F80090B9F1000F00F0588117F80C
:10863000093013F0080302F1010519D06368002B1B
:108640000FDD23681A78BA5C120701D42A46E8E7DE
:10865000459A0132459262680133013A62602360B3
:10866000ECE7A19B2146304698470028E9D0EDE78A
:10867000B9F1250F40F085804193439353782A2B1D
:1086800002BF1023951C41930A22AA461AF8011B27
:10869000A1F13003092B1ED9DFF818B20322584686
:1086A000F7F7B6FD38B1419AA0EB0B0001238340E8
:1086B00013434193554615F8013B782B06D8572BA9
:1086C00010D8252B5DD057D8002B75D003234793A6
:1086D0000A23429388E0439B02FB03113039439104
:1086E0005546D2E7A3F15802202AEFD801A151F84C
:1086F00022F000BFC7870008CD860008CD8600089D
:1087000021880008CD860008CD860008CD860008A7
:10871000CD860008CD860008CD860008CD860008ED
:10872000378800081D8800087F8700087F870008B9
:108730007F870008CD860008D9870008CD8600080D
:10874000CD860008CD860008CD8600084788000841
:10875000E1870008BF870008CD860008CD860008A5
:1087600043880008CD8600081D880008CD860008D3
:10877000CD860008C7870008453B022BA6D80523F5
:1087800031E06368002B0DDD23681A784A4540F01C
:10879000A680013362682360459B013A0133626021
:1087A000459353E7A19B2146304698470028EBD0DC
:1087B0004498002840F08B804FF0FF308BE0419AC6
:1087C00042F020024192419A42F4007241921022FA
:1087D0006E2B429202D905E000234293032302E06C
:1087E00008234293042347936368002B39DD419BA0
:1087F000590604D423681A78BA5C120738D4479B08
:10880000022B47DC6B46224641A9304600F03AFB7A
:10881000012864D002287FF419AFC9E70A22D7E7FC
:108820002946404600F08AFD419B43F040034193B6
:1088300005460123D7E7419B43F0400341930023C2
:10884000D1E70223CFE74198C3063FF5FFAE009B77
:10885000459A191D00911B68C0074CBF1A801A6009
:10886000F4E6A19B2146304698470028BFD09FE7F9
:10887000459A013245926268013A002A626002DD3F
:1088800001332360B6E7A19B214630469847002874
:10889000B0D08DE7042B0FDC6B46224641A9304651
:1088A00000F04AFBB4E700BF49850008C385000813
:1088B00059A700085FA800080A4B002B3FF4C6AE7A
:1088C0006B46224641A93046AFF30080A0E7A3895A
:1088D0005B063FF571AF0DF5237DBDE8F08F449841
:1088E000F9E700BF000000009368013B002B10B4C3
:1088F000936008DA9469A34201DB0A2903D15DF889
:10890000044BFFF76ABA1368581C106019700846C8
:108910005DF8044B7047F8B506460F461446D51867
:10892000AC4201D1002007E014F8011B3A46304662
:10893000FFF7DAFF431CF3D1F8BD00002DE9F04F3B
:108940000D469DB014469846064618B1036A0BB909
:10895000FFF7D4F86B6ED90705D4AB899A0502D41A
:10896000A86DFFF790FBAB891B0701D52B699BB95D
:1089700029463046FFF770FA70B16B6EDC0704D5FC
:108980004FF0FF301DB0BDE8F08FAB899805F7D4EC
:10899000A86DFFF779FBF3E70023099320238DF8F7
:1089A0002930CDF80C803023DFF8AC818DF82A30E7
:1089B0004FF0010923469A4613F8012B0AB1252AE4
:1089C000F9D1BAEB040B0BD05B4622462946304660
:1089D000FFF7A1FF013000F0A780099A5A440992DD
:1089E0009AF80030002B00F09F8000234FF0FF32F8
:1089F000CDE905230AF1010A049307938DF853305A
:108A00001A935446052214F8011B5348F7F700FC4B
:108A1000049AD8B9D10644BF20238DF853301307E8
:108A200044BF2B238DF853309AF800302A2B15D0F1
:108A3000079A544600204FF00A0C214611F8013BDA
:108A4000303B092B4BD9B0B1079214E0A0EB0803DF
:108A500009FA03F313430493A246D2E7039B191DBB
:108A60001B680391002BBBBF5B4242F002020793DD
:108A70000793B8BF049223782E2B0AD163782A2B50
:108A800032D1039B1A1D1B68039243EAE37302343D
:108A90000593DFF8D4A0217803225046F7F7B8FBFE
:108AA00038B1049BA0EB0A004022824013430134FA
:108AB000049314F8011B29488DF828100622F7F7B3
:108AC000A7FB00283FD0264B1BBB039B073323F09B
:108AD000070308330393099B3B4409936AE70CFBA4
:108AE00002320C460120A8E7002301340593194601
:108AF0004FF00A0C204610F8012B303A092A03D90E
:108B0000002BC6D00591C4E70CFB012104460123CC
:108B1000F0E703AB00932A46124B04A93046AFF3AB
:108B200000800746781CD6D16B6ED90705D4AB8977
:108B30009A0502D4A86DFFF7A7FAAB895B063FF54B
:108B40001FAF09981EE703AB00932A46054B04A903
:108B5000304600F079F8E4E759A8000863A8000857
:108B600000000000178900085FA800082DE9F04701
:108B7000164698468A680B69DDF820909342B8BF84
:108B80001346336091F8432007460C460AB101337F
:108B900033602368990642BF336802333360256827
:108BA00015F0060506D104F1190AE36832689B1A2C
:108BB000AB4226DC94F843302268003B18BF012307
:108BC00092062BD404F1430241463846C84701308F
:108BD0001ED02368226903F00603042B02BFE56858
:108BE0003368ED1AA3680CBF25EAE57500259342AA
:108BF000C4BF9B1AED1800261A34B5421AD10020C2
:108C000008E00123524641463846C847013003D1A7
:108C10004FF0FF30BDE8F0870135C6E7E1185A1C78
:108C2000302081F84300224494F8451082F8431024
:108C30000233C7E70123224641463846C847013080
:108C4000E6D00136D9E700002DE9FF470F7E0C9EE4
:108C5000782F914680460C469A4601F1430207D888
:108C6000622F0AD8002F00F0D180582F00F0B88072
:108C700004F1420684F842703AE0A7F16303152B31
:108C8000F6D801A151F823F0E18C0008F58C00081A
:108C9000718C0008718C0008718C0008718C0008C0
:108CA000F58C0008718C0008718C0008718C00082C
:108CB000718C0008F38D00081F8D0008AD8D000831
:108CC000718C0008718C0008158E0008718C0008EA
:108CD0001F8D0008718C0008718C0008B58D00088C
:108CE00033681A1D1B68326004F1420684F8423072
:108CF00001239CE033682068191D3160060601D508
:108D00001D6803E04506FBD5B3F90050002D03DADA
:108D10002D236D4284F8433058480A2311E021681E
:108D20003368080653F8045B02D4490648BFADB265
:108D30006F2F5248336014BF0A230823002184F8A0
:108D400043106668A660002E05DB21682E4321F0E3
:108D5000040121604BD01646B5FBF3F103FB11571C
:108D6000C75D06F8017D2F46BB420D46F4D9082B9E
:108D70000BD12368DF0708D5236961689942DEBFFC
:108D8000302306F8013C06F1FF36921B2261CDF834
:108D900000A04B4603AA21464046FFF7E7FE0130FC
:108DA0004AD14FF0FF3004B0BDE8F087236843F0AC
:108DB000200323603248782784F84570236831689F
:108DC0001F0651F8045B02D45F0648BFADB23160A4
:108DD000D90744BF43F0200323601DB11023ADE742
:108DE0002648E9E7236823F020032360F6E71646C8
:108DF000BDE7336825686169181D30602E061B6861
:108E000001D5196002E06806FBD5198000232361B3
:108E10001646BCE733681A1D32601E68626800217E
:108E20003046F7F7F5F908B1801B6060636823618D
:108E3000002384F84330AAE7236932464946404676
:108E4000D0470130ADD023689B0713D4E068039B63
:108E50009842B8BF1846A6E7012332464946404625
:108E6000D04701309DD00135E36803995B1AAB42CE
:108E7000F2DCEBE7002504F11906F5E76AA8000823
:108E80007BA800082DE9F84315468A6880460C4601
:108E900032B98A69002A14BF4FF0FF3201228A607A
:108EA0002268DFF89090D1065FBF1A68111D196023
:108EB00016680027A06988B1012807D12B681A78A5
:108EC00063699B5C53B9002F31D022E0022820D186
:108ED0002B681B7819F803301B071AD42368DA06AD
:108EE0005EBF2B681B7806F8013B2A686B6801326D
:108EF0002A60A268013B013A6B600137A26042B16F
:108F0000002BD7DCD4F8803129464046984700280A
:108F1000D0D0236813F0100305D1E2680132E2607B
:108F2000A26902B1337023693B4423610020BDE88C
:108F3000F88300BF59A700082DE9F04F9846744BFD
:108F40000C468246164693E8070087B003AB83E8D9
:108F50000700704BA169704A032908BF1A46A3682D
:108F600001925A1EB2F5AE7F88BF6FF4AE752746E8
:108F700082BF03EB050940F25D13A36057F81C3B69
:108F800043F4506398BF4FF0000923603D464FF013
:108F9000000B316803AB097853F82B000222F7F776
:108FA00037F928B3BBF1010F59D162682AB9226899
:108FB000082142F4007261602260226822F4A062FB
:108FC0002260A268511EA16092B13268511C3160CA
:108FD000127805F8012B7268013A002A726007DCEA
:108FE000D4F88021314650469047002840F08580D3
:108FF0000BF1010BBBF1030FCBD163680BB90A2353
:109000006360636845496069C91A00F097F94FF0D9
:10901000000BA3682268002B3DD03168606991F88D
:1090200000C010F80C00002835D0BCF1300F24D15E
:10903000100522D50BF1010BB9F1000F03D001335C
:1090400009F1FF39A3607368013B002B73601BDDDE
:10905000336801333360A368013BA360D9E7BBF1F8
:10906000020FAED1226802F4C061B1F5007FC4D115
:109070001021616042F48072A2E722F41062226043
:109080000B7805F8013BDEE7D4F8803131465046D5
:1090900098470028DFD02368D9050DD5BD4209D9EE
:1090A00015F8011CD4F87C3132465046984705F13A
:1090B000FF394D46BD4228D0226812F0100213D16C
:1090C0002A706368019E39465046B047D8F8003090
:1090D00021681A1DC8F8002011F0200F1B680FD05E
:1090E0001860E3680133E3602369ED1B5D442B44A2
:1090F0002361002007B0BDE8F08F4FF0000BCAE7F6
:10910000CA074CBF18801860EBE70120F2E700BFE8
:1091100034A70008CD790008F59500089CA8000840
:10912000B1F90C202DE9F041160705460C4654D440
:109130004B68002B02DC0B6C002B48DDE66A002E2E
:1091400045D0002312F480522F68216A2B6030D062
:10915000626DA389590705D56368D21A636B0BB199
:10916000236CD21A0023E66A216A2846B047431CC2
:10917000A38906D129681D292BD82A4ACA40D607B7
:1091800027D500226260D9042269226004D5421CDE
:1091900001D12B6803B96065616B2F60B9B104F12F
:1091A0004403994202D02846FEF77EFF0023636302
:1091B0000DE001232846B0470246501CC9D12B6858
:1091C000002BC6D01D2B01D0162B1ED12F600020E6
:1091D00022E043F040031BB21BE00F69002FF6D0E2
:1091E00093070E6808BF4B690F6018BF0023A6EBFA
:1091F00007088B60B8F1000FE9DD216AA66A4346D3
:109200003A462846B047002808DCB4F90C3043F051
:109210004003A3814FF0FF30BDE8F0810744A8EB85
:109220000008E7E70100402038B50B6905460C4609
:1092300013B90025284638BD18B1036A0BB9FEF7EB
:109240005DFCB4F90C30002BF3D0626ED00704D46F
:10925000990502D4A06DFEF716FF28462146FFF7B8
:109260005FFF636EDA070546E4D4A3899B05E1D46A
:10927000A06DFEF709FFDDE770B50C46B1F90E10E1
:10928000002996B015461E460DDAA38913F0800F0B
:109290004FF0000114BF40234FF480630020316081
:1092A0002B6016B070BD6A4600F0D6F80028ECDBE3
:1092B000019901F47041A1F50053594259414FF40D
:1092C0008063EBE78B89F7B59D0706460C4607D50B
:1092D00004F14703236023610123636103B0F0BD00
:1092E00001AB6A46FFF7C8FF009F05463946304686
:1092F000FEF746FF48B9B4F90C309A05EED423F0D6
:10930000030343F00203A381E2E7A389206043F053
:109310008003A381019BC4E904075BB1B4F90E107B
:10932000304600F0ABF828B1A38923F0030343F0E3
:109330000103A381A3891D43A581CFE770B50B78F5
:1093400004465E2B0BBF4B784A1C8A1C002108BFC9
:109350000121013804F1FF0500F8011FA842FBD1EB
:109360000BB9501E70BD81F00101E1541046024658
:1093700012F8015B2D2D05D05D2D16D0002DF1D0FA
:109380002B46F2E746785D2EFAD0B342F8DC023085
:109390001A4601329642A154FBDCF21A013A5D1CD6
:1093A000B342A8BF0022AB18E1E71046DAE72DE987
:1093B000F0410C46496B04F1440399421DD14FF42E
:1093C0008061FEF7DDFE18B94FF0FF30BDE8F08197
:1093D0004FF48063A36394F84630606380F8FF33F2
:1093E00094F8453080F8FE3394F8443080F8FD332B
:1093F00000F2FD3020600020E8E7A66B77003A46D7
:1094000000F05CF805460028DED000EB06080146B7
:1094100032464046FEF739FEC4E90D57C4F80080D5
:10942000E9E7884210B501EB020402D984422346E1
:1094300007D8431EA14208D011F8012B03F8012FD1
:10944000F8E7024401468A4200D110BD13F8014DED
:1094500002F8014DF7E7000038B5074D0023044638
:10946000084611462B60F9F76CF9431C02D12B68B2
:1094700003B1236038BD00BFEC14002038B5064DA1
:109480000023044608462B60F9F76BF9431C02D110
:109490002B6803B1236038BDEC14002038B5064DAD
:1094A0000023044608462B60F9F774F9431C02D1E7
:1094B0002B6803B1236038BDEC1400202DE9F04186
:1094C000074614460D4621B9BDE8F0411146FEF7A6
:1094D00057BE2AB9FEF7E8FD25462846BDE8F081CB
:1094E00000F08AF88442064602D8B4EB500FF4D854
:1094F00021463846FEF744FE804608B94546ECE76B
:10950000B4422246294628BF3246FEF7BEFD294610
:109510003846FEF7C9FDF1E72DE9F043344E8646A3
:109520000D46284615F8014B375D17F00807F8D1AE
:109530002D2C10D12C780127851C33F0100015D16B
:10954000302C0DD1287800F0DF00582808D16C7835
:10955000023510230AE02B2C04BF2C78851CECE785
:10956000002BF6D1302C14BF0A2308234FF0FF380C
:109570000026B8FBF3F803FB08F96FEA0909304647
:10958000A4F1300CBCF1090F10D86446A3421EDDD3
:10959000B6F1FF3F07D0804516D301D1A14513DBBB
:1095A00000FB0340012615F8014BE9E7A4F1410C4B
:1095B000BCF1190F01D8373CE8E7A4F1610CBCF10C
:1095C000190F04D8573CE1E74FF0FF36EBE7731C67
:1095D00006D12223CEF80030304632B9BDE8F08300
:1095E00007B14042002AF9D006B1691E1160F5E7C3
:1095F00059A70008FFF790BF51F8043C181F002B33
:10960000BCBF0B58C0187047F8B500BFF8BC08BC09
:109610009E467047F8B500BFF8BC08BC9E46704730
:10962000436F6E74656E742D4C656E6774683A0096
:109630000D0A0D0A0000000000000000253773200D
:109640002536337300000000474554002F0000000A
:109650002F6C6F67696E00006572723D310000000B
:109660002F73657474696E67730000002F6C6F67E9
:109670006F757400504F535400000000757365728D
:109680006E616D650000000070617373776F7264C6
:1096900000000000486F7573746F6E00564B4031C8
:1096A000323300002F6C6F67696E3F6572723D3117
:1096B0000000000069700000736E00006777000012
:1096C000496E76616C696420616464726573732E9F
:1096D00020456E7465722076616C696420646F74D5
:1096E0007465642D646563696D616C2049502F5306
:1096F00075626E65742F4761746577617920766154
:109700006C7565732E000000485454502F312E3173
:109710002025730D0A436F6E74656E742D54797035
:10972000653A20746578742F68746D6C3B206368AB
:1097300061727365743D7574662D380D0A436F6EE2
:1097400074656E742D4C656E6774683A2025640DDF
:109750000A436F6E6E656374696F6E3A20636C6F57
:1097600073650D0A25730D0A000000004C6F6361DC
:1097700074696F6E3A2025730D0A00003330322071
:10978000466F756E640000003C68313E3430342012
:109790004E6F7420466F756E643C2F68313E00003A
:1097A000343034204E6F7420466F756E64000000B4
:1097B0003C64697620636C6173733D276572722720
:1097C0003E496E76616C696420757365726E616D79
:1097D00065206F722070617373776F72642E3C2FF7
:1097E0006469763E000000003C21444F43545950C8
:1097F000452068746D6C3E3C68746D6C3E3C6865D9
:1098000061643E3C7469746C653E486F7573746F37
:109810006E205152205363616E6E6572202D204C74
:109820006F67696E3C2F7469746C653E3C6D65743E
:1098300061206E616D653D2776696577706F727422
:109840002720636F6E74656E743D27776964746852
:109850003D6465766963652D77696474682C206959
:109860006E697469616C2D7363616C653D31273E6F
:109870003C7374796C653E626F64797B666F6E745D
:109880002D66616D696C793A5365676F652055493E
:109890002C417269616C2C73616E732D73657269F2
:1098A000663B6261636B67726F756E643A23306604
:1098B000313732613B646973706C61793A666C650B
:1098C000783B616C69676E2D6974656D733A636589
:1098D0006E7465723B6A7573746966792D636F6E19
:1098E00074656E743A63656E7465723B686569672A
:1098F00068743A31303076683B6D617267696E3AF0
:10990000303B7D2E636172647B6261636B67726F53
:10991000756E643A236666663B70616464696E675F
:109920003A3332707820333670783B626F726465F8
:10993000722D7261646975733A313070783B626F71
:10994000782D736861646F773A30203130707820F9
:1099500033307078207267626128302C302C302CC4
:109960002E33293B77696474683A33303070783B22
:109970007D68317B666F6E742D73697A653A32301B
:1099800070783B6D617267696E3A302030203470B8
:10999000783B636F6C6F723A233066313732613BCC
:1099A0007D702E7375627B636F6C6F723A233634F1
:1099B000373438623B666F6E742D73697A653A315D
:1099C0003370783B6D617267696E3A3020302032B7
:1099D0003070783B7D6C6162656C7B666F6E742D58
:1099E00073697A653A313370783B636F6C6F723AA2
:1099F000233333343135353B646973706C61793AA4
:109A0000626C6F636B3B6D617267696E2D626F7420
:109A1000746F6D3A3470783B7D696E7075747B77C6
:109A2000696474683A31303025253B70616464693B
:109A30006E673A39707820313070783B6D617267AB
:109A4000696E2D626F74746F6D3A313470783B6259
:109A50006F726465723A31707820736F6C6964203C
:109A6000236362643565313B626F726465722D7287
:109A700061646975733A3670783B626F782D7369EB
:109A80007A696E673A626F726465722D626F783BB5
:109A9000666F6E742D73697A653A313470783B7DE8
:109AA000627574746F6E7B77696474683A313030B4
:109AB00025253B70616464696E673A313070783B8C
:109AC0006261636B67726F756E643A233235363349
:109AD00065623B636F6C6F723A236666663B626FCA
:109AE000726465723A6E6F6E653B626F7264657226
:109AF0002D7261646975733A3670783B666F6E7467
:109B00002D73697A653A313470783B637572736F7F
:109B1000723A706F696E7465723B7D627574746FB2
:109B20006E3A686F7665727B6261636B67726F75A0
:109B30006E643A233164346564383B7D2E657272FD
:109B40007B6261636B67726F756E643A23666566EC
:109B50003266323B636F6C6F723A23623931633124
:109B6000633B626F726465723A31707820736F6C18
:109B7000696420236665636163613B706164646945
:109B80006E673A38707820313070783B626F72645B
:109B900065722D7261646975733A3670783B666FD1
:109BA0006E742D73697A653A313370783B6D6172EA
:109BB00067696E2D626F74746F6D3A313470783BE3
:109BC0007D3C2F7374796C653E3C2F686561643E03
:109BD0003C626F64793E3C64697620636C617373A8
:109BE0003D2763617264273E3C68313E486F757360
:109BF000746F6E205152205363616E6E65723C2FFC
:109C000068313E3C7020636C6173733D27737562ED
:109C1000273E4E6574776F726B20636F6E6669675F
:109C200075726174696F6E206C6F67696E3C2F701E
:109C30003E25733C666F726D206D6574686F643D80
:109C400027504F53542720616374696F6E3D272F4F
:109C50006C6F67696E273E3C6C6162656C3E416467
:109C60006D696E20757365726E616D653C2F6C61F8
:109C700062656C3E3C696E70757420747970653DE8
:109C8000277465787427206E616D653D277573654F
:109C9000726E616D6527206175746F636F6D706C96
:109CA0006574653D27757365726E616D65272072F9
:109CB000657175697265643E3C6C6162656C3E50AD
:109CC000617373776F72643C2F6C6162656C3E3CAC
:109CD000696E70757420747970653D277061737357
:109CE000776F726427206E616D653D2770617373B5
:109CF000776F726427206175746F636F6D706C6528
:109D000074653D2763757272656E742D706173732F
:109D1000776F7264272072657175697265643E3C65
:109D2000627574746F6E20747970653D2773756207
:109D30006D6974273E4C6F67696E3C2F6275747451
:109D40006F6E3E3C2F666F726D3E3C2F6469763EAF
:109D50003C2F626F64793E3C2F68746D6C3E00004E
:109D6000323030204F4B0000657272006F6B000084
:109D70003C64697620636C6173733D272573273ECD
:109D800025733C2F6469763E000000003C21444F5F
:109D900043545950452068746D6C3E3C68746D6C3A
:109DA0003E3C686561643E3C7469746C653E486F16
:109DB0007573746F6E205152205363616E6E6572BD
:109DC000202D2053657474696E67733C2F74697419
:109DD0006C653E3C6D657461206E616D653D2776F6
:109DE000696577706F72742720636F6E74656E7427
:109DF0003D2777696474683D6465766963652D778E
:109E0000696474682C20696E697469616C2D736370
:109E1000616C653D31273E3C7374796C653E626FC1
:109E200064797B666F6E742D66616D696C793A53E7
:109E300065676F652055492C417269616C2C7361AF
:109E40006E732D73657269663B6261636B67726FD7
:109E5000756E643A233066313732613B64697370E2
:109E60006C61793A666C65783B616C69676E2D69E7
:109E700074656D733A63656E7465723B6A7573746D
:109E80006966792D636F6E74656E743A63656E747E
:109E900065723B6865696768743A31303076683B53
:109EA0006D617267696E3A303B7D2E636172647BCF
:109EB0006261636B67726F756E643A236666663BB8
:109EC00070616464696E673A33327078203336703B
:109ED000783B626F726465722D7261646975733A62
:109EE000313070783B626F782D736861646F773AB8
:109EF00030203130707820333070782072676261A2
:109F000028302C302C302C2E33293B776964746830
:109F10003A33343070783B7D68317B666F6E742DD8
:109F200073697A653A323070783B6D617267696E39
:109F30003A302030203470783B636F6C6F723A2374
:109F40003066313732613B7D702E7375627B636F93
:109F50006C6F723A233634373438623B666F6E74F6
:109F60002D73697A653A313370783B6D6172676938
:109F70006E3A30203020313870783B7D6C616265FC
:109F80006C7B666F6E742D73697A653A31337078C5
:109F90003B636F6C6F723A233333343135353B6436
:109FA0006973706C61793A626C6F636B3B6D61725F
:109FB00067696E2D626F74746F6D3A3470783B7D93
:109FC000696E7075747B77696474683A31303025D6
:109FD000253B70616464696E673A3970782031306E
:109FE00070783B6D617267696E2D626F74746F6D0E
:109FF0003A313470783B626F726465723A317078CE
:10A0000020736F6C696420236362643565313B6241
:10A010006F726465722D7261646975733A36707817
:10A020003B626F782D73697A696E673A626F72640A
:10A0300065722D626F783B666F6E742D73697A65F9
:10A040003A313470783B7D627574746F6E7B7769DA
:10A050006474683A31303025253B70616464696E00
:10A06000673A313070783B6261636B67726F756E0F
:10A07000643A233235363365623B636F6C6F723AF4
:10A08000236666663B626F726465723A6E6F6E65D8
:10A090003B626F726465722D7261646975733A36E2
:10A0A00070783B666F6E742D73697A653A313470DF
:10A0B000783B637572736F723A706F696E74657214
:10A0C0003B6D617267696E2D626F74746F6D3A38A3
:10A0D00070783B7D627574746F6E3A686F766572E6
:10A0E0007B6261636B67726F756E643A23316434AF
:10A0F0006564383B7D612E6C6F676F75747B646936
:10A1000073706C61793A626C6F636B3B74657874E1
:10A110002D616C69676E3A63656E7465723B636F3F
:10A120006C6F723A233634373438623B666F6E7424
:10A130002D73697A653A313370783B746578742D84
:10A140006465636F726174696F6E3A6E6F6E653BC2
:10A150007D2E6572727B6261636B67726F756E6470
:10A160003A236665663266323B636F6C6F723A23E0
:10A170006239316331633B626F726465723A317088
:10A180007820736F6C696420236665636163613B4B
:10A1900070616464696E673A387078203130707825
:10A1A0003B626F726465722D7261646975733A36D1
:10A1B00070783B666F6E742D73697A653A313370CF
:10A1C000783B6D617267696E2D626F74746F6D3A62
:10A1D000313470783B7D2E6F6B7B6261636B67728D
:10A1E0006F756E643A236630666466343B636F6CE9
:10A1F0006F723A233135383033643B626F72646575
:10A20000723A31707820736F6C69642023626266E1
:10A210003764303B70616464696E673A38707820E7
:10A22000313070783B626F726465722D726164695F
:10A2300075733A3670783B666F6E742D73697A6504
:10A240003A313370783B6D617267696E2D626F745D
:10A25000746F6D3A313470783B7D3C2F7374796C38
:10A26000653E3C2F686561643E3C626F64793E3CAC
:10A2700064697620636C6173733D27636172642740
:10A280003E3C68313E4E6574776F726B2053657447
:10A2900074696E67733C2F68313E3C7020636C615B
:10A2A00073733D27737562273E4D4143202530323D
:10A2B000583A253032583A253032583A25303258FB
:10A2C0003A253032583A253032583C2F703E2573AB
:10A2D0003C666F726D206D6574686F643D27504FEA
:10A2E00053542720616374696F6E3D272F73657423
:10A2F00074696E6773273E3C6C6162656C3E4950C1
:10A3000020416464726573733C2F6C6162656C3EBE
:10A310003C696E70757420747970653D277465783A
:10A320007427206E616D653D276970272076616C0A
:10A3300075653D2725642E25642E25642E2564270A
:10A340002072657175697265643E3C6C6162656C12
:10A350003E5375626E6574204D61736B3C2F6C616A
:10A3600062656C3E3C696E70757420747970653DF1
:10A37000277465787427206E616D653D27736E279D
:10A380002076616C75653D2725642E25642E256435
:10A390002E2564272072657175697265643E3C6C78
:10A3A0006162656C3E476174657761793C2F6C61D1
:10A3B00062656C3E3C696E70757420747970653DA1
:10A3C000277465787427206E616D653D2767772750
:10A3D0002076616C75653D2725642E25642E2564E5
:10A3E0002E2564272072657175697265643E3C6232
:10A3F0007574746F6E20747970653D277375626D26
:10A400006974273E536176652026616D703B20524A
:10A4100065626F6F743C2F627574746F6E3E3C2F73
:10A42000666F726D3E3C6120636C6173733D276C97
:10A430006F676F75742720687265663D272F6C6F94
:10A44000676F7574273E4C6F676F75743C2F613E64
:10A450003C2F6469763E3C2F626F64793E3C2F68E6
:10A46000746D6C3E000000003C21444F4354595031
:10A47000452068746D6C3E3C68746D6C3E3C68654C
:10A4800061643E3C7469746C653E53617665643CFE
:10A490002F7469746C653E3C6D657461206E616DEE
:10A4A000653D2776696577706F72742720636F6EDC
:10A4B00074656E743D2777696474683D6465766978
:10A4C00063652D77696474682C20696E69746961AD
:10A4D0006C2D7363616C653D31273E3C7374796C00
:10A4E000653E626F64797B666F6E742D66616D691F
:10A4F0006C793A5365676F652055492C41726961E3
:10A500006C2C73616E732D73657269663B62616357
:10A510006B67726F756E643A233066313732613B18
:10A52000646973706C61793A666C65783B616C69DB
:10A53000676E2D6974656D733A63656E7465723B01
:10A540006A7573746966792D636F6E74656E743A9B
:10A5500063656E7465723B6865696768743A31302B
:10A560003076683B6D617267696E3A303B636F6C41
:10A570006F723A236666663B746578742D616C6908
:10A58000676E3A63656E7465723B7D2E63617264BB
:10A590007B6261636B67726F756E643A2366666691
:10A5A0003B636F6C6F723A233066313732613B70B8
:10A5B000616464696E673A3332707820333670783C
:10A5C0003B626F726465722D7261646975733A31B2
:10A5D0003070783B626F782D736861646F773A30C2
:10A5E00020313070782033307078207267626128B3
:10A5F000302C302C302C2E33293B77696474683A28
:10A6000033303070783B7D3C2F7374796C653E3C01
:10A610002F686561643E3C626F64793E3C64697694
:10A6200020636C6173733D2763617264273E3C68ED
:10A63000313E53617665643C2F68313E3C703E4E3E
:10A640006577206E6574776F726B207365747469BB
:10A650006E67732073617665642E2054686520648C
:10A660006576696365206973207265626F6F7469CE
:10A670006E6720616E642077696C6C20636F6D6516
:10A68000207570206F6E20746865206E6577204994
:10A690005020616464726573732073686F72746CA8
:10A6A000792E3C2F703E3C2F6469763E3C2F626FC2
:10A6B00064793E3C2F68746D6C3E000025642E2545
:10A6C000642E25642E25642563000000436C6965B3
:10A6D0006E7420636F6E6E65637465640D000000B8
:10A6E00052656365697665643A2025730D0A00003A
:10A6F0007C4F50454E454E250D0A00007C4F4B25A2
:10A700000A0000007C484C54250A00005152000009
:10A71000454E44007C454E51522D257325250A0097
:10A720000009DCABCDEF0000C0A80164FFFFFF0013
:10A73000C0A801019EA80008A1A80008A4A80008BC
:10A7400000000000000000000102030406070809E1
:10A75000000000000102030400202020202020200F
:10A7600020202828282828202020202020202020C1
:10A7700020202020202020202088101010101010D1
:10A78000101010101010101010040404040404041D
:10A7900004040410101010101010414141414141B7
:10A7A0000101010101010101010101010101010199
:10A7B00001010101101010101010424242424242A9
:10A7C0000202020202020202020202020202020269
:10A7D0000202020210101010200000000000000011
:10A7E0000000000000000000000000000000000069
:10A7F0000000000000000000000000000000000059
:10A800000000000000000000000000000000000048
:10A810000000000000000000000000000000000038
:10A820000000000000000000000000000000000028
:10A830000000000000000000000000000000000018
:10A840000000000000000000000000000000000008
:10A85000000000000000000000232D302B200068C5
:10A860006C4C0065666745464700303132333435FD
:10A87000363738394142434445460030313233346B
:10A88000353637383961626364656600412D46614B
:10A890002D66383930313233343536375D002B2D63
:08A8A000003030007858000080
:08A8A8003859FF7F0100000098
:04A8B000C5010008D6
:04A8B400A1010008F6
:10A8B800020202020202020200C000000024F400A8
:10A8C800000257353530300000000000652D0008C3
:10A8D800732D0008812D00088F2D00089D2D00087C
:10A8E800B72D000800000000000000001000000064
:10A8F800010000000000000000000000000000004F
:10A90800000000000100000000000000000000003E
:10A91800000000000000000003000000B013002049
:10A928007400002000000000B0130020181400205C
:10A93800801400200000000000000000000000005B
:10A9480000000000000000000000000000000000FF
:10A9580000000000000000000000000000000000EF
:10A9680000000000000000000000000000000000DF
:04000005080031516D
:00000001FF
